Date,OIS Score
2004-01-05,-60.66044854
2004-01-06,-11.22657233
2004-01-07,0.501539698
2004-01-08,9.820128246
2004-01-09,13.00135459
2004-01-12,19.69533879
2004-01-13,35.41134433
2004-01-14,18.61652003
2004-01-15,13.94890847
2004-01-16,7.596944329
2004-01-20,15.98282337
2004-01-21,4.197747149
2004-01-22,12.08008494
2004-01-23,18.24506079
2004-01-26,1.554438224
2004-01-27,3.692132816
2004-01-28,4.37996745
2004-01-29,10.56010233
2004-01-30,9.909541899
2004-02-02,18.49931942
2004-02-03,26.26369828
2004-02-04,28.45602996
2004-02-05,31.26228495
2004-02-06,2.34441877
2004-02-09,10.52497851
2004-02-10,8.473225555
2004-02-11,-3.72107086
2004-02-12,-1.895206217
2004-02-13,2.894811764
2004-02-17,-3.467584304
2004-02-18,1.736132284
2004-02-19,7.496016015
2004-02-20,15.05870201
2004-02-23,22.6006909
2004-02-24,24.6618677
2004-02-25,18.97273191
2004-02-26,23.9481221
2004-02-27,27.21948942
2004-03-01,16.16194555
2004-03-02,19.99530289
2004-03-03,21.26242259
2004-03-04,23.00215384
2004-03-05,28.59178497
2004-03-08,35.69587518
2004-03-09,43.88553693
2004-03-10,42.69634414
2004-03-11,44.06451971
2004-03-12,11.19367271
2004-03-15,26.79681068
2004-03-16,20.52354927
2004-03-17,-7.943344364
2004-03-18,0.69214823
2004-03-19,1.432456402
2004-03-22,17.93707396
2004-03-23,14.11861707
2004-03-24,10.97543747
2004-03-25,-22.93185132
2004-03-26,-22.20595953
2004-03-29,-36.67396594
2004-03-30,-33.16970229
2004-03-31,-21.2217398
2004-04-01,-17.27990997
2004-04-02,-26.2394063
2004-04-05,-30.23987721
2004-04-06,-18.6710725
2004-04-07,-10.30455806
2004-04-08,3.52373908
2004-04-12,-1.046043283
2004-04-13,6.543625167
2004-04-14,-2.996293891
2004-04-15,4.913038522
2004-04-16,0.421212663
2004-04-19,11.73148037
2004-04-20,4.591777608
2004-04-21,-2.986378931
2004-04-22,-25.20016981
2004-04-23,-25.52104696
2004-04-26,-13.86510954
2004-04-27,-5.996804961
2004-04-28,-6.904786302
2004-04-29,-4.207938572
2004-04-30,3.55728089
2004-05-03,-4.407907076
2004-05-04,0.267232628
2004-05-05,-1.974343342
2004-05-06,11.53640732
2004-05-07,9.919703233
2004-05-10,22.23129663
2004-05-11,11.13897193
2004-05-12,12.97207221
2004-05-13,26.30666195
2004-05-14,29.05090579
2004-05-17,37.81158018
2004-05-18,33.3762739
2004-05-19,35.6161728
2004-05-20,39.44643689
2004-05-21,41.96159094
2004-05-24,43.42856294
2004-05-25,-0.384606744
2004-05-26,5.032821475
2004-05-27,0.636998092
2004-05-28,8.416639449
2004-06-01,22.2067738
2004-06-02,24.01032299
2004-06-03,31.47324793
2004-06-04,31.02786775
2004-06-07,-4.127504232
2004-06-08,-2.823213048
2004-06-09,-3.45674051
2004-06-10,-4.548045763
2004-06-14,0.564222398
2004-06-15,-8.416433048
2004-06-16,-6.020006957
2004-06-17,3.034548938
2004-06-18,5.88500742
2004-06-21,11.52740301
2004-06-22,5.762718502
2004-06-23,-1.320770061
2004-06-24,11.57069569
2004-06-25,17.35738476
2004-06-28,31.018435
2004-06-29,29.24721235
2004-06-30,20.47361926
2004-07-01,18.94963653
2004-07-02,21.6455258
2004-07-06,30.04676372
2004-07-07,30.47895232
2004-07-08,30.78249468
2004-07-09,29.23636409
2004-07-12,25.25243297
2004-07-13,24.48013382
2004-07-14,19.83317032
2004-07-15,29.94561115
2004-07-16,26.0947978
2004-07-19,38.28381279
2004-07-20,23.97438023
2004-07-21,26.84619767
2004-07-22,23.0677522
2004-07-23,23.48695574
2004-07-26,34.78700106
2004-07-27,20.20466903
2004-07-28,20.25382659
2004-07-29,17.28852837
2004-07-30,18.23761721
2004-08-02,20.78678095
2004-08-03,26.40507009
2004-08-04,32.66418364
2004-08-05,27.48058679
2004-08-06,20.18197479
2004-08-09,19.600134
2004-08-10,-4.398644578
2004-08-11,5.212194976
2004-08-12,9.070598037
2004-08-13,3.306222938
2004-08-16,-10.50429352
2004-08-17,-10.59629748
2004-08-18,-24.96240394
2004-08-19,-12.49754444
2004-08-20,-19.86339164
2004-08-23,-15.18000594
2004-08-24,-14.03034526
2004-08-25,-17.81032373
2004-08-26,-11.76158071
2004-08-27,-7.468387881
2004-08-30,-0.519817734
2004-08-31,2.736464182
2004-09-01,6.303537472
2004-09-02,-7.372366521
2004-09-03,-5.553177309
2004-09-07,-2.768454807
2004-09-08,0.53077796
2004-09-09,5.789795439
2004-09-10,5.554540529
2004-09-13,5.149199776
2004-09-14,13.71670794
2004-09-15,22.32976557
2004-09-16,23.2359273
2004-09-17,21.26061567
2004-09-20,24.30068797
2004-09-21,14.69056553
2004-09-22,5.202730106
2004-09-23,7.017222855
2004-09-24,5.668454766
2004-09-27,8.668884564
2004-09-28,0.745907071
2004-09-29,-3.260000068
2004-09-30,2.603634724
2004-10-01,-24.74589822
2004-10-04,-14.93129927
2004-10-05,-5.336314869
2004-10-06,-13.01177666
2004-10-07,-7.423413279
2004-10-08,-3.542179737
2004-10-11,-2.764888055
2004-10-12,4.92256899
2004-10-13,7.252822607
2004-10-14,12.91255845
2004-10-15,1.92694042
2004-10-18,0.8608944
2004-10-19,0.142290532
2004-10-20,2.937958041
2004-10-21,4.739692174
2004-10-22,5.794703011
2004-10-25,23.71600183
2004-10-26,4.136604153
2004-10-27,-12.40156446
2004-10-28,-10.96429308
2004-10-29,2.725150212
2004-11-01,8.852579184
2004-11-02,13.52108284
2004-11-03,-17.05307751
2004-11-04,-35.70494472
2004-11-05,-33.17585637
2004-11-08,-28.32300866
2004-11-09,-24.58992416
2004-11-10,-23.92100299
2004-11-11,-28.0886797
2004-11-12,-27.78619761
2004-11-15,-21.42983429
2004-11-16,-22.82061011
2004-11-17,-20.10184298
2004-11-18,-16.53234692
2004-11-19,-19.29824775
2004-11-22,-22.1042659
2004-11-23,-18.84028111
2004-11-24,-13.98401729
2004-11-26,-7.511338434
2004-11-29,1.147949694
2004-11-30,3.535397539
2004-12-01,-20.08504914
2004-12-02,-14.76416222
2004-12-03,-9.150437785
2004-12-06,-1.238343306
2004-12-07,-7.651743524
2004-12-08,-10.95695164
2004-12-09,-12.99390116
2004-12-10,-9.423377482
2004-12-13,-16.40325372
2004-12-14,-11.6200685
2004-12-15,-11.24819283
2004-12-16,-7.67128246
2004-12-17,-13.90817277
2004-12-20,-10.2311501
2004-12-21,-18.93850992
2004-12-22,-17.13190251
2004-12-23,-14.79549808
2004-12-27,-3.851767469
2004-12-28,-7.765811434
2004-12-29,-6.551487765
2004-12-30,8.2175319
2004-12-31,20.54698026
2005-01-03,21.34045976
2005-01-04,6.190523988
2005-01-05,9.597848347
2005-01-06,7.204654512
2005-01-07,9.955009308
2005-01-10,9.555064961
2005-01-11,7.548360044
2005-01-12,3.036796132
2005-01-13,-0.765394677
2005-01-14,-5.833584956
2005-01-18,-12.85191738
2005-01-19,-11.98995581
2005-01-20,-8.260033211
2005-01-21,-3.338942274
2005-01-24,2.123011798
2005-01-25,-1.44013683
2005-01-26,-6.012425614
2005-01-27,-3.198820465
2005-01-28,0.436548647
2005-01-31,-8.583780292
2005-02-01,-17.49027056
2005-02-02,-17.37576109
2005-02-03,-12.0497731
2005-02-04,-28.58300365
2005-02-07,-19.10775946
2005-02-08,-15.58821542
2005-02-09,-16.54807013
2005-02-10,-18.76810311
2005-02-11,-20.64700919
2005-02-14,-14.62384286
2005-02-15,-13.7066585
2005-02-16,-10.15015979
2005-02-17,-8.326289309
2005-02-18,-10.00604621
2005-02-22,-12.68522562
2005-02-23,-20.00265471
2005-02-24,-31.02668323
2005-02-25,-36.71763689
2005-02-28,-30.94084313
2005-03-01,-30.22781938
2005-03-02,-20.69106312
2005-03-03,-11.35544066
2005-03-04,-27.79874783
2005-03-07,-20.56296878
2005-03-08,-16.93352427
2005-03-09,-21.36828716
2005-03-10,-19.10076658
2005-03-11,-17.72842721
2005-03-14,-20.62010579
2005-03-15,-14.55511304
2005-03-16,-13.52849767
2005-03-17,-10.70644464
2005-03-18,-6.564331118
2005-03-21,0.486045483
2005-03-22,-0.129057286
2005-03-23,3.445794841
2005-03-24,1.994101032
2005-03-28,9.483952097
2005-03-29,13.48052692
2005-03-30,-12.07556389
2005-03-31,-4.086941257
2005-04-01,-3.928454758
2005-04-04,0.097788631
2005-04-05,-1.703059349
2005-04-06,-2.835839011
2005-04-07,-10.87518754
2005-04-08,-11.85302658
2005-04-11,-13.57736658
2005-04-12,-19.75756499
2005-04-13,-11.58573358
2005-04-14,-5.608170006
2005-04-15,5.036797771
2005-04-18,-3.383588033
2005-04-19,-18.01163326
2005-04-20,-8.83001862
2005-04-21,-57.10391792
2005-04-22,-45.90234661
2005-04-25,-53.57666212
2005-04-26,-50.69224506
2005-04-27,-46.0070814
2005-04-28,-29.87402774
2005-04-29,-49.79612441
2005-05-02,-46.95092379
2005-05-03,-45.98389158
2005-05-04,-58.48744103
2005-05-05,-50.46429499
2005-05-06,-41.92526215
2005-05-09,-41.01740935
2005-05-10,-32.1854797
2005-05-11,-30.20507685
2005-05-12,-14.55940565
2005-05-13,-6.381813111
2005-05-16,-14.18090597
2005-05-17,-22.54585554
2005-05-18,-33.65700038
2005-05-19,-31.16909111
2005-05-20,-25.67556876
2005-05-23,-23.03253289
2005-05-24,-19.01709514
2005-05-25,-15.36797448
2005-05-26,-18.0951257
2005-05-27,-12.64237348
2005-05-31,-0.618037922
2005-06-01,-14.98455497
2005-06-02,-15.22272686
2005-06-03,-12.81212934
2005-06-06,-6.693174949
2005-06-07,-0.136534222
2005-06-08,7.723596349
2005-06-09,2.365064435
2005-06-10,5.266425248
2005-06-13,6.423688003
2005-06-14,11.28261944
2005-06-15,11.78613463
2005-06-16,10.12162129
2005-06-17,12.41657586
2005-06-20,15.54889789
2005-06-21,14.00694777
2005-06-22,17.283347
2005-06-23,9.21589794
2005-06-24,4.108994333
2005-06-27,10.7046381
2005-06-28,-7.375183338
2005-06-29,-2.454664828
2005-06-30,-3.595934026
2005-07-01,-8.052240401
2005-07-05,-12.51507492
2005-07-06,-12.33209156
2005-07-07,-7.7910393
2005-07-08,-30.33317954
2005-07-11,-32.84146779
2005-07-12,-33.09667721
2005-07-13,-30.21696471
2005-07-14,-27.22174519
2005-07-15,-27.5821356
2005-07-18,-23.32154643
2005-07-19,-28.14467925
2005-07-20,-28.75751664
2005-07-21,-22.42841111
2005-07-22,-25.83069321
2005-07-25,-16.77206998
2005-07-26,-13.42337781
2005-07-27,-18.25515703
2005-07-28,-16.54726135
2005-07-29,-10.04570252
2005-08-01,-0.443384028
2005-08-02,-6.529683501
2005-08-03,-1.123663492
2005-08-04,2.079656237
2005-08-05,-2.282048695
2005-08-08,8.138718154
2005-08-09,-2.688993865
2005-08-10,0.074641434
2005-08-11,-2.857346179
2005-08-12,-0.792887792
2005-08-15,-2.800663645
2005-08-16,-3.603411725
2005-08-17,-1.914798724
2005-08-18,3.276621686
2005-08-19,7.638241679
2005-08-22,11.44108066
2005-08-23,12.76957947
2005-08-24,18.3360585
2005-08-25,17.51445847
2005-08-26,16.17836863
2005-08-29,13.24488771
2005-08-30,17.12244441
2005-08-31,-2.547654217
2005-09-01,6.84698012
2005-09-02,14.08632958
2005-09-06,-8.263861684
2005-09-07,-9.327561747
2005-09-08,-3.026702084
2005-09-09,-16.35314087
2005-09-12,-15.44640927
2005-09-13,-11.26342404
2005-09-14,-3.31756034
2005-09-15,-3.016629683
2005-09-16,-21.29805697
2005-09-19,-12.28932069
2005-09-20,-11.0026061
2005-09-21,-5.073587821
2005-09-22,-6.94017166
2005-09-23,-5.964811613
2005-09-26,-0.257197777
2005-09-27,2.241156513
2005-09-28,5.921348624
2005-09-29,-5.682978149
2005-09-30,-4.052198148
2005-10-03,5.556535079
2005-10-04,3.14714451
2005-10-05,-4.058295564
2005-10-06,1.949246287
2005-10-07,0.836460177
2005-10-10,8.969759474
2005-10-11,13.58351179
2005-10-12,19.58226279
2005-10-13,26.65794431
2005-10-14,6.854199799
2005-10-17,8.622943348
2005-10-18,7.907546656
2005-10-19,-27.65084286
2005-10-20,-16.70598106
2005-10-21,-12.46747927
2005-10-24,-43.71030514
2005-10-25,-41.40661942
2005-10-26,-37.00338488
2005-10-27,-26.2460007
2005-10-28,-58.12555941
2005-10-31,-45.33823117
2005-11-01,-44.56815214
2005-11-02,-59.32493462
2005-11-03,-58.7654141
2005-11-04,-50.35130622
2005-11-07,-44.55642444
2005-11-08,-38.82823903
2005-11-09,-34.34604518
2005-11-10,-44.33517357
2005-11-11,-40.39304555
2005-11-14,-26.68963973
2005-11-15,-20.13819998
2005-11-16,-11.71765843
2005-11-17,-26.04587276
2005-11-18,-22.64585341
2005-11-21,-22.92965281
2005-11-22,-21.99927191
2005-11-23,-14.58118996
2005-11-25,-10.20557382
2005-11-28,-5.559798736
2005-11-29,0.356085587
2005-11-30,-0.189464672
2005-12-01,-23.27741286
2005-12-02,-21.88854953
2005-12-05,-13.38823129
2005-12-06,-10.7543723
2005-12-07,-4.236597805
2005-12-08,-0.105544581
2005-12-09,-2.454929497
2005-12-12,-0.27278409
2005-12-13,-5.395891443
2005-12-14,-10.59764793
2005-12-15,-4.137078552
2005-12-16,-1.799061133
2005-12-19,3.368380976
2005-12-20,5.519905079
2005-12-21,4.48278487
2005-12-22,-0.301888864
2005-12-23,3.509109283
2005-12-27,3.827968714
2005-12-28,5.163040761
2005-12-29,9.70830103
2005-12-30,13.77010264
2006-01-03,-27.02169013
2006-01-04,-23.88438323
2006-01-05,-21.51721838
2006-01-06,-31.97712624
2006-01-09,-28.96232259
2006-01-10,-28.08150951
2006-01-11,-25.21197464
2006-01-12,-23.99588868
2006-01-13,-19.69606492
2006-01-17,-10.642387
2006-01-18,-5.216382435
2006-01-19,-8.041934117
2006-01-20,-15.29322065
2006-01-23,-17.85648981
2006-01-24,-20.0638216
2006-01-25,-19.73809525
2006-01-26,-25.30251087
2006-01-27,-31.09476371
2006-01-30,-21.83080605
2006-01-31,-12.74325014
2006-02-01,-13.25330883
2006-02-02,-9.335336855
2006-02-03,-11.05078162
2006-02-06,-5.523786256
2006-02-07,-3.565751266
2006-02-08,-15.36545383
2006-02-09,-8.025575524
2006-02-10,-6.321055671
2006-02-13,2.244814405
2006-02-14,-16.43766589
2006-02-15,-12.16056559
2006-02-16,-21.71033696
2006-02-17,-11.17810458
2006-02-21,-2.953568064
2006-02-22,-11.9617794
2006-02-23,-9.931557784
2006-02-24,-9.877664245
2006-02-27,-6.083299072
2006-02-28,-9.190197366
2006-03-01,-21.48088578
2006-03-02,-15.84544803
2006-03-03,-9.260041034
2006-03-06,-3.593113257
2006-03-07,-0.537571998
2006-03-08,-0.077092794
2006-03-09,4.41364655
2006-03-10,-7.079082321
2006-03-13,-8.517535311
2006-03-14,-25.0407805
2006-03-15,-17.14713252
2006-03-16,-6.846035213
2006-03-17,-1.598218256
2006-03-20,-0.984951326
2006-03-21,-4.579451655
2006-03-22,-9.93988037
2006-03-23,-7.094405399
2006-03-24,-2.799467307
2006-03-27,4.152471994
2006-03-28,2.265576746
2006-03-29,-8.346659509
2006-03-30,0.937453495
2006-03-31,-0.19718003
2006-04-03,4.414745831
2006-04-04,-2.569083897
2006-04-05,-2.12417052
2006-04-06,4.198693358
2006-04-07,-0.149593358
2006-04-10,2.712665118
2006-04-11,5.777897991
2006-04-12,6.872453386
2006-04-13,6.317480802
2006-04-17,10.13313947
2006-04-18,-33.38924634
2006-04-19,-31.36596657
2006-04-20,-24.51851999
2006-04-21,-20.90397296
2006-04-24,-16.23750767
2006-04-25,-15.66346534
2006-04-26,-12.31031952
2006-04-27,-8.546240787
2006-04-28,-6.342849173
2006-05-01,4.580955548
2006-05-02,-2.516064044
2006-05-03,-0.354875079
2006-05-04,1.460003416
2006-05-05,-11.7477665
2006-05-08,-3.538871839
2006-05-09,1.286764369
2006-05-10,3.086130683
2006-05-11,-8.49584467
2006-05-12,-1.959604537
2006-05-15,-4.760284936
2006-05-16,-2.790991483
2006-05-17,1.401727739
2006-05-18,7.660233845
2006-05-19,11.50006467
2006-05-22,19.33290743
2006-05-23,27.04340598
2006-05-24,22.5356477
2006-05-25,-5.134599832
2006-05-26,-16.07138912
2006-05-30,9.866054704
2006-05-31,-12.8518797
2006-06-01,-38.91409377
2006-06-02,-35.7079934
2006-06-05,-31.49429089
2006-06-06,-18.7290505
2006-06-07,-11.19924218
2006-06-08,0.828051725
2006-06-09,3.604515589
2006-06-12,26.38825044
2006-06-13,51.27674676
2006-06-14,32.02974764
2006-06-15,-49.37697389
2006-06-16,-30.10396627
2006-06-19,-24.19263571
2006-06-20,-28.73103251
2006-06-21,-41.13025652
2006-06-22,-32.46955104
2006-06-23,-24.4723719
2006-06-26,-21.30581064
2006-06-27,-13.54098366
2006-06-28,-14.35445002
2006-06-29,-71.03832664
2006-06-30,-63.90942311
2006-07-03,-62.13217476
2006-07-05,-47.99845656
2006-07-06,-46.75300467
2006-07-07,-40.65582717
2006-07-10,-32.83633685
2006-07-11,-35.52042954
2006-07-12,-26.1725557
2006-07-13,-0.910825798
2006-07-14,6.636779855
2006-07-17,19.97159778
2006-07-18,16.88145693
2006-07-19,-29.13523291
2006-07-20,-22.59751523
2006-07-21,-8.63981575
2006-07-24,-47.40159503
2006-07-25,-45.45774165
2006-07-26,-40.75860425
2006-07-27,-31.84258705
2006-07-28,-43.25199066
2006-07-31,-29.75137869
2006-08-01,-24.57149433
2006-08-02,-27.76365288
2006-08-03,-20.37762947
2006-08-04,-14.59053439
2006-08-07,0.442935626
2006-08-08,6.128576377
2006-08-09,10.55857856
2006-08-10,7.690950337
2006-08-11,11.09377186
2006-08-14,17.49776117
2006-08-15,-8.87237238
2006-08-16,-19.13996207
2006-08-17,-14.30620315
2006-08-18,-16.50638691
2006-08-21,-7.015972316
2006-08-22,-1.779161142
2006-08-23,1.34880767
2006-08-24,4.668924039
2006-08-25,8.247244761
2006-08-28,6.644411682
2006-08-29,10.65675995
2006-08-30,13.88163051
2006-08-31,18.49549582
2006-09-01,12.44821503
2006-09-05,22.4508045
2006-09-06,20.52693149
2006-09-07,22.13632217
2006-09-08,16.60571968
2006-09-11,18.9923724
2006-09-12,-3.624018936
2006-09-13,-9.228292841
2006-09-14,-1.563499968
2006-09-15,2.675072978
2006-09-18,5.718833287
2006-09-19,9.534872508
2006-09-20,0.988485486
2006-09-21,7.904231226
2006-09-22,13.58405548
2006-09-25,0.310336955
2006-09-26,-10.08145792
2006-09-27,-6.056432603
2006-09-28,-1.528412701
2006-09-29,4.033008129
2006-10-02,11.90410538
2006-10-03,12.05002715
2006-10-04,-9.055095484
2006-10-05,-4.641318689
2006-10-06,-6.289134517
2006-10-09,-1.35324806
2006-10-10,0.243190135
2006-10-11,4.150192366
2006-10-12,-11.89705463
2006-10-13,-12.59857905
2006-10-16,-6.596764145
2006-10-17,1.353146979
2006-10-18,1.210087254
2006-10-19,0.968225013
2006-10-20,2.229861478
2006-10-23,3.128418987
2006-10-24,4.266371158
2006-10-25,4.182101254
2006-10-26,1.699228339
2006-10-27,-4.793764754
2006-10-30,2.600670091
2006-10-31,5.389648932
2006-11-01,3.605470258
2006-11-02,6.476142737
2006-11-03,5.794368284
2006-11-06,-10.76204708
2006-11-07,-9.32180606
2006-11-08,-10.1977116
2006-11-09,-8.659220307
2006-11-10,-7.877485126
2006-11-13,-5.188670109
2006-11-14,-12.16049645
2006-11-15,-11.73387556
2006-11-16,-10.72381484
2006-11-17,-8.331796993
2006-11-20,-5.201982137
2006-11-21,-2.488841309
2006-11-22,2.462213111
2006-11-24,9.122964709
2006-11-27,-1.512897977
2006-11-28,-6.565087689
2006-11-29,-22.1513304
2006-11-30,-18.01475511
2006-12-01,-7.92734004
2006-12-04,-19.07141591
2006-12-05,-17.06618719
2006-12-06,-12.68694848
2006-12-07,1.740905326
2006-12-08,-1.126236665
2006-12-11,-11.74377841
2006-12-12,-8.585362426
2006-12-13,-9.391889024
2006-12-14,-20.52324382
2006-12-15,-16.1500886
2006-12-18,-8.496876764
2006-12-19,-8.159734095
2006-12-20,-4.513117011
2006-12-21,-0.055878724
2006-12-22,7.370132497
2006-12-26,7.507202395
2006-12-27,-2.552917501
2006-12-28,3.986301231
2006-12-29,9.533777466
2007-01-03,17.14103828
2007-01-04,14.85267918
2007-01-05,17.1732154
2007-01-08,17.54506714
2007-01-09,19.44279306
2007-01-10,17.1506021
2007-01-11,5.895498374
2007-01-12,-2.775857197
2007-01-16,6.012781709
2007-01-17,7.613832167
2007-01-18,11.55258485
2007-01-19,7.994366201
2007-01-22,8.671754255
2007-01-23,4.682194894
2007-01-24,-9.717455868
2007-01-25,-11.96003493
2007-01-26,-10.20285367
2007-01-29,-4.119696701
2007-01-30,-11.0162539
2007-01-31,-19.64686289
2007-02-01,-21.66473951
2007-02-02,-21.2329622
2007-02-05,-13.18915912
2007-02-06,-8.476152907
2007-02-07,-8.481733504
2007-02-08,-3.684652445
2007-02-09,-3.006685837
2007-02-12,4.065725732
2007-02-13,-14.2340785
2007-02-14,-20.2451002
2007-02-15,-16.79477206
2007-02-16,-14.83760509
2007-02-20,-9.935861701
2007-02-21,-6.283300968
2007-02-22,-2.110157423
2007-02-23,3.520492978
2007-02-26,13.06001661
2007-02-27,-28.36458293
2007-02-28,-56.03480852
2007-03-01,-48.30227279
2007-03-02,-25.19545355
2007-03-05,-16.31686666
2007-03-06,-63.31956209
2007-03-07,-65.30169142
2007-03-08,-72.29124026
2007-03-09,-67.39785147
2007-03-12,-61.65222092
2007-03-13,-43.5812007
2007-03-14,-48.00226413
2007-03-15,-49.54042318
2007-03-16,-38.83728425
2007-03-19,-61.79568564
2007-03-20,-69.45532614
2007-03-21,-92.33419213
2007-03-22,-75.73951128
2007-03-23,-65.687546
2007-03-26,-53.0193127
2007-03-27,-43.29692564
2007-03-28,-23.54278855
2007-03-29,-16.15913851
2007-03-30,-13.67371216
2007-04-02,-7.668347112
2007-04-03,-21.09039809
2007-04-04,-16.03323828
2007-04-05,-10.64625302
2007-04-09,-4.395852336
2007-04-10,-2.955570207
2007-04-11,5.628715367
2007-04-12,-0.387377499
2007-04-13,-1.862110169
2007-04-16,-13.84309396
2007-04-17,-7.616173521
2007-04-18,0.757947268
2007-04-19,7.045099607
2007-04-20,-5.119173344
2007-04-23,7.189306629
2007-04-24,11.7599366
2007-04-25,2.22740334
2007-04-26,1.836568725
2007-04-27,2.551716222
2007-04-30,14.91839326
2007-05-01,10.56556361
2007-05-02,4.355718852
2007-05-03,5.903069331
2007-05-04,7.203755483
2007-05-07,12.59074289
2007-05-08,17.24752043
2007-05-09,16.41063368
2007-05-10,0.531841647
2007-05-11,-12.54007185
2007-05-14,1.091906567
2007-05-15,5.694436931
2007-05-16,-4.75676485
2007-05-17,-0.729951127
2007-05-18,-9.518450918
2007-05-21,0.095496849
2007-05-22,2.088100214
2007-05-23,8.340122693
2007-05-24,7.670302557
2007-05-25,0.4571461
2007-05-29,6.354145092
2007-05-30,-4.625398784
2007-05-31,1.955271732
2007-06-01,1.709405079
2007-06-04,10.89501955
2007-06-05,14.3658494
2007-06-06,20.24836079
2007-06-07,12.92356153
2007-06-08,-16.47341354
2007-06-11,-13.01442122
2007-06-12,0.038260585
2007-06-13,-34.15692302
2007-06-14,-42.68333764
2007-06-15,-38.53980361
2007-06-18,-38.85918427
2007-06-19,-39.37044479
2007-06-20,-33.27252803
2007-06-21,-35.75795353
2007-06-22,-28.61076328
2007-06-25,-14.47921864
2007-06-26,13.11824155
2007-06-27,-21.65619509
2007-06-28,-14.77516452
2007-06-29,-1.157294148
2007-07-02,-14.27429148
2007-07-03,-13.19305792
2007-07-05,0.190141435
2007-07-06,-0.887975777
2007-07-09,11.55444165
2007-07-10,18.79388624
2007-07-11,12.04023126
2007-07-12,-24.33869246
2007-07-13,-23.43524407
2007-07-16,-14.03438828
2007-07-17,-7.705975988
2007-07-18,1.461649496
2007-07-19,-2.570824117
2007-07-20,4.989417528
2007-07-23,6.803971586
2007-07-24,-3.76318915
2007-07-25,-5.110075087
2007-07-26,-11.39456334
2007-07-27,12.65341983
2007-07-30,-20.93779002
2007-07-31,2.098899309
2007-08-01,7.177569306
2007-08-02,-11.43404118
2007-08-03,-6.304051936
2007-08-06,-48.96232884
2007-08-07,-56.78580366
2007-08-08,-59.15102267
2007-08-09,-41.12489746
2007-08-10,-13.83931485
2007-08-13,-21.61107653
2007-08-14,-18.05499324
2007-08-15,12.59672607
2007-08-16,24.66003246
2007-08-17,-0.861833562
2007-08-20,-25.59485612
2007-08-21,-23.80069862
2007-08-22,-42.75385777
2007-08-23,-32.54970225
2007-08-24,-46.85409167
2007-08-27,-19.11796773
2007-08-28,-3.674480657
2007-08-29,-40.68927471
2007-08-30,-17.39700408
2007-08-31,-28.6838503
2007-09-04,-27.83474579
2007-09-05,-5.69677917
2007-09-06,-1.518214739
2007-09-07,14.75112797
2007-09-10,37.65005981
2007-09-11,14.36218618
2007-09-12,21.5061084
2007-09-13,24.97245514
2007-09-14,37.08916097
2007-09-17,60.65600675
2007-09-18,-43.76844971
2007-09-19,-40.99282346
2007-09-20,-30.66400709
2007-09-21,-36.87363919
2007-09-24,-25.24753191
2007-09-25,-22.11095957
2007-09-26,-23.78306082
2007-09-27,-20.42964109
2007-09-28,-1.45958404
2007-10-01,-11.25462937
2007-10-02,3.823741045
2007-10-03,13.26953403
2007-10-04,17.87740741
2007-10-05,1.136461393
2007-10-08,14.03012459
2007-10-09,1.225507725
2007-10-10,14.42133502
2007-10-11,40.85699847
2007-10-12,34.43881546
2007-10-15,48.79735985
2007-10-16,59.23662665
2007-10-17,52.20206862
2007-10-18,56.37699187
2007-10-19,42.34962166
2007-10-22,31.95335012
2007-10-23,17.97479148
2007-10-24,26.2680249
2007-10-25,35.44913924
2007-10-26,8.58151288
2007-10-29,16.18007718
2007-10-30,30.52531094
2007-10-31,-1.242553919
2007-11-01,3.540720684
2007-11-02,7.318040273
2007-11-05,25.03269148
2007-11-06,-7.283210031
2007-11-07,1.489555563
2007-11-08,5.157700528
2007-11-09,24.79584898
2007-11-12,53.32264666
2007-11-13,-48.07915853
2007-11-14,-23.53999803
2007-11-15,-1.75336627
2007-11-16,-18.7733265
2007-11-19,-19.02870908
2007-11-20,-21.85844241
2007-11-21,-6.060068851
2007-11-23,-22.54665133
2007-11-26,-5.345564578
2007-11-27,-31.02773444
2007-11-28,-76.000339
2007-11-29,-65.84508098
2007-11-30,-67.57779307
2007-12-03,-49.00001336
2007-12-04,-37.433761
2007-12-05,-50.28268588
2007-12-06,-65.0540167
2007-12-07,-52.94745894
2007-12-10,-45.6357111
2007-12-11,-40.75370354
2007-12-12,-42.19727197
2007-12-13,-28.74717412
2007-12-14,-22.271088
2007-12-17,-11.60146979
2007-12-18,-21.424082
2007-12-19,-18.92673119
2007-12-20,-19.73151547
2007-12-21,-47.41431979
2007-12-24,-38.72534117
2007-12-26,-26.33758382
2007-12-27,-14.74961461
2007-12-28,0.252300863
2007-12-31,22.48102588
2008-01-02,22.1022943
2008-01-03,24.25538595
2008-01-04,6.865102358
2008-01-07,13.40314973
2008-01-08,17.61389738
2008-01-09,2.12705043
2008-01-10,0.457537233
2008-01-11,0.645475244
2008-01-14,-6.50057427
2008-01-15,-28.7554068
2008-01-16,-11.8772374
2008-01-17,-4.907030786
2008-01-18,-11.49237591
2008-01-22,29.38208735
2008-01-23,-2.524156097
2008-01-24,-9.964959238
2008-01-25,0.522433208
2008-01-28,-16.58738835
2008-01-29,-12.24060341
2008-01-30,0.811441598
2008-01-31,-16.67045535
2008-02-01,-34.33738214
2008-02-04,-8.603128495
2008-02-05,-23.77098123
2008-02-06,-8.270437206
2008-02-07,-12.48348249
2008-02-08,2.24977264
2008-02-11,8.646223811
2008-02-12,5.667075358
2008-02-13,-7.223590367
2008-02-14,1.545377089
2008-02-15,8.652206712
2008-02-19,27.51130638
2008-02-20,21.2323995
2008-02-21,27.62769891
2008-02-22,23.95099479
2008-02-25,10.83565001
2008-02-26,6.661632054
2008-02-27,25.12025187
2008-02-28,36.79250502
2008-02-29,27.58237254
2008-03-03,34.64613297
2008-03-04,35.90628037
2008-03-05,34.59562014
2008-03-06,42.0858636
2008-03-07,43.89598114
2008-03-10,55.48934748
2008-03-11,-31.75819004
2008-03-12,-19.49202638
2008-03-13,-11.62368601
2008-03-14,15.2037759
2008-03-17,31.18885219
2008-03-18,-92.88553981
2008-03-19,-64.50114799
2008-03-20,-105.8717085
2008-03-24,-111.9400284
2008-03-25,-100.1356219
2008-03-26,-86.99881588
2008-03-27,-81.53293159
2008-03-28,-72.01486165
2008-03-31,-59.47455356
2008-04-01,-127.0747458
2008-04-02,-106.0741963
2008-04-03,-93.19359213
2008-04-04,-84.39768154
2008-04-07,-67.53162524
2008-04-08,-53.53972763
2008-04-09,-36.82002265
2008-04-10,-28.94507165
2008-04-11,-27.12340884
2008-04-14,-9.286608724
2008-04-15,-5.379387354
2008-04-16,-44.23471453
2008-04-17,-30.84177418
2008-04-18,-41.32837351
2008-04-21,-27.28864794
2008-04-22,-19.30592703
2008-04-23,-16.38816058
2008-04-24,-11.48843225
2008-04-25,-9.206186592
2008-04-28,1.891817951
2008-04-29,17.28441947
2008-04-30,32.51181306
2008-05-01,-5.239038802
2008-05-02,-6.073773789
2008-05-05,6.844381275
2008-05-06,2.50949023
2008-05-07,-0.973642143
2008-05-08,2.621355675
2008-05-09,7.24799878
2008-05-12,-10.14469231
2008-05-13,-0.612820383
2008-05-14,2.620904964
2008-05-15,-13.02682125
2008-05-16,-4.811519492
2008-05-19,7.764997432
2008-05-20,10.13409652
2008-05-21,3.248850006
2008-05-22,2.984953211
2008-05-23,9.405207947
2008-05-27,12.62855691
2008-05-28,12.04393007
2008-05-29,7.028273547
2008-05-30,11.11129162
2008-06-02,27.5450065
2008-06-03,34.89962596
2008-06-04,47.52129489
2008-06-05,-0.067813917
2008-06-06,-5.833970569
2008-06-09,-4.738526298
2008-06-10,1.87453126
2008-06-11,0.131770382
2008-06-12,-1.631338578
2008-06-13,-28.99327066
2008-06-16,-23.74986915
2008-06-17,-17.20009637
2008-06-18,-4.209523257
2008-06-19,-2.764142462
2008-06-20,-4.402534698
2008-06-23,1.856434278
2008-06-24,8.169223153
2008-06-25,1.653359024
2008-06-26,-16.04635633
2008-06-27,-13.09201384
2008-06-30,1.610733261
2008-07-01,7.863602125
2008-07-02,19.08882014
2008-07-03,18.18576133
2008-07-07,34.35643941
2008-07-08,0.095706549
2008-07-09,-1.220298412
2008-07-10,7.673747455
2008-07-11,28.21917571
2008-07-14,41.72137856
2008-07-15,44.01857282
2008-07-16,-14.99742053
2008-07-17,-14.52296084
2008-07-18,-14.4376911
2008-07-21,-14.00958111
2008-07-22,-34.07944076
2008-07-23,-23.71335352
2008-07-24,-23.9796218
2008-07-25,-19.84842992
2008-07-28,-15.39948556
2008-07-29,-55.4325912
2008-07-30,-67.71062609
2008-07-31,-49.19782822
2008-08-01,-43.9752951
2008-08-04,-28.82553805
2008-08-05,-80.92578679
2008-08-06,-79.78386968
2008-08-07,-75.74368352
2008-08-08,-95.8307431
2008-08-11,-93.03810917
2008-08-12,-78.69164557
2008-08-13,-63.57064266
2008-08-14,-65.18565666
2008-08-15,-62.18755479
2008-08-18,-51.22856054
2008-08-19,-41.68272262
2008-08-20,-40.22425476
2008-08-21,-33.73008366
2008-08-22,-40.02199763
2008-08-25,-31.78703092
2008-08-26,-25.42598883
2008-08-27,-25.25082437
2008-08-28,-32.19150616
2008-08-29,-21.8722065
2008-09-02,0.738378325
2008-09-03,5.944429089
2008-09-04,-12.80282499
2008-09-05,-15.21507124
2008-09-08,-32.5144558
2008-09-09,-50.30043117
2008-09-10,-54.02548939
2008-09-11,-55.57589566
2008-09-12,-34.05338469
2008-09-15,-53.9039001
2008-09-16,-68.99328155
2008-09-17,-70.09404657
2008-09-18,-138.712759
2008-09-19,-176.2488895
2008-09-22,-181.7940733
2008-09-23,-154.981396
2008-09-24,-144.0362229
2008-09-25,-162.1380135
2008-09-26,-124.7383836
2008-09-29,-173.9603463
2008-09-30,-279.9648397
2008-10-01,-256.5072326
2008-10-02,-213.2987979
2008-10-03,-194.8896977
2008-10-06,-132.9794762
2008-10-07,-156.5904667
2008-10-08,-94.86493709
2008-10-09,-113.1255336
2008-10-10,-28.55399796
2008-10-13,-326.6319916
2008-10-14,-296.6284798
2008-10-15,-245.174477
2008-10-16,-253.2943151
2008-10-17,-193.4970081
2008-10-20,-365.2730538
2008-10-21,-343.3950908
2008-10-22,-200.0302921
2008-10-23,-183.2485768
2008-10-24,-49.98549733
2008-10-27,-16.21643052
2008-10-28,-256.0255355
2008-10-29,-190.7256232
2008-10-30,-232.9971267
2008-10-31,-225.3405918
2008-11-03,-243.3002451
2008-11-04,-290.1641572
2008-11-05,-229.4618343
2008-11-06,-140.2361983
2008-11-07,-185.6789062
2008-11-10,-106.9674179
2008-11-11,-57.61192641
2008-11-12,-26.19098906
2008-11-13,-133.9567089
2008-11-14,-69.01480134
2008-11-17,-21.08260077
2008-11-18,-3.59642675
2008-11-19,22.92358426
2008-11-20,42.8440107
2008-11-21,-66.33284834
2008-11-24,-172.2961064
2008-11-25,-177.2047961
2008-11-26,-222.1405821
2008-11-28,-190.1892462
2008-12-01,-163.8583563
2008-12-02,-211.4827746
2008-12-03,-211.4254065
2008-12-04,-161.4670511
2008-12-05,-184.202826
2008-12-08,-187.3233093
2008-12-09,-157.3177934
2008-12-10,-154.1700765
2008-12-11,-132.2843437
2008-12-12,-107.1715689
2008-12-15,-45.57186464
2008-12-16,-110.8724163
2008-12-17,-101.3056919
2008-12-18,-99.52246467
2008-12-19,-83.16444451
2008-12-22,-58.84240838
2008-12-23,-21.40890894
2008-12-24,3.410038836
2008-12-26,25.52122139
2008-12-29,63.12889434
2008-12-30,45.4191178
2008-12-31,52.82790873
2009-01-02,27.71597651
2009-01-05,45.51945451
2009-01-06,57.65477165
2009-01-07,86.85189113
2009-01-08,95.50901072
2009-01-09,94.48682509
2009-01-12,119.2125538
2009-01-13,109.3972032
2009-01-14,137.6602283
2009-01-15,171.5216256
2009-01-16,136.1969594
2009-01-20,153.115917
2009-01-21,11.75333109
2009-01-22,25.79504178
2009-01-23,38.50447782
2009-01-26,36.50673359
2009-01-27,13.31242478
2009-01-28,-33.04927388
2009-01-29,-20.85177993
2009-01-30,2.601877832
2009-02-02,27.21183124
2009-02-03,12.34562456
2009-02-04,36.5193361
2009-02-05,44.30569025
2009-02-06,34.64850009
2009-02-09,56.43828515
2009-02-10,24.21708055
2009-02-11,19.202256
2009-02-12,6.022800142
2009-02-13,39.51840914
2009-02-17,46.99232577
2009-02-18,64.6315263
2009-02-19,66.53804388
2009-02-20,101.9988983
2009-02-23,109.453388
2009-02-24,8.357342988
2009-02-25,12.94252584
2009-02-26,22.43522976
2009-02-27,39.66480685
2009-03-02,55.60722396
2009-03-03,53.46407188
2009-03-04,20.4022388
2009-03-05,13.37742333
2009-03-06,23.27227264
2009-03-09,43.19751844
2009-03-10,-87.49055193
2009-03-11,-76.01600714
2009-03-12,-118.8559646
2009-03-13,-89.82674926
2009-03-16,-55.4697545
2009-03-17,-91.82059204
2009-03-18,-88.78391949
2009-03-19,-36.68552654
2009-03-20,-4.766483854
2009-03-23,-125.3524392
2009-03-24,-116.8452792
2009-03-25,-103.8054593
2009-03-26,-114.8389569
2009-03-27,-96.34642964
2009-03-30,-60.4923977
2009-03-31,-55.10142349
2009-04-01,-58.62270086
2009-04-02,-60.37127657
2009-04-03,-62.3439884
2009-04-06,-28.79716862
2009-04-07,-29.70601688
2009-04-08,-24.73413596
2009-04-09,-72.45193937
2009-04-13,-38.50400233
2009-04-14,-34.00207197
2009-04-15,-33.39324186
2009-04-16,-23.93864387
2009-04-17,-21.34928062
2009-04-20,-14.98703808
2009-04-21,-28.86007106
2009-04-22,0.35642456
2009-04-23,3.290873837
2009-04-24,5.389659989
2009-04-27,33.28490864
2009-04-28,46.79069156
2009-04-29,24.54524279
2009-04-30,44.49900644
2009-05-01,47.29690338
2009-05-04,6.328273433
2009-05-05,8.495707469
2009-05-06,1.423144266
2009-05-07,19.19145964
2009-05-08,-3.825493715
2009-05-11,0.194677139
2009-05-12,3.130942088
2009-05-13,4.433885893
2009-05-14,-9.079475933
2009-05-15,17.01897677
2009-05-18,-34.09839662
2009-05-19,-33.69690431
2009-05-20,-20.30761705
2009-05-21,1.370657197
2009-05-22,26.91655576
2009-05-26,-11.42672431
2009-05-27,2.749221981
2009-05-28,-1.363137374
2009-05-29,-23.3182615
2009-06-01,-26.38017367
2009-06-02,-16.75154246
2009-06-03,2.76220096
2009-06-04,1.316671554
2009-06-05,9.566800145
2009-06-08,25.72603777
2009-06-09,24.82085973
2009-06-10,40.29946012
2009-06-11,47.52686784
2009-06-12,62.58611731
2009-06-15,61.10660386
2009-06-16,81.9933591
2009-06-17,82.93311521
2009-06-18,73.69920558
2009-06-19,64.07386827
2009-06-22,50.31569136
2009-06-23,54.46850175
2009-06-24,47.81744365
2009-06-25,5.899808536
2009-06-26,11.00122998
2009-06-29,9.737803145
2009-06-30,24.82509215
2009-07-01,30.75932414
2009-07-02,8.22602856
2009-07-06,26.47357544
2009-07-07,33.10379021
2009-07-08,46.49766328
2009-07-09,40.45090987
2009-07-10,42.41128241
2009-07-13,-8.208990946
2009-07-14,-11.97159829
2009-07-15,-33.61192321
2009-07-16,-31.93186912
2009-07-17,-31.93061284
2009-07-20,-27.35546043
2009-07-21,-21.46685558
2009-07-22,-12.47672856
2009-07-23,-33.4886582
2009-07-24,-26.76700181
2009-07-27,-3.93062387
2009-07-28,14.06148775
2009-07-29,30.05456153
2009-07-30,28.8910097
2009-07-31,46.2327883
2009-08-03,37.39999485
2009-08-04,40.18135169
2009-08-05,50.42664746
2009-08-06,65.34780857
2009-08-07,51.52561137
2009-08-10,63.38002632
2009-08-11,70.64388076
2009-08-12,63.92167749
2009-08-13,62.02524492
2009-08-14,58.35896686
2009-08-17,59.48921593
2009-08-18,42.56019276
2009-08-19,47.13734886
2009-08-20,34.83721466
2009-08-21,20.46454735
2009-08-24,28.23557635
2009-08-25,32.77077812
2009-08-26,41.10441892
2009-08-27,45.91072498
2009-08-28,55.17830959
2009-08-31,69.12021025
2009-09-01,71.58319208
2009-09-02,75.82310172
2009-09-03,60.64016877
2009-09-04,38.72479256
2009-09-08,45.51838291
2009-09-09,36.71764231
2009-09-10,30.04526062
2009-09-11,44.93760328
2009-09-14,47.61399348
2009-09-15,51.75864987
2009-09-16,44.29829715
2009-09-17,50.49849944
2009-09-18,60.19987367
2009-09-21,68.34807368
2009-09-22,61.81962996
2009-09-23,62.51527905
2009-09-24,75.41783171
2009-09-25,85.50217864
2009-09-28,59.44518087
2009-09-29,69.32004214
2009-09-30,80.30465019
2009-10-01,65.75267789
2009-10-02,74.27270795
2009-10-05,48.12452004
2009-10-06,31.71430944
2009-10-07,27.59230622
2009-10-08,25.54805305
2009-10-09,19.83324897
2009-10-12,24.61885217
2009-10-13,31.73198048
2009-10-14,15.0312244
2009-10-15,10.27230224
2009-10-16,9.940119536
2009-10-19,11.77972653
2009-10-20,11.1346994
2009-10-21,26.61557383
2009-10-22,11.19363774
2009-10-23,24.16062391
2009-10-26,42.85556138
2009-10-27,56.17635729
2009-10-28,67.35391243
2009-10-29,13.82142369
2009-10-30,39.42075753
2009-11-02,34.93780425
2009-11-03,32.73628895
2009-11-04,30.01452223
2009-11-05,-6.442199746
2009-11-06,-10.9738286
2009-11-09,-38.97197621
2009-11-10,-33.1371877
2009-11-11,-23.21831159
2009-11-12,-7.822840605
2009-11-13,-8.864164748
2009-11-16,-16.55463967
2009-11-17,-10.79360093
2009-11-18,-7.306660682
2009-11-19,0.072662565
2009-11-20,6.286896016
2009-11-23,-6.077732727
2009-11-24,-1.469950399
2009-11-25,8.519083113
2009-11-27,39.73075777
2009-11-30,47.14437128
2009-12-01,20.12590933
2009-12-02,19.92662068
2009-12-03,35.2380723
2009-12-04,28.90617689
2009-12-07,45.76911608
2009-12-08,59.56557814
2009-12-09,56.10431778
2009-12-10,55.93320825
2009-12-11,54.22016872
2009-12-14,51.76111653
2009-12-15,58.74785077
2009-12-16,56.40980501
2009-12-17,66.95869429
2009-12-18,61.59396615
2009-12-21,45.38752114
2009-12-22,40.73716473
2009-12-23,48.45301143
2009-12-24,48.82691655
2009-12-28,59.7570393
2009-12-29,67.07696093
2009-12-30,72.31498034
2009-12-31,80.39979576
2010-01-04,41.83109885
2010-01-05,38.49517772
2010-01-06,41.38326686
2010-01-07,43.34516379
2010-01-08,38.27772479
2010-01-11,37.17295281
2010-01-12,37.9580017
2010-01-13,31.10540235
2010-01-14,33.332187
2010-01-15,28.09328281
2010-01-19,14.64790128
2010-01-20,20.37821375
2010-01-21,31.96129357
2010-01-22,54.10831225
2010-01-25,38.44972001
2010-01-26,34.06475897
2010-01-27,24.22109739
2010-01-28,26.03229979
2010-01-29,34.62164658
2010-02-01,7.624517918
2010-02-02,-7.123153441
2010-02-03,-0.63539329
2010-02-04,-4.936438354
2010-02-05,1.804727342
2010-02-08,9.024318495
2010-02-09,2.813600672
2010-02-10,5.538628873
2010-02-11,-5.239537212
2010-02-12,-8.02263645
2010-02-16,-23.03006974
2010-02-17,-19.17139945
2010-02-18,-22.37059187
2010-02-19,-17.80115165
2010-02-22,-7.178754088
2010-02-23,5.03708618
2010-02-24,-4.100291884
2010-02-25,3.456174152
2010-02-26,7.542120673
2010-03-01,5.796190141
2010-03-02,13.55300664
2010-03-03,21.92333608
2010-03-04,29.38026065
2010-03-05,6.074932072
2010-03-08,19.56088784
2010-03-09,27.00536021
2010-03-10,37.71442142
2010-03-11,37.29629246
2010-03-12,38.94993338
2010-03-15,49.96507722
2010-03-16,44.04175009
2010-03-17,37.96002006
2010-03-18,40.04294836
2010-03-19,44.59882309
2010-03-22,44.70941327
2010-03-23,37.27806338
2010-03-24,50.20233101
2010-03-25,62.84327082
2010-03-26,60.82530109
2010-03-29,58.09167769
2010-03-30,58.17590974
2010-03-31,64.90365299
2010-04-01,58.83445295
2010-04-05,49.31708268
2010-04-06,45.21302533
2010-04-07,46.9749571
2010-04-08,47.14168234
2010-04-09,40.60786394
2010-04-12,38.02502613
2010-04-13,47.89197049
2010-04-14,27.79361841
2010-04-15,34.44988961
2010-04-16,32.77218908
2010-04-19,23.80997188
2010-04-20,4.843731628
2010-04-21,14.65795407
2010-04-22,19.80791412
2010-04-23,19.46792958
2010-04-26,30.02464281
2010-04-27,38.73248584
2010-04-28,22.48887176
2010-04-29,-11.53872905
2010-04-30,10.32757923
2010-05-03,-14.0047372
2010-05-04,-5.650431766
2010-05-05,8.270015837
2010-05-06,40.56546884
2010-05-07,117.9416397
2010-05-10,-66.71323204
2010-05-11,-64.36609893
2010-05-12,-90.63286578
2010-05-13,-74.9326489
2010-05-14,-33.16298767
2010-05-17,-25.47695737
2010-05-18,4.07155635
2010-05-19,33.18917918
2010-05-20,88.13224784
2010-05-21,35.62494781
2010-05-24,24.9965877
2010-05-25,2.88779906
2010-05-26,21.19737076
2010-05-27,-60.3489764
2010-05-28,-27.52284493
2010-06-01,10.81536344
2010-06-02,-52.28304124
2010-06-03,-43.83992801
2010-06-04,-13.80691027
2010-06-07,6.165677458
2010-06-08,-11.92141389
2010-06-09,2.938559932
2010-06-10,-49.23885922
2010-06-11,-54.1840543
2010-06-14,-41.67794643
2010-06-15,-77.86367995
2010-06-16,-62.50987534
2010-06-17,-55.17727527
2010-06-18,-49.43753281
2010-06-21,-23.94070731
2010-06-22,-4.81651143
2010-06-23,7.74883199
2010-06-24,33.04159686
2010-06-25,35.415302
2010-06-28,55.74084767
2010-06-29,64.40070328
2010-06-30,75.81127445
2010-07-01,71.43507826
2010-07-02,55.10820039
2010-07-06,61.59789418
2010-07-07,-8.023995244
2010-07-08,-14.22443618
2010-07-09,-14.13426156
2010-07-12,-8.493254307
2010-07-13,-11.81542977
2010-07-14,1.42162402
2010-07-15,14.57721399
2010-07-16,-13.12456838
2010-07-19,-8.766008873
2010-07-20,-26.31751686
2010-07-21,-7.873550132
2010-07-22,-32.42522884
2010-07-23,-37.03074341
2010-07-26,-39.87522103
2010-07-27,-23.8782203
2010-07-28,-4.455826101
2010-07-29,5.905988132
2010-07-30,10.80720725
2010-08-02,-25.22525024
2010-08-03,-9.907564843
2010-08-04,-5.311181824
2010-08-05,5.549695491
2010-08-06,10.7225821
2010-08-09,22.11839837
2010-08-10,31.44022445
2010-08-11,16.00166346
2010-08-12,26.66762436
2010-08-13,40.6525221
2010-08-16,50.23588412
2010-08-17,29.97890969
2010-08-18,41.46311788
2010-08-19,47.93268547
2010-08-20,46.00834631
2010-08-23,54.03704419
2010-08-24,63.87319386
2010-08-25,62.99813008
2010-08-26,73.01939884
2010-08-27,32.33457126
2010-08-30,53.41491349
2010-08-31,50.47441106
2010-09-01,-13.71314623
2010-09-02,-17.91375141
2010-09-03,-38.31089371
2010-09-07,-12.34823302
2010-09-08,-11.1510804
2010-09-09,-7.233902881
2010-09-10,-6.708382059
2010-09-13,-14.86785649
2010-09-14,-2.468259267
2010-09-15,11.23830975
2010-09-16,17.64219659
2010-09-17,30.80699997
2010-09-20,14.38476058
2010-09-21,31.51673393
2010-09-22,40.59722975
2010-09-23,57.52341168
2010-09-24,10.78736879
2010-09-27,25.73554744
2010-09-28,34.0277645
2010-09-29,49.3370334
2010-09-30,62.13501989
2010-10-01,57.7183521
2010-10-04,68.02032654
2010-10-05,21.92104251
2010-10-06,25.00311346
2010-10-07,31.42969797
2010-10-08,25.51846435
2010-10-11,14.74093649
2010-10-12,19.67044601
2010-10-13,22.22134241
2010-10-14,35.81090507
2010-10-15,34.18473962
2010-10-18,35.93215578
2010-10-19,33.58418276
2010-10-20,22.04665858
2010-10-21,23.35576708
2010-10-22,25.1409716
2010-10-25,42.81289737
2010-10-26,52.70889714
2010-10-27,62.65074006
2010-10-28,70.69351035
2010-10-29,80.80440857
2010-11-01,94.08739307
2010-11-02,87.52189351
2010-11-03,71.93867279
2010-11-04,24.69495822
2010-11-05,24.68597627
2010-11-08,29.16812688
2010-11-09,34.90910327
2010-11-10,31.82611405
2010-11-11,36.83709931
2010-11-12,47.15905644
2010-11-15,48.30160751
2010-11-16,52.93472929
2010-11-17,50.23152342
2010-11-18,5.115178878
2010-11-19,1.864212478
2010-11-22,9.960095477
2010-11-23,20.06634015
2010-11-24,-1.821814707
2010-11-26,26.12696319
2010-11-29,25.25043445
2010-11-30,48.66378587
2010-12-01,0.51405949
2010-12-02,-23.08075081
2010-12-03,-30.27473234
2010-12-06,-22.4363836
2010-12-07,-15.40841246
2010-12-08,-11.90160738
2010-12-09,-10.43289496
2010-12-10,-2.723676317
2010-12-13,5.251985207
2010-12-14,14.70494903
2010-12-15,22.75123208
2010-12-16,20.96326349
2010-12-17,16.19149832
2010-12-20,26.62368039
2010-12-21,29.46987864
2010-12-22,25.12599756
2010-12-23,43.04897377
2010-12-27,62.64303682
2010-12-28,67.90796463
2010-12-29,72.10418199
2010-12-30,80.90239217
2010-12-31,90.40810898
2011-01-03,67.12201541
2011-01-04,66.8683131
2011-01-05,61.51382599
2011-01-06,67.23720366
2011-01-07,66.9623816
2011-01-10,73.66812272
2011-01-11,67.32351147
2011-01-12,49.71264183
2011-01-13,53.53288243
2011-01-14,38.72508752
2011-01-18,45.47318168
2011-01-19,47.9274595
2011-01-20,57.41117501
2011-01-21,64.5145847
2011-01-24,54.36507624
2011-01-25,57.07814478
2011-01-26,48.0942421
2011-01-27,46.02024841
2011-01-28,49.52739968
2011-01-31,42.09029426
2011-02-01,2.677446551
2011-02-02,2.817840855
2011-02-03,0.282530988
2011-02-04,-3.654409351
2011-02-07,0.362724582
2011-02-08,-1.234400107
2011-02-09,3.831111261
2011-02-10,11.81524358
2011-02-11,9.541489131
2011-02-14,17.15001672
2011-02-15,25.84107542
2011-02-16,29.57248946
2011-02-17,32.99636963
2011-02-18,36.72431006
2011-02-22,39.22866135
2011-02-23,54.3689033
2011-02-24,51.92221027
2011-02-25,26.31286014
2011-02-28,20.86448994
2011-03-01,32.03276673
2011-03-02,33.94955297
2011-03-03,-4.882304208
2011-03-04,-0.105468955
2011-03-07,15.2850407
2011-03-08,5.945423136
2011-03-09,15.5212042
2011-03-10,10.8999116
2011-03-11,-4.853124871
2011-03-14,9.231234823
2011-03-15,38.46796041
2011-03-16,70.5081143
2011-03-17,36.19967696
2011-03-18,23.18143989
2011-03-21,-21.46142557
2011-03-22,-18.02048726
2011-03-23,-20.00695397
2011-03-24,-30.32648936
2011-03-25,-23.5749677
2011-03-28,0.103864207
2011-03-29,-8.380362398
2011-03-30,-7.83413627
2011-03-31,1.018571669
2011-04-01,4.135038409
2011-04-04,13.90273662
2011-04-05,20.52794417
2011-04-06,25.23650346
2011-04-07,36.12878176
2011-04-08,50.0386773
2011-04-11,43.9023746
2011-04-12,46.53389588
2011-04-13,52.77221021
2011-04-14,54.10460776
2011-04-15,47.27609528
2011-04-18,48.9577205
2011-04-19,37.57274652
2011-04-20,11.36324906
2011-04-21,7.709857678
2011-04-25,21.88907817
2011-04-26,14.39730705
2011-04-27,10.82777633
2011-04-28,5.830140521
2011-04-29,10.32227823
2011-05-02,26.23631648
2011-05-03,35.73234819
2011-05-04,36.92468274
2011-05-05,41.88425267
2011-05-06,46.35553547
2011-05-09,35.8554177
2011-05-10,20.02419069
2011-05-11,21.17922808
2011-05-12,14.12850029
2011-05-13,22.14699268
2011-05-16,34.62420248
2011-05-17,33.16352391
2011-05-18,16.52279962
2011-05-19,13.99712315
2011-05-20,31.25270159
2011-05-23,28.79251186
2011-05-24,28.64910434
2011-05-25,24.72967505
2011-05-26,17.69854581
2011-05-27,19.23760676
2011-05-31,5.817855775
2011-06-01,-6.400569846
2011-06-02,-3.862710286
2011-06-03,-7.759220236
2011-06-06,-5.995631981
2011-06-07,-4.653217521
2011-06-08,6.926835849
2011-06-09,-1.959890129
2011-06-10,-1.274123878
2011-06-13,12.20880572
2011-06-14,-8.048201299
2011-06-15,6.314777978
2011-06-16,26.42403121
2011-06-17,23.75572374
2011-06-20,9.668248127
2011-06-21,-8.68492815
2011-06-22,-8.139382303
2011-06-23,6.214867232
2011-06-24,20.20238107
2011-06-27,15.76772442
2011-06-28,-3.081342398
2011-06-29,-19.23429326
2011-06-30,-26.50195498
2011-07-01,-41.6513283
2011-07-05,-32.93644392
2011-07-06,-22.87308714
2011-07-07,-29.22349847
2011-07-08,-26.01529064
2011-07-11,-19.36736215
2011-07-12,1.299799553
2011-07-13,8.268022896
2011-07-14,21.00774544
2011-07-15,13.20249927
2011-07-18,28.17413473
2011-07-19,-3.318357158
2011-07-20,2.557304797
2011-07-21,-19.72798431
2011-07-22,-13.10979733
2011-07-25,9.685975485
2011-07-26,24.73719677
2011-07-27,26.75422862
2011-07-28,40.58841876
2011-07-29,59.392862
2011-08-01,49.38477927
2011-08-02,22.01927149
2011-08-03,12.61151714
2011-08-04,-8.621223768
2011-08-05,2.040347489
2011-08-08,23.32305453
2011-08-09,-150.0569921
2011-08-10,-107.2205631
2011-08-11,-179.4753057
2011-08-12,-192.8863592
2011-08-15,-233.8105478
2011-08-16,-209.3772019
2011-08-17,-202.8089099
2011-08-18,-127.3213207
2011-08-19,-109.8105869
2011-08-22,-94.31057061
2011-08-23,-165.42923
2011-08-24,-150.8863444
2011-08-25,-95.19129188
2011-08-26,-118.7830068
2011-08-29,-150.1536991
2011-08-30,-116.9892526
2011-08-31,-101.7702651
2011-09-01,-76.70641771
2011-09-02,-51.75095251
2011-09-06,4.407467979
2011-09-07,-34.55044719
2011-09-08,-6.998895275
2011-09-09,27.17451109
2011-09-12,43.79244676
2011-09-13,38.97907007
2011-09-14,24.08329358
2011-09-15,0.787024026
2011-09-16,6.09246181
2011-09-19,36.17996479
2011-09-20,52.08819124
2011-09-21,66.91414777
2011-09-22,78.30554917
2011-09-23,87.79114865
2011-09-26,56.47586924
2011-09-27,51.47675478
2011-09-28,80.28593977
2011-09-29,67.41617648
2011-09-30,95.08262117
2011-10-03,101.5908216
2011-10-04,50.56565572
2011-10-05,21.85691225
2011-10-06,7.855040231
2011-10-07,17.74316303
2011-10-10,-42.02611254
2011-10-11,-30.67161746
2011-10-12,-36.92621064
2011-10-13,-27.8819662
2011-10-14,-51.1228865
2011-10-17,-1.130548451
2011-10-18,-21.10346329
2011-10-19,16.61917661
2011-10-20,36.00455169
2011-10-21,0.951261518
2011-10-24,-12.89412201
2011-10-25,12.73525822
2011-10-26,-1.654950205
2011-10-27,-79.05193612
2011-10-28,-74.28750159
2011-10-31,-31.49206756
2011-11-01,-0.173492673
2011-11-02,-17.3853017
2011-11-03,-40.3186505
2011-11-04,-32.18127797
2011-11-07,-23.3942339
2011-11-08,-39.37515808
2011-11-09,3.773290024
2011-11-10,-20.31162233
2011-11-11,-49.42448979
2011-11-14,-28.32707053
2011-11-15,-13.85674115
2011-11-16,10.58954626
2011-11-17,21.97410724
2011-11-18,11.79142732
2011-11-21,18.90790809
2011-11-22,23.92147457
2011-11-23,35.26549826
2011-11-25,54.96026745
2011-11-28,8.698347169
2011-11-29,6.990863073
2011-11-30,-78.45203331
2011-12-01,-69.75783063
2011-12-02,-55.67200835
2011-12-05,-44.79419193
2011-12-06,-28.25305821
2011-12-07,-8.450077875
2011-12-08,0.770347768
2011-12-09,-40.24567814
2011-12-12,-45.9382819
2011-12-13,-39.68014442
2011-12-14,-27.56360257
2011-12-15,-24.20689093
2011-12-16,-18.95394299
2011-12-19,-8.011757464
2011-12-20,-57.3777045
2011-12-21,-62.36050716
2011-12-22,-55.67031176
2011-12-23,-50.73900737
2011-12-27,-25.01014653
2011-12-28,-5.288969099
2011-12-29,-8.66452366
2011-12-30,10.82097131
2012-01-03,-0.470812893
2012-01-04,1.392032206
2012-01-05,3.229630215
2012-01-06,4.498076945
2012-01-09,19.33252817
2012-01-10,18.72522913
2012-01-11,32.5694782
2012-01-12,35.88716194
2012-01-13,46.53382989
2012-01-17,67.24065488
2012-01-18,48.96619367
2012-01-19,45.06982867
2012-01-20,38.64211085
2012-01-23,52.09522259
2012-01-24,60.53088689
2012-01-25,49.6535128
2012-01-26,53.66459632
2012-01-27,58.63093922
2012-01-30,72.3887874
2012-01-31,78.35985567
2012-02-01,62.10891709
2012-02-02,61.07132824
2012-02-03,29.45459362
2012-02-06,39.53122567
2012-02-07,41.71641757
2012-02-08,50.31693733
2012-02-09,59.18033386
2012-02-10,77.76059403
2012-02-13,58.29602311
2012-02-14,67.57620448
2012-02-15,83.81177466
2012-02-16,53.94805524
2012-02-17,42.65919729
2012-02-21,50.81192286
2012-02-22,53.44009105
2012-02-23,41.3586403
2012-02-24,50.8514632
2012-02-27,64.01674027
2012-02-28,64.21149168
2012-02-29,69.54974935
2012-03-01,56.26755845
2012-03-02,59.65266094
2012-03-05,69.22252193
2012-03-06,70.23372829
2012-03-07,49.97506175
2012-03-08,31.94939516
2012-03-09,25.7598415
2012-03-12,15.23512423
2012-03-13,-20.5418255
2012-03-14,-11.53900707
2012-03-15,-9.662228112
2012-03-16,-14.51528787
2012-03-19,-5.674320427
2012-03-20,3.349897731
2012-03-21,3.46518295
2012-03-22,6.281727719
2012-03-23,2.882112864
2012-03-26,-18.13118595
2012-03-27,-0.393244558
2012-03-28,1.378641742
2012-03-29,7.242302304
2012-03-30,11.93653582
2012-04-02,12.59317753
2012-04-03,17.19572127
2012-04-04,19.08342895
2012-04-05,27.17680811
2012-04-09,39.03116288
2012-04-10,32.449363
2012-04-11,28.96436269
2012-04-12,-9.190558502
2012-04-13,6.443350424
2012-04-16,11.21717284
2012-04-17,-12.79284175
2012-04-18,-7.023767884
2012-04-19,-6.982893632
2012-04-20,-9.986654108
2012-04-23,5.317896677
2012-04-24,2.064371717
2012-04-25,-19.80301393
2012-04-26,-23.09499149
2012-04-27,-16.08955852
2012-04-30,-2.21301138
2012-05-01,-3.610352794
2012-05-02,6.300357996
2012-05-03,14.24583828
2012-05-04,13.28504625
2012-05-07,18.43305021
2012-05-08,25.43754724
2012-05-09,38.81114565
2012-05-10,32.55138003
2012-05-11,48.87711107
2012-05-14,61.47629594
2012-05-15,64.76084304
2012-05-16,71.73753008
2012-05-17,76.82860231
2012-05-18,83.04210522
2012-05-21,36.45597484
2012-05-22,46.69490073
2012-05-23,50.76394861
2012-05-24,49.0310925
2012-05-25,56.58494632
2012-05-29,42.10229851
2012-05-30,60.77125846
2012-05-31,65.41018372
2012-06-01,52.4306818
2012-06-04,53.15539737
2012-06-05,42.71549712
2012-06-06,-9.66581696
2012-06-07,-7.768042933
2012-06-08,-10.40757538
2012-06-11,9.476956616
2012-06-12,-6.356008122
2012-06-13,20.0442745
2012-06-14,-5.672450841
2012-06-15,-10.25447166
2012-06-18,-29.45148005
2012-06-19,-27.63764391
2012-06-20,-30.37496382
2012-06-21,-28.65760495
2012-06-22,-43.63324494
2012-06-25,-28.54603037
2012-06-26,-27.66664394
2012-06-27,-26.24687119
2012-06-28,-14.06761022
2012-06-29,-69.27107457
2012-07-02,-63.08360278
2012-07-03,-58.75464735
2012-07-05,-42.91543707
2012-07-06,-44.18191771
2012-07-09,-27.21308939
2012-07-10,-16.61946076
2012-07-11,-15.12352225
2012-07-12,-4.875665401
2012-07-13,-34.46380803
2012-07-16,-22.71163088
2012-07-17,-25.10392174
2012-07-18,-23.55349563
2012-07-19,-22.20130068
2012-07-20,-14.59070105
2012-07-23,10.86409935
2012-07-24,29.6585208
2012-07-25,26.37633204
2012-07-26,-8.110069039
2012-07-27,-35.58063904
2012-07-30,-15.31436195
2012-07-31,-0.361661659
2012-08-01,5.113842726
2012-08-02,-7.788193236
2012-08-03,-47.95422019
2012-08-06,-39.02735767
2012-08-07,-34.25276354
2012-08-08,-33.77308325
2012-08-09,-26.58226521
2012-08-10,-24.71292252
2012-08-13,-26.94319705
2012-08-14,-7.554926817
2012-08-15,-1.875565463
2012-08-16,-5.925466593
2012-08-17,-6.964228857
2012-08-20,7.126531208
2012-08-21,22.85798607
2012-08-22,31.91827592
2012-08-23,36.42477269
2012-08-24,29.8503602
2012-08-27,48.14100137
2012-08-28,54.43509178
2012-08-29,65.30483472
2012-08-30,66.86997418
2012-08-31,64.11392294
2012-09-04,73.949622
2012-09-05,73.97609167
2012-09-06,4.410561001
2012-09-07,-6.995623412
2012-09-10,11.00461119
2012-09-11,14.58859703
2012-09-12,11.72873899
2012-09-13,-27.60741617
2012-09-14,-20.54003605
2012-09-17,-16.2830052
2012-09-18,-15.85043787
2012-09-19,-13.88261811
2012-09-20,-6.411795955
2012-09-21,-1.314595677
2012-09-24,5.307427539
2012-09-25,7.876509851
2012-09-26,23.01011014
2012-09-27,-1.686466542
2012-09-28,10.59027431
2012-10-01,21.70639308
2012-10-02,21.76411711
2012-10-03,23.32373038
2012-10-04,13.78898005
2012-10-05,18.33181667
2012-10-08,28.98692428
2012-10-09,32.61491804
2012-10-10,31.39768257
2012-10-11,29.24165899
2012-10-12,38.44144129
2012-10-15,24.25826349
2012-10-16,14.50465028
2012-10-17,14.57698598
2012-10-18,17.38222537
2012-10-19,12.14173357
2012-10-22,11.88258512
2012-10-23,18.89222225
2012-10-24,17.6523679
2012-10-25,19.31161506
2012-10-26,21.22268976
2012-10-31,34.25275344
2012-11-01,6.600183111
2012-11-02,11.80762641
2012-11-05,24.84677674
2012-11-06,15.55227323
2012-11-07,-10.01373643
2012-11-08,-21.06128929
2012-11-09,-14.26985676
2012-11-12,-27.26333891
2012-11-13,-22.69328464
2012-11-14,-19.16376199
2012-11-15,-11.71537351
2012-11-16,-22.40379431
2012-11-19,-56.23633017
2012-11-20,-50.82600877
2012-11-21,-41.30469135
2012-11-23,-49.3300397
2012-11-26,-38.73040652
2012-11-27,-29.89471163
2012-11-28,-32.03399472
2012-11-29,-30.47223352
2012-11-30,-13.97013468
2012-12-03,-0.270299587
2012-12-04,12.88301848
2012-12-05,14.7707632
2012-12-06,23.37687871
2012-12-07,24.40096858
2012-12-10,33.0811324
2012-12-11,27.31383899
2012-12-12,37.72094257
2012-12-13,43.74477078
2012-12-14,52.09495421
2012-12-17,31.77801966
2012-12-18,14.43020139
2012-12-19,31.45388802
2012-12-20,35.02666975
2012-12-21,31.22549917
2012-12-24,34.91228058
2012-12-26,52.35582041
2012-12-27,56.21138672
2012-12-28,78.51871932
2012-12-31,9.103752465
2013-01-02,-65.25011021
2013-01-03,-62.51950709
2013-01-04,-66.7208426
2013-01-07,-62.37161073
2013-01-08,-58.92334616
2013-01-09,-51.12948244
2013-01-10,-53.24648962
2013-01-11,-47.19390227
2013-01-14,-38.02466288
2013-01-15,-29.75028697
2013-01-16,-22.48692876
2013-01-17,-17.89826948
2013-01-18,-22.60844824
2013-01-22,-18.09186233
2013-01-23,-10.20314683
2013-01-24,0.42313501
2013-01-25,4.717361542
2013-01-28,19.00768854
2013-01-29,19.68501412
2013-01-30,35.26491231
2013-01-31,41.60373524
2013-02-01,17.25302088
2013-02-04,19.11103733
2013-02-05,-0.384401483
2013-02-06,-0.709236764
2013-02-07,2.870126482
2013-02-08,-2.930153403
2013-02-11,-0.182315988
2013-02-12,-0.089056208
2013-02-13,7.124727447
2013-02-14,7.978210215
2013-02-15,10.06648127
2013-02-19,2.660414387
2013-02-20,9.496526098
2013-02-21,13.91425013
2013-02-22,-1.376867313
2013-02-25,18.80919321
2013-02-26,-1.489887711
2013-02-27,-31.75786357
2013-02-28,-19.13286083
2013-03-01,-15.86776278
2013-03-04,-25.99419127
2013-03-05,-34.38555024
2013-03-06,-28.26764787
2013-03-07,-27.76941394
2013-03-08,-29.63297827
2013-03-11,-35.62185778
2013-03-12,-23.33182386
2013-03-13,-21.76698978
2013-03-14,-25.64439824
2013-03-15,-19.48316681
2013-03-18,2.947740434
2013-03-19,19.23529311
2013-03-20,2.001794001
2013-03-21,12.08609231
2013-03-22,7.087419212
2013-03-25,13.3337027
2013-03-26,1.385086225
2013-03-27,9.416737405
2013-03-28,6.690937266
2013-04-01,15.86104607
2013-04-02,7.442412238
2013-04-03,10.45686579
2013-04-04,8.718947315
2013-04-05,9.833419609
2013-04-08,0.837179463
2013-04-09,-0.665023462
2013-04-10,-19.27708479
2013-04-11,-18.23136706
2013-04-12,-16.96100358
2013-04-15,-10.04805993
2013-04-16,-54.08728217
2013-04-17,-38.62291821
2013-04-18,-26.51921618
2013-04-19,-52.68486492
2013-04-22,-54.43719724
2013-04-23,-65.93089724
2013-04-24,-58.39465506
2013-04-25,-53.27175985
2013-04-26,-46.77600591
2013-04-29,-43.94595108
2013-04-30,-39.01868414
2013-05-01,-30.79201625
2013-05-02,-40.61932887
2013-05-03,-50.70548907
2013-05-06,-45.36778571
2013-05-07,-38.54139877
2013-05-08,-33.89469609
2013-05-09,-22.2335613
2013-05-10,-21.61158799
2013-05-13,-13.18618636
2013-05-14,-15.27936545
2013-05-15,-11.50683343
2013-05-16,-6.198326558
2013-05-17,-19.7148483
2013-05-20,-9.16258603
2013-05-21,-1.178860438
2013-05-22,-0.596422057
2013-05-23,5.29580421
2013-05-24,9.390724381
2013-05-28,13.53435535
2013-05-29,15.4546686
2013-05-30,15.57556097
2013-05-31,14.40326956
2013-06-03,14.94797971
2013-06-04,15.89474472
2013-06-05,13.29276862
2013-06-06,2.137410048
2013-06-07,-22.54498651
2013-06-10,-14.89301502
2013-06-11,-3.096881644
2013-06-12,11.03853671
2013-06-13,-22.8084391
2013-06-14,-13.07116603
2013-06-17,-15.76781286
2013-06-18,-16.95171059
2013-06-19,-26.41129958
2013-06-20,-23.79558403
2013-06-21,-34.22814193
2013-06-24,-25.33146071
2013-06-25,-40.62689114
2013-06-26,-51.84477496
2013-06-27,-50.22642205
2013-06-28,-43.39642055
2013-07-01,-41.95793361
2013-07-02,-32.54081389
2013-07-03,-25.77684148
2013-07-05,-40.23544093
2013-07-08,-35.28022774
2013-07-09,-35.87291039
2013-07-10,-28.52023201
2013-07-11,-39.41059485
2013-07-12,-33.54400863
2013-07-15,-25.37156939
2013-07-16,-12.26836739
2013-07-17,-10.88117689
2013-07-18,-5.523860088
2013-07-19,-9.188168133
2013-07-22,-3.736913454
2013-07-23,5.285662749
2013-07-24,13.82901188
2013-07-25,15.916594
2013-07-26,18.45972323
2013-07-29,26.79457647
2013-07-30,31.43659374
2013-07-31,36.87918423
2013-08-01,8.708471514
2013-08-02,2.780632459
2013-08-05,5.489799614
2013-08-06,12.82778055
2013-08-07,17.00286487
2013-08-08,15.78066492
2013-08-09,24.36651983
2013-08-12,20.95005645
2013-08-13,17.35064855
2013-08-14,22.60646865
2013-08-15,13.77363118
2013-08-16,11.60220702
2013-08-19,17.50600615
2013-08-20,16.98168435
2013-08-21,26.41400318
2013-08-22,9.277762517
2013-08-23,3.286187073
2013-08-26,15.26955988
2013-08-27,9.957844605
2013-08-28,10.41437971
2013-08-29,17.7517487
2013-08-30,23.45575692
2013-09-03,21.67243988
2013-09-04,11.16170934
2013-09-05,14.69998913
2013-09-06,20.65510515
2013-09-09,10.94398351
2013-09-10,-1.204094646
2013-09-11,-4.242237384
2013-09-12,4.512925326
2013-09-13,8.021093242
2013-09-16,11.57476842
2013-09-17,15.53078252
2013-09-18,-6.929021908
2013-09-19,-6.855173062
2013-09-20,-8.58444864
2013-09-23,5.651459869
2013-09-24,7.477941175
2013-09-25,10.96675348
2013-09-26,15.07036749
2013-09-27,30.60144779
2013-09-30,40.7253493
2013-10-01,25.64517232
2013-10-02,40.56736347
2013-10-03,44.74180079
2013-10-04,33.35458126
2013-10-07,55.61426056
2013-10-08,52.8410954
2013-10-09,49.49062163
2013-10-10,-18.5888344
2013-10-11,-25.26538143
2013-10-14,-18.54647421
2013-10-15,8.005354107
2013-10-16,-41.53829574
2013-10-17,-52.09787211
2013-10-18,-54.82424364
2013-10-21,-47.7861541
2013-10-22,-43.49670963
2013-10-23,-38.7050834
2013-10-24,-35.52011939
2013-10-25,-32.01291492
2013-10-28,-22.79251067
2013-10-29,-18.55645702
2013-10-30,-11.85997166
2013-10-31,-5.441842881
2013-11-01,-3.604935634
2013-11-04,-1.386957853
2013-11-05,8.475827159
2013-11-06,7.020290178
2013-11-07,2.204135275
2013-11-08,-20.68050127
2013-11-11,-20.00684534
2013-11-12,-13.13390528
2013-11-13,-18.9173853
2013-11-14,-18.32009432
2013-11-15,-18.19707202
2013-11-18,-6.737564881
2013-11-19,-0.223535246
2013-11-20,2.34857904
2013-11-21,-9.607437551
2013-11-22,-12.50867951
2013-11-25,-2.867740864
2013-11-26,2.226216366
2013-11-27,7.799280671
2013-11-29,20.08647802
2013-12-02,28.99482551
2013-12-03,35.30822759
2013-12-04,41.89122433
2013-12-05,46.96893671
2013-12-06,18.52413703
2013-12-09,20.02570438
2013-12-10,26.81711755
2013-12-11,26.87777444
2013-12-12,29.35434053
2013-12-13,35.14315798
2013-12-16,35.36599609
2013-12-17,39.08721486
2013-12-18,-12.87975737
2013-12-19,-6.108823195
2013-12-20,-8.710915083
2013-12-23,-15.50519782
2013-12-24,-18.24898965
2013-12-26,-18.55457628
2013-12-27,-12.85622026
2013-12-30,2.9760541
2013-12-31,6.692215004
2014-01-02,5.573426085
2014-01-03,5.857580057
2014-01-06,7.975795346
2014-01-07,1.527866231
2014-01-08,6.597729015
2014-01-09,12.01263833
2014-01-10,8.723849806
2014-01-13,1.690394991
2014-01-14,-17.71485224
2014-01-15,-16.49952982
2014-01-16,-9.507097634
2014-01-17,-7.648987033
2014-01-21,0.645728605
2014-01-22,4.115639333
2014-01-23,5.897242253
2014-01-24,9.550036017
2014-01-27,3.756210678
2014-01-28,-11.82158995
2014-01-29,-1.276308416
2014-01-30,-7.772322338
2014-01-31,4.760021647
2014-02-03,2.144792801
2014-02-04,-20.1204907
2014-02-05,-6.328903963
2014-02-06,-38.44141299
2014-02-07,-63.38354737
2014-02-10,-57.09548312
2014-02-11,-66.24916394
2014-02-12,-60.57761614
2014-02-13,-57.4720967
2014-02-14,-57.5235735
2014-02-18,-46.44182002
2014-02-19,-26.20115198
2014-02-20,-28.35528198
2014-02-21,-20.7434269
2014-02-24,-20.29996047
2014-02-25,-16.55882651
2014-02-26,-1.284805249
2014-02-27,0.262232769
2014-02-28,7.279365698
2014-03-03,27.42717032
2014-03-04,-10.65459912
2014-03-05,-5.414055322
2014-03-06,2.798577203
2014-03-07,7.421447027
2014-03-10,14.35309697
2014-03-11,21.12726678
2014-03-12,22.3853606
2014-03-13,25.5143056
2014-03-14,44.21689755
2014-03-17,15.46306775
2014-03-18,2.299402998
2014-03-19,8.033317254
2014-03-20,2.165691983
2014-03-21,10.28737597
2014-03-24,12.62557816
2014-03-25,4.091018816
2014-03-26,11.54167841
2014-03-27,12.83072668
2014-03-28,12.86152876
2014-03-31,4.458904165
2014-04-01,-4.354894812
2014-04-02,-0.409134664
2014-04-03,6.390088907
2014-04-04,-3.204298265
2014-04-07,4.700804128
2014-04-08,0.753376622
2014-04-09,-17.32501154
2014-04-10,-28.89063819
2014-04-11,-19.58382821
2014-04-14,-29.19406184
2014-04-15,-32.60731662
2014-04-16,-50.23264204
2014-04-17,-53.11086024
2014-04-21,-49.75129787
2014-04-22,-45.92782078
2014-04-23,-39.12738084
2014-04-24,-32.08569546
2014-04-25,-25.63518302
2014-04-28,-20.82352168
2014-04-29,-18.94782169
2014-04-30,-15.61238125
2014-05-01,-9.460977698
2014-05-02,-5.327346812
2014-05-05,5.936429981
2014-05-06,6.066325808
2014-05-07,4.913883122
2014-05-08,12.01997481
2014-05-09,13.94702732
2014-05-12,-0.18786592
2014-05-13,3.308608189
2014-05-14,4.382124052
2014-05-15,5.87108224
2014-05-16,0.281134578
2014-05-19,1.159640062
2014-05-20,3.998921381
2014-05-21,-11.61253313
2014-05-22,-7.682517997
2014-05-23,-13.16494839
2014-05-27,-12.67460816
2014-05-28,-7.413578983
2014-05-29,-8.941420201
2014-05-30,-7.23101577
2014-06-02,-1.290801768
2014-06-03,6.145769809
2014-06-04,12.06678111
2014-06-05,4.535046573
2014-06-06,-4.569785967
2014-06-09,3.590488638
2014-06-10,6.438676319
2014-06-11,14.24213625
2014-06-12,18.1560494
2014-06-13,16.44776033
2014-06-16,25.00241452
2014-06-17,21.58121655
2014-06-18,-0.566189587
2014-06-19,2.574417289
2014-06-20,7.538437467
2014-06-23,11.84735768
2014-06-24,17.86917405
2014-06-25,10.94189813
2014-06-26,13.74551398
2014-06-27,12.16946846
2014-06-30,18.13315049
2014-07-01,7.769509039
2014-07-02,7.29504813
2014-07-03,-0.432967914
2014-07-07,9.883204284
2014-07-08,10.58465218
2014-07-09,6.478467365
2014-07-10,15.94919611
2014-07-11,13.62904667
2014-07-14,10.08094491
2014-07-15,13.77054642
2014-07-16,3.945825993
2014-07-17,21.2204326
2014-07-18,-13.44574311
2014-07-21,-3.804523216
2014-07-22,-9.577167651
2014-07-23,-13.73520897
2014-07-24,-6.690415212
2014-07-25,1.734656327
2014-07-28,4.270653767
2014-07-29,11.91221235
2014-07-30,16.64629453
2014-07-31,9.784093333
2014-08-01,13.35854288
2014-08-04,-6.796774369
2014-08-05,5.883010747
2014-08-06,5.476991664
2014-08-07,9.598603371
2014-08-08,-7.413205788
2014-08-11,-18.71141293
2014-08-12,-14.62750475
2014-08-13,-26.49903668
2014-08-14,-27.69131616
2014-08-15,-14.21239819
2014-08-18,-25.85646166
2014-08-19,-24.7577934
2014-08-20,-24.37512812
2014-08-21,-20.10852081
2014-08-22,-17.61435743
2014-08-25,-12.71075199
2014-08-26,-7.22971693
2014-08-27,1.068745917
2014-08-28,9.974167262
2014-08-29,13.8576059
2014-09-02,21.42109122
2014-09-03,27.47867954
2014-09-04,34.48227922
2014-09-05,26.56245117
2014-09-08,34.1894625
2014-09-09,37.28671103
2014-09-10,31.29386179
2014-09-11,33.37467116
2014-09-12,34.25700758
2014-09-15,45.08987702
2014-09-16,23.43158403
2014-09-17,25.15014072
2014-09-18,16.88940739
2014-09-19,19.99380571
2014-09-22,26.84826454
2014-09-23,36.29668529
2014-09-24,13.25722752
2014-09-25,8.756682479
2014-09-26,-3.834572791
2014-09-29,9.832203517
2014-09-30,15.73255054
2014-10-01,5.492238529
2014-10-02,3.902104645
2014-10-03,-19.96404028
2014-10-06,-6.663711029
2014-10-07,-5.361681181
2014-10-08,-44.35992494
2014-10-09,-31.67429349
2014-10-10,-10.10428661
2014-10-13,13.04360736
2014-10-14,0.484711316
2014-10-15,37.29247332
2014-10-16,34.12802928
2014-10-17,-2.243865094
2014-10-20,-34.42848351
2014-10-21,-75.02730554
2014-10-22,-52.49161078
2014-10-23,-66.84313999
2014-10-24,-65.5008753
2014-10-27,-57.5930192
2014-10-28,-75.54996226
2014-10-29,-58.75408287
2014-10-30,-58.50518259
2014-10-31,-64.69859915
2014-11-03,-47.6612891
2014-11-04,-36.70835897
2014-11-05,-36.63566834
2014-11-06,-32.84812615
2014-11-07,-28.41488134
2014-11-10,-25.61513212
2014-11-11,-14.5098096
2014-11-12,-5.641761171
2014-11-13,10.34465982
2014-11-14,13.98500434
2014-11-17,29.31369644
2014-11-18,29.05520068
2014-11-19,37.17065322
2014-11-20,38.2286609
2014-11-21,30.55410226
2014-11-24,30.49604468
2014-11-25,30.93134546
2014-11-26,31.71503881
2014-11-28,46.21353671
2014-12-01,48.69049907
2014-12-02,29.52341011
2014-12-03,25.04669456
2014-12-04,26.10880216
2014-12-05,22.27164691
2014-12-08,38.09796958
2014-12-09,46.9811979
2014-12-10,48.46346506
2014-12-11,63.79019446
2014-12-12,49.83930547
2014-12-15,42.34519277
2014-12-16,70.47854454
2014-12-17,0.978309791
2014-12-18,-57.26898773
2014-12-19,-57.45878138
2014-12-22,-65.68999172
2014-12-23,-64.47968715
2014-12-24,-62.14077959
2014-12-26,-55.17148859
2014-12-29,-42.05500543
2014-12-30,-28.74738682
2014-12-31,0.879375925
2015-01-02,-5.19890659
2015-01-05,-4.700999398
2015-01-06,8.929083394
2015-01-07,-11.05552901
2015-01-08,-47.26982865
2015-01-09,-38.37760856
2015-01-12,-13.62786219
2015-01-13,4.179047
2015-01-14,19.70320445
2015-01-15,30.29945421
2015-01-16,10.83123195
2015-01-20,8.889132506
2015-01-21,4.491116668
2015-01-22,-32.41089168
2015-01-23,-26.01810878
2015-01-26,-31.23327957
2015-01-27,-22.16366316
2015-01-28,3.306887382
2015-01-29,-12.84968636
2015-01-30,4.602178102
2015-02-02,-14.48978531
2015-02-03,-41.4388366
2015-02-04,-24.42800221
2015-02-05,-39.09850163
2015-02-06,-27.66639886
2015-02-09,-8.53328635
2015-02-10,-23.80604612
2015-02-11,-19.00125619
2015-02-12,-35.91403166
2015-02-13,-36.11059662
2015-02-17,-16.99509558
2015-02-18,-11.91584287
2015-02-19,-5.343837738
2015-02-20,-12.10926009
2015-02-23,-0.752441152
2015-02-24,-2.549221971
2015-02-25,7.31720989
2015-02-26,16.33974856
2015-02-27,16.93433951
2015-03-02,14.17770626
2015-03-03,25.68188346
2015-03-04,32.20054009
2015-03-05,35.61229604
2015-03-06,21.6338216
2015-03-09,22.15465268
2015-03-10,10.90118046
2015-03-11,15.92877559
2015-03-12,-9.497976479
2015-03-13,-3.543334593
2015-03-16,-19.12509525
2015-03-17,-15.79308851
2015-03-18,-40.91862606
2015-03-19,-37.54133027
2015-03-20,-50.12850555
2015-03-23,-41.2478424
2015-03-24,-37.38210725
2015-03-25,-31.9881923
2015-03-26,-23.12361438
2015-03-27,-24.61673283
2015-03-30,-37.0023147
2015-03-31,-29.21570253
2015-04-01,-25.55559115
2015-04-02,-23.86563475
2015-04-06,-20.02069966
2015-04-07,-12.0952619
2015-04-08,-13.35516187
2015-04-09,-16.97202237
2015-04-10,-18.75083622
2015-04-13,-0.895713079
2015-04-14,2.720599499
2015-04-15,-2.809712569
2015-04-16,0.842893556
2015-04-17,2.027805236
2015-04-20,-8.661622161
2015-04-21,-4.162829577
2015-04-22,-7.71038463
2015-04-23,-5.273523399
2015-04-24,-2.291879209
2015-04-27,7.936300766
2015-04-28,4.421159181
2015-04-29,16.84860257
2015-04-30,17.5396196
2015-05-01,-11.7026663
2015-05-04,-7.671602602
2015-05-05,-4.965747914
2015-05-06,4.946431144
2015-05-07,7.172089395
2015-05-08,-29.63503552
2015-05-11,-18.10584421
2015-05-12,-14.40296222
2015-05-13,-10.43462704
2015-05-14,-28.30657148
2015-05-15,-26.87592092
2015-05-18,-19.07173144
2015-05-19,-12.63628716
2015-05-20,-7.275451584
2015-05-21,-10.58694359
2015-05-22,-5.80731788
2015-05-26,3.272971292
2015-05-27,-9.44058216
2015-05-28,-3.870744248
2015-05-29,1.882511542
2015-06-01,8.449324875
2015-06-02,16.72597836
2015-06-03,15.50211245
2015-06-04,20.12079521
2015-06-05,19.41023244
2015-06-08,28.72126114
2015-06-09,25.35584497
2015-06-10,-2.388700888
2015-06-11,-2.83620575
2015-06-12,4.075522026
2015-06-15,21.53340323
2015-06-16,15.22304095
2015-06-17,15.49833407
2015-06-18,-5.872100061
2015-06-19,2.477581512
2015-06-22,-9.888714129
2015-06-23,-11.57802322
2015-06-24,-2.398919865
2015-06-25,8.305219863
2015-06-26,12.68723545
2015-06-29,19.17639466
2015-06-30,16.17677791
2015-07-01,-5.367929842
2015-07-02,6.530299862
2015-07-06,12.2237779
2015-07-07,4.071551633
2015-07-08,19.20087012
2015-07-09,26.91365415
2015-07-10,-11.88008996
2015-07-13,-45.88239412
2015-07-14,-47.40744223
2015-07-15,-42.9600254
2015-07-16,-54.26699668
2015-07-17,-49.63542992
2015-07-20,-39.80330193
2015-07-21,-35.79933865
2015-07-22,-30.59615432
2015-07-23,-22.7786988
2015-07-24,-18.23886462
2015-07-27,3.458900419
2015-07-28,-26.68178165
2015-07-29,-34.30605456
2015-07-30,-32.38318095
2015-07-31,-27.19486781
2015-08-03,-17.69409231
2015-08-04,-7.537119078
2015-08-05,-7.245364615
2015-08-06,3.35266248
2015-08-07,3.701894362
2015-08-10,-22.16759985
2015-08-11,-12.67979526
2015-08-12,-9.603115001
2015-08-13,-6.468122575
2015-08-14,-10.38030192
2015-08-17,-7.408507024
2015-08-18,4.272877211
2015-08-19,14.90469568
2015-08-20,15.35770774
2015-08-21,41.98792164
2015-08-24,100.2342815
2015-08-25,50.86985475
2015-08-26,-53.89212526
2015-08-27,-108.7659098
2015-08-28,-100.8149511
2015-08-31,-70.54965409
2015-09-01,-63.7514894
2015-09-02,-117.7575721
2015-09-03,-110.6208432
2015-09-04,-85.77482122
2015-09-08,-124.818195
2015-09-09,-105.2497384
2015-09-10,-110.4234888
2015-09-11,-107.4496485
2015-09-14,-81.16371035
2015-09-15,-90.15903369
2015-09-16,-88.42143221
2015-09-17,-72.11765432
2015-09-18,-57.75581958
2015-09-21,-60.94129037
2015-09-22,-28.41586962
2015-09-23,-13.65014562
2015-09-24,14.54473679
2015-09-25,32.27671658
2015-09-28,38.10668543
2015-09-29,40.60694656
2015-09-30,6.542706241
2015-10-01,-1.883828569
2015-10-02,-21.31627091
2015-10-05,-45.75773954
2015-10-06,-38.6776538
2015-10-07,-43.5767145
2015-10-08,-50.5293409
2015-10-09,-45.80722516
2015-10-12,-46.28785741
2015-10-13,-26.71442373
2015-10-14,-15.82507242
2015-10-15,-44.64105772
2015-10-16,-47.51946362
2015-10-19,-38.6487848
2015-10-20,-21.92145116
2015-10-21,-6.87885767
2015-10-22,-44.84631599
2015-10-23,-45.64732608
2015-10-26,-28.49247567
2015-10-27,-17.91246785
2015-10-28,-33.91761315
2015-10-29,-23.07872128
2015-10-30,-13.84591906
2015-11-02,-29.02852931
2015-11-03,-19.18306902
2015-11-04,-5.093524006
2015-11-05,-3.659696601
2015-11-06,-4.473830801
2015-11-09,11.37220528
2015-11-10,4.895862021
2015-11-11,17.68112357
2015-11-12,25.29100218
2015-11-13,36.36785302
2015-11-16,3.674444736
2015-11-17,15.76159199
2015-11-18,-19.19343188
2015-11-19,-11.83068097
2015-11-20,-21.89567614
2015-11-23,-14.54140314
2015-11-24,-5.62581698
2015-11-25,-6.488802521
2015-11-27,-0.352325219
2015-11-30,12.18016073
2015-12-01,-10.17160884
2015-12-02,-4.280937474
2015-12-03,4.412328812
2015-12-04,-53.92007868
2015-12-07,-41.5298993
2015-12-08,-20.86800139
2015-12-09,1.297493962
2015-12-10,5.145919577
2015-12-11,34.43922307
2015-12-14,23.35527448
2015-12-15,4.483905984
2015-12-16,-33.81592285
2015-12-17,-31.51057252
2015-12-18,-26.67746844
2015-12-21,-44.0767168
2015-12-22,-63.05138101
2015-12-23,-75.63623239
2015-12-24,-66.14841543
2015-12-28,-46.13455138
2015-12-29,-54.20258391
2015-12-30,-36.81179588
2015-12-31,-24.89961103
2016-01-04,-7.63406376
2016-01-05,-12.12575441
2016-01-06,-3.309726669
2016-01-07,12.74528117
2016-01-08,33.80213707
2016-01-11,15.27002163
2016-01-12,1.701252656
2016-01-13,1.034614726
2016-01-14,-18.07555714
2016-01-15,-2.598381881
2016-01-19,-3.337098741
2016-01-20,13.41807421
2016-01-21,12.07373578
2016-01-22,-44.6423757
2016-01-25,-30.46368537
2016-01-26,-47.91189588
2016-01-27,-38.72363309
2016-01-28,-37.23692884
2016-01-29,-79.91817711
2016-02-01,-71.55547067
2016-02-02,-59.19522598
2016-02-03,-52.57126733
2016-02-04,-39.02166073
2016-02-05,-31.61037673
2016-02-08,-4.590390378
2016-02-09,12.0240744
2016-02-10,21.53425132
2016-02-11,41.45705887
2016-02-12,3.908475569
2016-02-16,-13.29508234
2016-02-17,-35.410188
2016-02-18,-33.64839591
2016-02-19,-33.91215226
2016-02-22,-48.06474654
2016-02-23,-30.74790279
2016-02-24,-24.21366843
2016-02-25,-38.54225462
2016-02-26,-21.45430753
2016-02-29,-8.680129166
2016-03-01,-62.27612014
2016-03-02,-60.6870739
2016-03-03,-55.82502234
2016-03-04,-45.78193264
2016-03-07,-30.92664346
2016-03-08,-18.62934807
2016-03-09,-14.70711361
2016-03-10,-8.169320458
2016-03-11,-36.22178688
2016-03-14,-22.63238792
2016-03-15,-14.00822107
2016-03-16,-26.79713
2016-03-17,-28.32770058
2016-03-18,-26.8806081
2016-03-21,-21.17453022
2016-03-22,-8.845975571
2016-03-23,1.109724238
2016-03-24,6.721551217
2016-03-28,19.67401707
2016-03-29,1.513618701
2016-03-30,3.726799376
2016-03-31,14.47028741
2016-04-01,4.863741105
2016-04-04,18.38340554
2016-04-05,22.14849247
2016-04-06,0.707419926
2016-04-07,10.94083694
2016-04-08,6.504722329
2016-04-11,19.36907834
2016-04-12,-0.019405816
2016-04-13,-16.58821939
2016-04-14,-13.73148036
2016-04-15,-10.36622931
2016-04-18,-13.84102345
2016-04-19,-11.58028124
2016-04-20,-6.401272365
2016-04-21,1.420704596
2016-04-22,-0.509210378
2016-04-25,12.88333893
2016-04-26,16.70213196
2016-04-27,20.19698732
2016-04-28,25.8123933
2016-04-29,32.05291444
2016-05-02,18.75956901
2016-05-03,23.36937106
2016-05-04,28.65978652
2016-05-05,32.35425774
2016-05-06,23.65161098
2016-05-09,26.28548132
2016-05-10,0.506191338
2016-05-11,4.678708378
2016-05-12,5.682162402
2016-05-13,6.974564746
2016-05-16,-3.130569052
2016-05-17,0.57683635
2016-05-18,8.357366024
2016-05-19,14.74474375
2016-05-20,3.779591602
2016-05-23,14.15516445
2016-05-24,-14.75861587
2016-05-25,-19.94902679
2016-05-26,-19.382684
2016-05-27,-19.11235881
2016-05-31,-2.932396409
2016-06-01,2.863877186
2016-06-02,1.650037758
2016-06-03,4.281083452
2016-06-06,7.772322814
2016-06-07,17.37709867
2016-06-08,21.72292116
2016-06-09,33.07138231
2016-06-10,48.23635101
2016-06-13,83.04760413
2016-06-14,82.78325957
2016-06-15,83.4960251
2016-06-16,78.63700971
2016-06-17,81.29910338
2016-06-20,69.49299743
2016-06-21,73.63696823
2016-06-22,104.361553
2016-06-23,43.80489883
2016-06-24,29.66704705
2016-06-27,-4.520529583
2016-06-28,-67.58151228
2016-06-29,-98.20778846
2016-06-30,-111.8236147
2016-07-01,-114.0763627
2016-07-05,-101.6132462
2016-07-06,-101.7128558
2016-07-07,-95.0202781
2016-07-08,-117.3195358
2016-07-11,-105.5398137
2016-07-12,-99.22102627
2016-07-13,-93.98916892
2016-07-14,-88.20057423
2016-07-15,-78.53521598
2016-07-18,-69.73977549
2016-07-19,-62.35482565
2016-07-20,-54.3482877
2016-07-21,-33.59561563
2016-07-22,-30.58623244
2016-07-25,-9.823592467
2016-07-26,5.715085464
2016-07-27,12.81884641
2016-07-28,19.62320393
2016-07-29,17.73223043
2016-08-01,28.91041469
2016-08-02,33.2196297
2016-08-03,30.6126597
2016-08-04,30.73229959
2016-08-05,10.07995355
2016-08-08,15.25594588
2016-08-09,19.57770363
2016-08-10,24.3316124
2016-08-11,18.35668766
2016-08-12,19.45863677
2016-08-15,22.70193816
2016-08-16,27.20859854
2016-08-17,24.49727651
2016-08-18,18.5232428
2016-08-19,19.83564683
2016-08-22,31.85058828
2016-08-23,34.5295073
2016-08-24,41.00924738
2016-08-25,44.99907851
2016-08-26,47.36535099
2016-08-29,36.60682178
2016-08-30,40.37010775
2016-08-31,44.9975273
2016-09-01,48.44552419
2016-09-02,31.60467264
2016-09-06,32.61745338
2016-09-07,34.02684886
2016-09-08,40.59356537
2016-09-09,13.66307702
2016-09-12,-25.04104055
2016-09-13,-12.15789797
2016-09-14,-5.785336692
2016-09-15,-28.31585887
2016-09-16,-34.52743564
2016-09-19,-27.95741132
2016-09-20,-18.54679166
2016-09-21,-50.8826203
2016-09-22,-61.82706512
2016-09-23,-56.22057057
2016-09-26,-34.85527776
2016-09-27,-46.28689015
2016-09-28,-49.33160428
2016-09-29,-34.54227176
2016-09-30,-40.6822568
2016-10-03,-31.49490539
2016-10-04,-25.67448808
2016-10-05,-25.98970814
2016-10-06,-18.84428345
2016-10-07,-5.012109979
2016-10-10,0.152055012
2016-10-11,7.507176215
2016-10-12,18.46197694
2016-10-13,29.84594825
2016-10-14,29.48278317
2016-10-17,33.81787583
2016-10-18,23.87814037
2016-10-19,19.66515622
2016-10-20,18.3146199
2016-10-21,19.49116405
2016-10-24,16.88833703
2016-10-25,23.54561657
2016-10-26,35.41402525
2016-10-27,49.33422845
2016-10-28,60.11723139
2016-10-31,72.97391505
2016-11-01,81.96414843
2016-11-02,85.41226507
2016-11-03,113.0009569
2016-11-04,120.2543333
2016-11-07,28.75112623
2016-11-08,30.94974185
2016-11-09,-20.26336055
2016-11-10,-13.79476032
2016-11-11,-15.91369457
2016-11-14,-8.50805707
2016-11-15,-22.03867404
2016-11-16,-14.24777159
2016-11-17,-16.03331635
2016-11-18,-16.82583823
2016-11-21,-23.13928182
2016-11-22,-18.53942888
2016-11-23,-12.79253676
2016-11-25,-10.38968925
2016-11-28,-0.643642259
2016-11-29,2.687569513
2016-11-30,12.07717634
2016-12-01,23.75794337
2016-12-02,30.88222308
2016-12-05,10.98315107
2016-12-06,11.74791971
2016-12-07,-3.240322197
2016-12-08,3.66331654
2016-12-09,-6.522139138
2016-12-12,5.217837232
2016-12-13,3.077031894
2016-12-14,2.312800976
2016-12-15,-0.209765901
2016-12-16,-3.111487659
2016-12-19,-4.898544427
2016-12-20,-5.90183127
2016-12-21,-4.776801681
2016-12-22,-0.001710811
2016-12-23,3.825452881
2016-12-27,12.40387811
2016-12-28,13.3105306
2016-12-29,21.38862831
2016-12-30,28.29496506
2017-01-03,9.296598672
2017-01-04,-1.465832627
2017-01-05,0.93375698
2017-01-06,-0.332987978
2017-01-09,4.357718589
2017-01-10,7.22446279
2017-01-11,6.921697996
2017-01-12,12.32759612
2017-01-13,12.21824433
2017-01-17,20.11146102
2017-01-18,28.57860869
2017-01-19,31.51114192
2017-01-20,19.60306245
2017-01-23,23.39288894
2017-01-24,10.47078046
2017-01-25,-0.423649121
2017-01-26,0.768877868
2017-01-27,3.518540446
2017-01-30,13.14634119
2017-01-31,17.11438845
2017-02-01,18.64016695
2017-02-02,23.14499472
2017-02-03,5.537933012
2017-02-06,11.08536655
2017-02-07,12.97906452
2017-02-08,17.26188181
2017-02-09,7.210738463
2017-02-10,7.143452046
2017-02-13,6.932642181
2017-02-14,3.500786021
2017-02-15,14.24410688
2017-02-16,15.06319377
2017-02-17,15.02684841
2017-02-21,11.9390565
2017-02-22,16.64459533
2017-02-23,19.79162561
2017-02-24,20.08742174
2017-02-27,28.37538015
2017-02-28,35.99647315
2017-03-01,2.495375843
2017-03-02,-7.00048619
2017-03-03,-12.76029755
2017-03-06,-8.586921849
2017-03-07,-4.521818216
2017-03-08,1.876328271
2017-03-09,9.61266793
2017-03-10,4.624814634
2017-03-13,5.365424467
2017-03-14,16.04002626
2017-03-15,0.663958731
2017-03-16,-0.602686069
2017-03-17,3.353380092
2017-03-20,6.733464041
2017-03-21,-2.126531242
2017-03-22,4.213589343
2017-03-23,10.76346843
2017-03-24,13.01250833
2017-03-27,12.45753767
2017-03-28,-2.063508475
2017-03-29,1.165126023
2017-03-30,5.089568225
2017-03-31,15.68054362
2017-04-03,18.42482609
2017-04-04,15.92087798
2017-04-05,28.09606231
2017-04-06,25.7202893
2017-04-07,34.03856825
2017-04-10,49.60387981
2017-04-11,63.04815799
2017-04-12,69.68035198
2017-04-13,64.23610108
2017-04-17,40.5879568
2017-04-18,39.72936323
2017-04-19,47.58443607
2017-04-20,33.29248769
2017-04-21,38.69671597
2017-04-24,-13.95416085
2017-04-25,-17.26907075
2017-04-26,-13.64366628
2017-04-27,-15.45685613
2017-04-28,-8.635102999
2017-05-01,-13.14440707
2017-05-02,-5.276358684
2017-05-03,-1.218744336
2017-05-04,0.279852924
2017-05-05,0.901720658
2017-05-08,-3.201287727
2017-05-09,2.429223425
2017-05-10,8.765738013
2017-05-11,14.42579055
2017-05-12,17.25838389
2017-05-15,15.17098012
2017-05-16,21.36509776
2017-05-17,21.04161656
2017-05-18,12.99386796
2017-05-19,-15.37085076
