"DATE","OPEN","HIGH","LOW","CLOSE","VOLUME","ADJUSTED"
"2010-01-22",627.7,630.6,615.52,617.12,1,617.12
"2010-01-25",620.92,621.78,614.18,618.11,1,618.11
"2010-01-27",610.29,618.76,607.95,618.38,1,618.38
"2010-01-28",619.65,620.18,603.26,607.93,1,607.93
"2010-01-29",610,616.03,600.53,602.04,1,602.04
"2010-02-01",603.55,609.27,602.54,609.25,1,609.25
"2010-02-02",610.14,615.6,607.41,614.05,1,614.05
"2010-02-03",612.26,615.74,606.64,610.66,1,610.66
"2010-02-04",610.63,610.63,589.68,589.68,1,589.68
"2010-02-05",590.15,592.99,580.49,592.98,1,592.98
"2010-02-08",592.17,595.29,586.37,586.49,1,586.49
"2010-02-09",591.81,597.35,588.21,595.17,1,595.17
"2010-02-10",593.26,596.83,587.43,595.82,1,595.82
"2010-02-11",594.28,605.6,590.62,605.46,1,605.46
"2010-02-12",600.92,610.72,598.12,610.72,1,610.72
"2010-02-16",613.8,620.84,611.58,620.84,1,620.84
"2010-02-17",622.41,625.15,620.33,624.83,1,624.83
"2010-02-18",623.6,629.32,622.89,629.32,1,629.32
"2010-02-19",628.64,632.84,626.6,631.62,1,631.62
"2010-02-22",633.55,633.55,630.46,632.25,1,632.25
"2010-02-23",630.95,631.5,623.77,625.07,1,625.07
"2010-02-24",625.85,632.28,625.75,630.43,1,630.43
"2010-02-25",624.71,630.46,620.61,630.46,1,630.46
"2010-02-26",630.76,630.76,625.26,628.56,1,628.56
"2010-03-01",630.73,642.65,630.73,642.65,1,642.65
"2010-03-02",643.6,650.3,643.6,648.3,1,648.3
"2010-03-03",649.6,653.9,647.6,649.3,1,649.3
"2010-03-04",650,652.5,648.2,652.5,1,652.5
"2010-03-05",655,666,655,666,1,666
"2010-03-08",665.9,668.2,665,667.1,1,667.1
"2010-03-09",665.1,673.4,664.6,669.6,1,669.6
"2010-03-10",669.9,677.5,669.9,674.9,1,674.9
"2010-03-11",671.6,677.2,668.9,677.2,1,677.2
"2010-03-12",678.9,678.9,672.6,676.6,1,676.6
"2010-03-15",675.3,676.2,669.4,674.4,1,674.4
"2010-03-16",674.6,679.6,673.1,679.6,1,679.6
"2010-03-17",680.4,686.9,680.2,684,1,684
"2010-03-18",682.1,686,680.8,681.6,1,681.6
"2010-03-19",682.4,683.6,671.2,673.9,1,673.9
"2010-03-22",669.9,683.3,667.5,682.9,1,682.9
"2010-03-23",683.1,690.9,680.6,690.3,1,690.3
"2010-03-24",688.1,689.4,683.4,683.7,1,683.7
"2010-03-25",687.1,693.3,678.9,679.1,1,679.1
"2010-03-26",679.1,685.5,676.8,679,1,679
"2010-03-29",680.6,683.5,679.3,682.3,1,682.3
"2010-03-30",682.9,686.6,679.9,683.9,1,683.9
"2010-03-31",681.4,686.4,681.3,685.4,1,685.4
"2010-04-01",681.6,686.5,677.8,684,1,684
"2010-04-05",686.2,697.7,685.5,697.7,1,697.7
"2010-04-06",695,702.7,693.9,701.5,1,701.5
"2010-04-07",700.2,702.8,695.4,699.5,1,699.5
"2010-04-08",697.4,701.5,692.5,699.6,1,699.6
"2010-04-09",700.9,703,696.1,703,1,703
"2010-04-12",703.7,706.5,702,705.1,1,705.1
"2010-04-13",704,707.2,700.4,707,1,707
"2010-04-14",709.9,722.4,709.9,722.4,1,722.4
"2010-04-15",722.1,725.1,720.7,724.2,1,724.2
"2010-04-16",723.6,724,710.3,714.6,1,714.6
"2010-04-19",714.4,716.8,702.3,711.4,1,711.4
"2010-04-20",713.4,721.6,712.4,721.6,1,721.6
"2010-04-21",721.5,726.8,719.9,726.2,1,726.2
"2010-04-22",721.1,734.4,715.6,734.3,1,734.3
"2010-04-23",734.5,741.9,731.7,741.9,1,741.9
"2010-04-26",741.6,746,738.6,738.9,1,738.9
"2010-04-27",736.1,741.7,720.5,721.3,1,721.3
"2010-04-28",724,726.7,719.8,722.4,1,722.4
"2010-04-29",725.9,737.7,724.3,737.7,1,737.7
"2010-04-30",738.3,738.6,716.5,716.6,1,716.6
"2010-05-03",719.3,732.9,719.3,732.8,1,732.8
"2010-05-04",726.4,726.4,705.8,709.7,1,709.7
"2010-05-05",703.3,708.6,693.9,698.6,1,698.6
"2010-05-06",695.7,700.9,639.1,672.2,1,672.2
"2010-05-07",671.1,675.5,647.8,653,1,653
"2010-05-10",668.3,689.9,668.3,689.6,1,689.6
"2010-05-11",684,704,680.6,695.5,1,695.5
"2010-05-12",695.7,716.2,695.7,716.1,1,716.1
"2010-05-13",713.7,719.7,706,709.9,1,709.9
"2010-05-14",709.3,709.3,686.5,694,1,694
"2010-05-17",696.6,703.6,677.9,695.7,1,695.7
"2010-05-18",701,705.3,681.5,682.8,1,682.8
"2010-05-19",680.2,686.2,665.8,674.4,1,674.4
"2010-05-20",665.9,665.9,640,640,1,640
"2010-05-21",635,654.5,629.6,649.3,1,649.3
"2010-05-24",648.1,652.8,641.2,641.2,1,641.2
"2010-05-25",648.1,652.8,617.6,640,1,640
"2010-05-26",642.9,658,640.4,642.6,1,642.6
"2010-05-27",650.8,670.6,650.7,670.5,1,670.5
"2010-05-28",668.8,670.1,657.4,661.6,1,661.6
"2010-06-01",657.5,662.7,641,641,1,641
"2010-06-02",644.1,660.5,640.4,660.5,1,660.5
"2010-06-03",661.2,669.4,658.9,667.4,1,667.4
"2010-06-04",658.6,658.6,633.1,634,1,634
"2010-06-07",636.01,639.22,617.99,618.49,1,618.49
"2010-06-08",620.33,623.83,607.29,617.69,1,617.69
"2010-06-09",619.98,632.24,615.56,618.29,1,618.29
"2010-06-10",624.19,639.79,624.19,639.79,1,639.79
"2010-06-11",634.18,649,632.82,649,1,649
"2010-06-14",653.9,663,651,652.3,1,652.3
"2010-06-15",655.6,670,654.5,668.8,1,668.8
"2010-06-16",663.9,671.7,662.3,666.1,1,666.1
"2010-06-17",668.9,669.3,659.4,665.9,1,665.9
"2010-06-18",667.4,671.6,663.9,666.9,1,666.9
"2010-06-21",673.5,677.2,656.7,660,1,660
"2010-06-22",661.8,668.2,645.6,645.9,1,645.9
"2010-06-23",645.3,650.1,637.7,644.3,1,644.3
"2010-06-24",641.6,643.35,632.85,633.15,1,633.15
"2010-06-25",635.2,646.65,631.25,645.1,1,645.1
"2010-06-28",644.15,649.7,638.55,641.55,1,641.55
"2010-06-29",635.95,635.95,612.1,615.95,1,615.95
"2010-06-30",616.35,623.7,608.35,609.5,1,609.5
"2010-07-01",609.75,611.1,590.55,604.75,1,604.75
"2010-07-02",604.95,608.7,595.39,598.95,1,598.95
"2010-07-06",605.05,613.31,587.65,590.05,1,590.05
"2010-07-07",592.1,611.7,592.1,611.65,1,611.65
"2010-07-08",615.65,620.4,611.54,620.27,1,620.27
"2010-07-09",619.35,629.55,618.4,629.45,1,629.45
"2010-07-12",627.65,631.35,617.58,621.6,1,621.6
"2010-07-13",626.7,644.35,626.7,642.8,1,642.8
"2010-07-14",640.3,643.47,635.63,640.15,1,640.15
"2010-07-15",640.3,640.3,627.35,634.6,1,634.6
"2010-07-16",631.35,631.36,609.55,610.4,1,610.4
"2010-07-19",612.25,614.02,602.64,613.1,1,613.1
"2010-07-20",606.75,624.31,603.5,624.24,1,624.24
"2010-07-21",627.55,629.4,611.85,612.64,1,612.64
"2010-07-22",618.45,635.95,618.45,635.5,1,635.5
"2010-07-23",632.8,650.9,631,650.7,1,650.7
"2010-07-26",659.6,665.3,650.1,665.2,1,665.2
"2010-07-27",668.7,672.2,660.1,662.2,1,662.2
"2010-07-28",660.2,663,648.5,650.8,1,650.8
"2010-07-29",654.7,658.5,640.6,650.5,1,650.5
"2010-07-30",643.2,654.8,639.5,650.9,1,650.9
"2010-08-02",657.4,664.5,656.7,661.9,1,661.9
"2010-08-03",659.3,664.4,652,655.7,1,655.7
"2010-08-04",657.8,663.4,657.8,663,1,663
"2010-08-05",658.6,661.2,655.1,655.1,1,655.1
"2010-08-06",648.9,653.7,639.7,650.7,1,650.7
"2010-08-09",654.3,660.2,651.9,659.5,1,659.5
"2010-08-10",651.2,660.2,642,646.4,1,646.4
"2010-08-11",638.85,638.85,619.38,620.4,1,620.4
"2010-08-12",612.1,620.6,610.94,616.98,1,616.98
"2010-08-13",615.45,616.2,609.49,609.5,1,609.5
"2010-08-16",607.05,618.02,604.87,615.1,1,615.1
"2010-08-17",620.15,630.3,619.28,626.3,1,626.3
"2010-08-18",625.85,632.77,620.24,628.05,1,628.05
"2010-08-19",625.3,626.45,609.8,610.95,1,610.95
"2010-08-20",610.95,611.1,601.7,610.8,1,610.8
"2010-08-23",614.1,617.75,602.4,602.65,1,602.65
"2010-08-24",596.55,601.75,589.25,595.6,1,595.6
"2010-08-25",592.15,605.7,589.4,604.85,1,604.85
"2010-08-26",606.55,611.35,598.6,599.75,1,599.75
"2010-08-27",604.7,617.1,596.2,616.75,1,616.75
"2010-08-30",614.2,615.35,601.7,601.72,1,601.72
"2010-08-31",600.45,607.65,597.35,602.05,1,602.05
"2010-09-01",603.35,625,603.35,624.99,1,624.99
"2010-09-02",624.3,632.65,623,632.25,1,632.25
"2010-09-03",637.8,643.75,636,643.35,1,643.35
"2010-09-07",641,641,628.5,629.29,1,629.29
"2010-09-08",631.25,638.35,631.25,634.25,1,634.25
"2010-09-09",639.25,641.9,630.35,634.6,1,634.6
"2010-09-10",636.1,639.4,633.4,636.45,1,636.45
"2010-09-13",641.4,653.6,641.4,652.3,1,652.3
"2010-09-14",650.6,654.3,647,649.3,1,649.3
"2010-09-15",648.5,653.9,648,652.5,1,652.5
"2010-09-16",650.9,651.9,643.7,647.8,1,647.8
"2010-09-17",651.2,653.4,643.1,651.5,1,651.5
"2010-09-20",652.9,670.4,649.9,670,1,670
"2010-09-21",669.6,672.4,664.7,664.7,1,664.7
"2010-09-22",662.5,666.8,652.9,656.7,1,656.7
"2010-09-23",651.9,661.1,647.8,648.9,1,648.9
"2010-09-24",655.9,671,655.9,671,1,671
"2010-09-27",671,671.6,666.3,668.3,1,668.3
"2010-09-28",668.1,675.9,659,675.5,1,675.5
"2010-09-29",675.4,678.9,672.2,677.7,1,677.7
"2010-09-30",681.5,684.6,670.5,676.2,1,676.2
"2010-10-01",681,681.8,673.3,679.3,1,679.3
"2010-10-04",679.3,680,666,669.5,1,669.5
"2010-10-05",669.5,689.6,669.5,689.4,1,689.4
"2010-10-06",689.3,689.4,682.6,685.4,1,685.4
"2010-10-07",685.3,689.4,680.3,684.3,1,684.3
"2010-10-08",684.6,696.2,682.3,693.8,1,693.8
"2010-10-11",693.7,695.4,692.2,695.3,1,695.3
"2010-10-12",691.7,697.6,685.4,696.1,1,696.1
"2010-10-13",696,710.7,696,706.5,1,706.5
"2010-10-14",706.4,708.6,699.5,704.7,1,704.7
"2010-10-15",709.1,711.4,699.8,703.2,1,703.2
"2010-10-18",703.2,710.2,703,710.2,1,710.2
"2010-10-19",702.5,707,690.1,694.2,1,694.2
"2010-10-20",697,705.5,696.3,702.1,1,702.1
"2010-10-21",702.1,709.4,690.5,698.1,1,698.1
"2010-10-22",699.8,703.6,698.2,703.5,1,703.5
"2010-10-25",705.7,714.1,705.7,707.9,1,707.9
"2010-10-26",704.2,710.9,700.6,707,1,707
"2010-10-27",706.9,706.9,696.3,704.3,1,704.3
"2010-10-28",704.2,709.7,698.1,701.1,1,701.1
"2010-10-29",699.3,705.6,699.3,703.4,1,703.4
"2010-11-01",706.2,710.3,693.7,698.6,1,698.6
"2010-11-02",704.2,712.9,703.1,712.9,1,712.9
"2010-11-03",712.9,715.2,705.9,715.2,1,715.2
"2010-11-04",715.2,733.5,715.2,733.5,1,733.5
"2010-11-05",733.5,738.8,732.6,736.6,1,736.6
"2010-11-08",736.6,737.9,731.7,736.8,1,736.8
"2010-11-09",736.8,739,723.2,726.1,1,726.1
"2010-11-10",725.9,734.9,721.6,734.9,1,734.9
"2010-11-11",734.2,734.2,724.8,731.6,1,731.6
"2010-11-12",731.6,731.6,718.8,719.3,1,719.3
"2010-11-15",719.3,727,719.3,720,1,720
"2010-11-16",719.9,719.9,701.5,705.3,1,705.3
"2010-11-17",705.3,709.3,704.4,707.8,1,707.8
"2010-11-18",707.8,724.1,707.8,720.9,1,720.9
"2010-11-19",720.9,725.1,715.6,724.4,1,724.4
"2010-11-22",723.3,728.4,717.7,727.4,1,727.4
"2010-11-23",727.3,727.3,715.1,720,1,720
"2010-11-24",725.5,736.6,725.5,736.6,1,736.6
"2010-11-26",736.5,736.5,730.2,732.8,1,732.8
"2010-11-29",732.7,733.6,720.6,732,1,732
"2010-11-30",732,732,721.7,727,1,727
"2010-12-01",727,744,727,743.2,1,743.2
"2010-12-02",744.1,751.2,743.7,751.2,1,751.2
"2010-12-03",751.2,757.5,746.6,756.4,1,756.4
"2010-12-06",755.3,762.2,754.1,760.9,1,760.9
"2010-12-07",760.9,770.5,760.9,764.4,1,764.4
"2010-12-08",764.4,768,762.4,764.1,1,764.1
"2010-12-09",764,768.9,763.7,767.7,1,767.7
"2010-12-10",767.6,777.6,766.8,776.9,1,776.9
"2010-12-13",776.8,779.9,772.1,772.1,1,772.1
"2010-12-14",772.1,775.2,770.3,771.7,1,771.7
"2010-12-15",771.7,778.3,767.9,768.4,1,768.4
"2010-12-16",768.8,777.2,768.1,776.6,1,776.6
"2010-12-17",776.6,779.6,772.8,779.5,1,779.5
"2010-12-20",781.8,785.9,778.8,782.3,1,782.3
"2010-12-21",782.3,790.7,782.3,790.5,1,790.5
"2010-12-22",790.5,793.3,789.5,790.6,1,790.6
"2010-12-23",790.7,792.2,788.3,789,1,789
"2010-12-27",786.7,792.6,784.9,792.4,1,792.4
"2010-12-28",792.5,793.2,788,789.5,1,789.5
"2010-12-29",789.2,791.6,789.2,790.3,1,790.3
"2010-12-30",790.3,793.1,789.7,789.8,1,789.8
"2010-12-31",789.8,789.8,783.7,783.7,1,783.7
"2011-01-03",787.7,801,787.7,798.6,1,798.6
"2011-01-04",798.6,801.1,778.2,785.9,1,785.9
"2011-01-05",785.8,795.1,783,795.1,1,795.1
"2011-01-06",795.1,796.4,788.6,791.4,1,791.4
"2011-01-07",792.5,794.7,777.1,787.9,1,787.9
"2011-01-10",787.8,793.8,778.9,791.6,1,791.6
"2011-01-11",794.8,797.9,791,794.8,1,794.8
"2011-01-12",794.7,802.4,794.7,801.4,1,801.4
"2011-01-13",800.7,803.8,797.5,800.7,1,800.7
"2011-01-14",799.9,807.9,799.1,807.6,1,807.6
"2011-01-18",805.7,807.7,801.1,807.6,1,807.6
"2011-01-19",807.6,807.6,786,786.9,1,786.9
"2011-01-20",782,785.8,775.6,778.1,1,778.1
"2011-01-21",781,783.2,773.1,773.2,1,773.2
"2011-01-24",773.3,781.5,772.7,779.3,1,779.3
"2011-01-25",779.3,780.1,771.7,780,1,780
"2011-01-26",780,794,780,793.7,1,793.7
"2011-01-27",793.7,797.6,789.7,795.5,1,795.5
"2011-01-28",795.4,796.1,775.4,775.4,1,775.4
"2011-01-31",778.4,785.5,774.9,781.3,1,781.3
"2011-02-01",781.3,800.6,781.3,798.9,1,798.9
"2011-02-02",798.9,801.5,795.6,796.2,1,796.2
"2011-02-03",796.1,799.2,787.8,798.7,1,798.7
"2011-02-04",798.3,800.9,794.6,800.1,1,800.1
"2011-02-07",801.2,812.7,801.2,808.3,1,808.3
"2011-02-08",808.3,813.7,805.4,813.7,1,813.7
"2011-02-09",813.7,813.7,806.1,809.3,1,809.3
"2011-02-10",809.3,813.4,804.2,812.7,1,812.7
"2011-02-11",812.7,822.1,810,822.1,1,822.1
"2011-02-14",822.4,826.5,822.4,825.9,1,825.9
"2011-02-15",825.9,825.9,819.4,820.1,1,820.1
"2011-02-16",820,828.6,820,828.4,1,828.4
"2011-02-17",827.6,835.5,826.8,834,1,834
"2011-02-18",836.6,838,832,834.8,1,834.8
"2011-02-22",834.8,834.8,812.6,813,1,813
"2011-02-23",813,814.5,794.5,799.7,1,799.7
"2011-02-24",799.6,807.1,795.3,804.2,1,804.2
"2011-02-25",804.1,822.1,804.1,822,1,822
"2011-02-28",825.9,828.5,817.4,823.5,1,823.5
"2011-03-01",823.5,825.8,805,807.1,1,807.1
"2011-03-02",807.1,813.8,804.1,810.9,1,810.9
"2011-03-03",810.9,830.1,810.9,828.9,1,828.9
"2011-03-04",828.9,828.9,817.9,825,1,825
"2011-03-07",825.7,828.4,805.4,812.3,1,812.3
"2011-03-08",812.3,827.8,807.2,824.7,1,824.7
"2011-03-09",824.6,825.3,818.6,821.2,1,821.2
"2011-03-10",821.2,821.2,798.5,799.6,1,799.6
"2011-03-11",799.5,806.9,794.6,802.9,1,802.9
"2011-03-14",802.8,802.8,790.5,798.2,1,798.2
"2011-03-15",798.2,798.2,775.9,791.4,1,791.4
"2011-03-16",791.3,796,778.8,781.9,1,781.9
"2011-03-17",781.9,793.4,781.9,785.5,1,785.5
"2011-03-18",785.5,795.5,785.5,794.7,1,794.7
"2011-03-21",801.8,813,801.8,813,1,813
"2011-03-22",813,814.9,807.2,808.7,1,808.7
"2011-03-23",808.6,813.1,799.3,811.3,1,811.3
"2011-03-24",811.3,818.9,809.9,817.1,1,817.1
"2011-03-25",817.1,831.7,817.1,823.9,1,823.9
"2011-03-28",823.9,828.8,821.5,821.8,1,821.8
"2011-03-29",821.6,829.7,818.3,829.5,1,829.5
"2011-03-30",829.5,840.8,829.5,840.4,1,840.4
"2011-03-31",839.7,843.8,838.5,843.6,1,843.6
"2011-04-01",843.6,850.8,843.6,846.8,1,846.8
"2011-04-04",846.8,850.5,846.8,849.4,1,849.4
"2011-04-05",849.4,858.1,847.5,853.3,1,853.3
"2011-04-06",853.3,859.1,850.6,854.2,1,854.2
"2011-04-07",854.1,857.9,848.3,849.5,1,849.5
"2011-04-08",854.1,854.1,837.9,840.9,1,840.9
"2011-04-11",841.6,843.1,830.9,833.9,1,833.9
"2011-04-12",830.2,831,822.3,822.3,1,822.3
"2011-04-13",822.2,829.3,818.5,823.9,1,823.9
"2011-04-14",823.9,827.7,816.6,827.5,1,827.5
"2011-04-15",825.9,835.3,824.4,835,1,835
"2011-04-18",827,827,816.1,821.5,1,821.5
"2011-04-19",821.5,827.3,818.3,823,1,823
"2011-04-20",826,839.5,826,839.5,1,839.5
"2011-04-21",843.2,845.7,839.3,845.7,1,845.7
"2011-04-25",844.5,845.6,839.4,844.3,1,844.3
"2011-04-26",844.2,856.9,844.2,853.1,1,853.1
"2011-04-27",853,858.4,850.1,858.3,1,858.3
"2011-04-28",858.3,861.6,856.3,861.6,1,861.6
"2011-04-29",862.8,866.9,860.7,865.3,1,865.3
"2011-05-02",865.6,868.6,854.3,854.8,1,854.8
"2011-05-03",854.8,854.8,838.9,843.8,1,843.8
"2011-05-04",843.8,843.9,829,832.9,1,832.9
"2011-05-05",832.9,840.6,825.6,829.3,1,829.3
"2011-05-06",829.2,843.6,829.2,833.4,1,833.4
"2011-05-09",833.4,843.6,832.2,842.8,1,842.8
"2011-05-10",842.8,855.9,842.8,855.9,1,855.9
"2011-05-11",855.9,855.9,837.3,840.7,1,840.7
"2011-05-12",840.6,849.3,831.7,847.6,1,847.6
"2011-05-13",847.5,849.2,834.7,835.7,1,835.7
"2011-05-16",835.7,838.3,822.9,822.9,1,822.9
"2011-05-17",822.9,823,815.5,820.4,1,820.4
"2011-05-18",820.4,833.5,820.4,833.5,1,833.5
"2011-05-19",833.4,839.2,828.6,835.2,1,835.2
"2011-05-20",834.7,834.7,824.2,829.1,1,829.1
"2011-05-23",829.1,829.1,814.1,814.1,1,814.1
"2011-05-24",814.1,819.6,809.3,810.4,1,810.4
"2011-05-25",810.3,822.7,808.1,820.9,1,820.9
"2011-05-26",820.9,831.1,817.8,830.9,1,830.9
"2011-05-27",830.8,838.8,830.8,836.3,1,836.3
"2011-05-31",836.3,848.4,836.3,848.3,1,848.3
"2011-06-01",848.3,848.3,820.9,821.4,1,821.4
"2011-06-02",821.4,826.5,816.8,820.7,1,820.7
"2011-06-03",820.7,820.7,807.7,808.2,1,808.2
"2011-06-06",807.2,809.9,795.3,795.3,1,795.3
"2011-06-07",795.3,804,795.3,797.6,1,797.6
"2011-06-08",797.5,797.5,787.6,788.1,1,788.1
"2011-06-09",788.1,796.5,787.9,792.7,1,792.7
"2011-06-10",792.7,792.7,777,779.6,1,779.6
"2011-06-13",779.4,786,773.6,777.2,1,777.2
"2011-06-14",777.2,795.9,777.2,794,1,794
"2011-06-15",793.9,793.9,777.4,779.5,1,779.5
"2011-06-16",779.5,787.6,772.6,781.6,1,781.6
"2011-06-17",784.9,790,778.7,781.8,1,781.8
"2011-06-20",781.7,791.1,779,788.5,1,788.5
"2011-06-21",788.5,806.7,788.5,806.4,1,806.4
"2011-06-22",806.3,809.8,799.9,799.9,1,799.9
"2011-06-23",799.8,803.5,783.4,802.7,1,802.7
"2011-06-24",803.8,805.7,794.7,797.8,1,797.8
"2011-06-27",797.8,806,794,805.2,1,805.2
"2011-06-28",804.9,817.3,804.9,817.3,1,817.3
"2011-06-29",817.3,822.5,814.4,819.9,1,819.9
"2011-06-30",819.9,828.8,819.9,827.5,1,827.5
"2011-07-01",827.4,841.1,825.6,840.1,1,840.1
"2011-07-05",827.4,842.5,825.6,841.6,1,841.6
"2011-07-06",841.6,845.8,837.7,845.3,1,845.3
"2011-07-07",845.2,860.4,845.2,858.1,1,858.1
"2011-07-08",858.1,858.1,845,852.6,1,852.6
"2011-07-11",844.6,845.4,832.2,833.6,1,833.6
"2011-07-12",833.5,838.1,829.5,829.8,1,829.8
"2011-07-13",829.7,845.2,829.7,837,1,837
"2011-07-14",837,841.4,822,823.3,1,823.3
"2011-07-15",823.3,829.1,823.3,828.8,1,828.8
"2011-07-18",828.8,828.8,811.9,816,1,816
"2011-07-19",816,834.6,816,834.6,1,834.6
"2011-07-20",835.1,836,828.7,832.4,1,832.4
"2011-07-21",832.4,843.3,832.4,841.3,1,841.3
"2011-07-22",841.6,843.4,836.3,841.8,1,841.8
"2011-07-25",834.4,838.2,830.2,831.4,1,831.4
"2011-07-26",831.4,831.7,824.4,824.9,1,824.9
"2011-07-27",824.8,824.8,799.6,800.6,1,800.6
"2011-07-28",800.5,809.7,798.2,799.4,1,799.4
"2011-07-29",799.2,801.7,783.2,797.1,1,797.1
"2011-08-01",803.8,808.6,786.3,792.9,1,792.9
"2011-08-02",788.6,796.6,767,767,1,767
"2011-08-03",767,773.2,750.5,772.8,1,772.8
"2011-08-04",772.8,772.8,726.8,726.8,1,726.8
"2011-08-05",732.6,735.9,698.7,714.7,1,714.7
"2011-08-08",714.6,714.6,651,651,1,651
"2011-08-09",651,696.3,639.9,696.2,1,696.2
"2011-08-10",696.2,696.2,659.6,660.2,1,660.2
"2011-08-11",660.2,704.5,660.2,695.9,1,695.9
"2011-08-12",695.9,705.7,690.5,697.5,1,697.5
"2011-08-15",697.5,718.7,697.5,718.7,1,718.7
"2011-08-16",718.6,718.6,698.3,704.8,1,704.8
"2011-08-17",704.7,714.7,698.3,704.1,1,704.1
"2011-08-18",704,704,658.4,662.5,1,662.5
"2011-08-19",662.5,672.6,650.6,651.7,1,651.7
"2011-08-22",651.7,666.9,646.8,651.4,1,651.4
"2011-08-23",651.4,683.1,650,683.1,1,683.1
"2011-08-24",683.1,694.3,676.5,692.6,1,692.6
"2011-08-25",692.6,701.6,673.7,674.4,1,674.4
"2011-08-26",670,692.4,662,691.8,1,691.8
"2011-08-29",691.8,724.7,691.8,724.7,1,724.7
"2011-08-30",724.6,731.9,713.1,728.1,1,728.1
"2011-08-31",728.1,737.7,721.4,726.8,1,726.8
"2011-09-01",726.8,734.1,707.4,708.9,1,708.9
"2011-09-02",706.1,706.1,681.5,683.4,1,683.4
"2011-09-06",683.4,683.4,663.6,680.9,1,680.9
"2011-09-07",680.9,709.6,680.9,709.5,1,709.5
"2011-09-08",709.5,712.1,692.3,694.9,1,694.9
"2011-09-09",694.9,694.9,668.1,674,1,674
"2011-09-12",677.3,680.5,665,679.8,1,679.8
"2011-09-13",679.6,693.4,679,691.8,1,691.8
"2011-09-14",691.7,712.6,685.8,704.1,1,704.1
"2011-09-15",704.1,713.5,700.6,713.5,1,713.5
"2011-09-16",713.5,718.6,709,714.3,1,714.3
"2011-09-19",714.3,714.3,694.5,702.3,1,702.3
"2011-09-20",705.1,710.9,690,690,1,690
"2011-09-21",689.9,694.2,664.1,664.6,1,664.6
"2011-09-22",664.6,664.6,634.7,643.4,1,643.4
"2011-09-23",642.5,655.7,641.9,652.5,1,652.5
"2011-09-26",657.4,666,645.6,665.6,1,665.6
"2011-09-27",674.7,694.7,674.6,680.3,1,680.3
"2011-09-28",679.9,681.2,652,652,1,652
"2011-09-29",652,669.5,645.4,662.8,1,662.8
"2011-09-30",662.8,662.8,643.9,644.2,1,644.2
"2011-10-03",644.15,648.85,609.5,609.5,1,609.5
"2011-10-04",609.5,650.1,601.8,648.7,1,648.7
"2011-10-05",648.6,661,641.4,658.1,1,658.1
"2011-10-06",658.1,674.2,653.5,673.8,1,673.8
"2011-10-07",673.8,675.8,653.8,656.2,1,656.2
"2011-10-10",670.9,685,670.5,684.9,1,684.9
"2011-10-11",684.9,691.1,677.9,689,1,689
"2011-10-12",688.9,705.3,688.9,700.4,1,700.4
"2011-10-13",696.5,701.2,687.6,698.8,1,698.8
"2011-10-14",698.8,713.4,698.8,712.5,1,712.5
"2011-10-17",712.5,712.5,687.1,688.6,1,688.6
"2011-10-18",689.9,712,680.8,709.4,1,709.4
"2011-10-19",709.4,711.2,692.4,694.4,1,694.4
"2011-10-20",695,697,679.4,696.4,1,696.4
"2011-10-21",696.4,712.7,696.4,712.4,1,712.4
"2011-10-24",714.5,736.1,714.4,736.1,1,736.1
"2011-10-25",736,736,712.2,713.7,1,713.7
"2011-10-26",713.7,730.3,707.7,727.2,1,727.2
"2011-10-27",727.1,769.5,727.1,765.5,1,765.5
"2011-10-28",765.4,768.8,759.2,761,1,761
"2011-10-31",752.5,754.1,741,741.1,1,741.1
"2011-11-01",725.5,729.1,712.4,713.9,1,713.9
"2011-11-02",713.9,733.6,713.9,733.3,1,733.3
"2011-11-03",733.1,752.2,726.1,751.6,1,751.6
"2011-11-04",751.5,751.5,737.2,746.5,1,746.5
"2011-11-07",746.5,748.9,730.7,745.3,1,745.3
"2011-11-08",745.1,756.8,736.7,755.3,1,755.3
"2011-11-09",755.2,755.2,718.9,718.9,1,718.9
"2011-11-10",718.8,730.7,718,725.5,1,725.5
"2011-11-11",725.5,744.8,725.5,744.7,1,744.7
"2011-11-14",744.6,744.6,728.6,732.9,1,732.9
"2011-11-15",732.9,745.8,725.5,743.1,1,743.1
"2011-11-16",743.1,747.8,729.6,729.9,1,729.9
"2011-11-17",729.9,733.5,716.3,718.8,1,718.8
"2011-11-18",718.8,723.4,715.5,719.4,1,719.4
"2011-11-21",719.4,719.4,696.7,701.9,1,701.9
"2011-11-22",701.9,705.3,693.9,696.3,1,696.3
"2011-11-23",690.6,690.6,674.3,674.4,1,674.4
"2011-11-25",671.9,679.8,666.2,666.2,1,666.2
"2011-11-28",666.2,698.2,666.2,697.9,1,697.9
"2011-11-29",697.9,700.6,692,696.1,1,696.1
"2011-11-30",696.1,737.4,696.1,737.4,1,737.4
"2011-12-01",737.4,740,730.8,730.8,1,730.8
"2011-12-02",738.6,745,734.2,735,1,735
"2011-12-05",743.7,752.7,741.6,747.1,1,747.1
"2011-12-06",747,751.8,740.9,746.8,1,746.8
"2011-12-07",746.8,749,732.2,746.2,1,746.2
"2011-12-08",740.5,740.8,721.9,722.7,1,722.7
"2011-12-09",722.7,748.5,722.7,745.4,1,745.4
"2011-12-12",745.4,745.4,725.3,733.2,1,733.2
"2011-12-13",733,742.2,716,718.1,1,718.1
"2011-12-14",718,718,705.8,708.5,1,708.5
"2011-12-15",708.4,718,708.4,716,1,716
"2011-12-16",716,730.8,716,722.1,1,722.1
"2011-12-19",725.8,729.1,707.9,708.6,1,708.6
"2011-12-20",708.5,738.2,708.5,738.2,1,738.2
"2011-12-21",738.2,742.1,727.1,740.5,1,740.5
"2011-12-22",740.4,748.2,740.4,745.5,1,745.5
"2011-12-23",745.5,748.5,744.3,748,1,748
"2011-12-27",748,753.2,744.2,751.3,1,751.3
"2011-12-28",751,751,734.7,735.2,1,735.2
"2011-12-29",735.2,745.9,735.2,745,1,745
"2011-12-30",743.7,746.5,740.4,740.9,1,740.9
"2012-01-03",740.9,759.4,740.9,752.3,1,752.3
"2012-01-04",752.3,752.3,742.9,747.3,1,747.3
"2012-01-05",747.3,754.4,736.8,752.3,1,752.3
"2012-01-06",752.3,754.8,745.8,749.7,1,749.7
"2012-01-09",753.4,754.5,747.3,753.5,1,753.5
"2012-01-10",758.3,765.3,758.3,764.8,1,764.8
"2012-01-11",764.7,767.9,761.1,767.3,1,767.3
"2012-01-12",768.7,770.6,761.9,770.5,1,770.5
"2012-01-13",770.5,770.5,759,764.2,1,764.2
"2012-01-17",769.1,773.3,763.8,765.6,1,765.6
"2012-01-18",765.5,779.3,764.7,779.3,1,779.3
"2012-01-19",779.3,784.6,779.1,782.4,1,782.4
"2012-01-20",780.6,785.9,780.3,784.6,1,784.6
"2012-01-23",784.4,789.4,778.4,783.1,1,783.1
"2012-01-24",783.1,788.8,775.6,788.3,1,788.3
"2012-01-25",788.3,796.6,784.1,795.6,1,795.6
"2012-01-26",795.6,800.2,789.8,792.9,1,792.9
"2012-01-27",792.8,798.9,789.7,798.9,1,798.9
"2012-01-30",798.9,798.9,787.5,792.4,1,792.4
"2012-01-31",796.6,798.6,788,792.8,1,792.8
"2012-02-01",792.8,810.2,792.8,809.7,1,809.7
"2012-02-02",809.6,815.9,809.2,812.9,1,812.9
"2012-02-03",821.8,833,821.8,831.1,1,831.1
"2012-02-06",827.5,830.1,825.6,828.4,1,828.4
"2012-02-07",828.4,830.7,822.9,827.4,1,827.4
"2012-02-08",827.4,832.7,821.6,828.4,1,828.4
"2012-02-09",828.4,830.8,821.1,825,1,825
"2012-02-10",825,825,812.9,813.4,1,813.4
"2012-02-13",813.3,824.9,813.3,824.8,1,824.8
"2012-02-14",824.8,824.8,815.4,820.7,1,820.7
"2012-02-15",821.2,824.2,811.9,814,1,814
"2012-02-16",814,830,813.7,830,1,830
"2012-02-17",832.1,832.2,827.8,828.7,1,828.7
"2012-02-21",832.1,832.2,820.4,823.2,1,823.2
"2012-02-22",823.2,823.6,816.5,816.5,1,816.5
"2012-02-23",816.5,829.5,814.3,829.3,1,829.3
"2012-02-24",829.2,830.9,826.6,826.9,1,826.9
"2012-02-27",826.9,829.6,814.9,826.7,1,826.7
"2012-02-28",826.6,830.7,820.1,823.8,1,823.8
"2012-02-29",823.8,829.3,811,811,1,811
"2012-03-01",811,823.8,811,815.2,1,815.2
"2012-03-02",815.5,816.8,800.2,802.4,1,802.4
"2012-03-05",802,804.3,796,803.7,1,803.7
"2012-03-06",803.7,803.7,785.4,787.1,1,787.1
"2012-03-07",787.1,796.2,787.1,796,1,796
"2012-03-08",795.9,806.8,794.8,806.4,1,806.4
"2012-03-09",806.4,821.2,806.4,817,1,817
"2012-03-12",817,819.2,811.9,814.3,1,814.3
"2012-03-13",814.1,831.3,814.1,831.3,1,831.3
"2012-03-14",831.2,831.6,821.2,823.4,1,823.4
"2012-03-15",823.4,831.5,821.6,831.5,1,831.5
"2012-03-16",831.5,832.8,827.7,830.2,1,830.2
"2012-03-19",834.9,843.3,834.6,837.8,1,837.8
"2012-03-20",837.7,837.7,826.7,829.3,1,829.3
"2012-03-21",829.2,833.9,827.5,829.9,1,829.9
"2012-03-22",829.8,829.8,816.7,821.5,1,821.5
"2012-03-23",821.7,830.1,816,830.1,1,830.1
"2012-03-26",836.5,846.3,836.5,846.2,1,846.2
"2012-03-27",846.1,847.9,840,840,1,840
"2012-03-28",839.7,841.2,828.5,834.5,1,834.5
"2012-03-29",834.4,834.4,822.7,832.2,1,832.2
"2012-03-30",832.2,838.4,828,830.3,1,830.3
"2012-04-02",830.3,840.7,826.6,840.7,1,840.7
"2012-04-03",840.6,841.1,831.7,834.8,1,834.8
"2012-04-04",834.8,834.8,817.1,820.4,1,820.4
"2012-04-05",820.5,821.4,816.5,818.2,1,818.2
"2012-04-09",808.7,808.7,800.8,803.5,1,803.5
"2012-04-10",808.7,808.7,783.6,784.2,1,784.2
"2012-04-11",784.2,796.8,784.2,796.6,1,796.6
"2012-04-12",796.6,810.3,796.6,808.6,1,808.6
"2012-04-13",808.6,808.6,796.3,796.3,1,796.3
"2012-04-16",799.8,802.7,791.1,798.1,1,798.1
"2012-04-17",803.5,816.3,803.5,810.7,1,810.7
"2012-04-18",810.6,810.6,800.6,803.3,1,803.3
"2012-04-19",803.3,809.8,794.8,798.9,1,798.9
"2012-04-20",798.9,810.2,798.9,804.1,1,804.1
"2012-04-23",795.6,795.6,785.4,791.9,1,791.9
"2012-04-24",791.9,799.6,790.9,798.1,1,798.1
"2012-04-25",798.1,813.9,798.1,812.1,1,812.1
"2012-04-26",812,819.6,810.3,818.4,1,818.4
"2012-04-27",819.1,826.1,812.9,825.5,1,825.5
"2012-04-30",824.3,824.4,816.5,816.9,1,816.9
"2012-05-01",816.9,830.1,815.6,815.9,1,815.9
"2012-05-02",815.9,818.8,808,818.6,1,818.6
"2012-05-03",818.6,818.6,803.7,806.6,1,806.6
"2012-05-04",802.1,802.1,791.3,791.9,1,791.9
"2012-05-07",791.9,796.2,788.1,793.8,1,793.8
"2012-05-08",793.8,793.8,781.3,793.1,1,793.1
"2012-05-09",793.1,793.1,781.5,788.9,1,788.9
"2012-05-10",788.9,795.8,788.2,791.8,1,791.8
"2012-05-11",791.7,795.9,786,790.1,1,790.1
"2012-05-14",790.1,790.1,777.8,779,1,779
"2012-05-15",779,784.9,776,777.4,1,777.4
"2012-05-16",777.3,783.9,772,772.1,1,772.1
"2012-05-17",772.1,773.4,754.4,754.4,1,754.4
"2012-05-18",753.8,758.8,745.7,747.2,1,747.2
"2012-05-21",747.2,764.7,747.2,764.7,1,764.7
"2012-05-22",764.7,770.2,755.6,759.7,1,759.7
"2012-05-23",759.6,766.2,748.2,765.2,1,765.2
"2012-05-24",765.2,766.9,756.8,766.6,1,766.6
"2012-05-25",766.6,768.5,764,766.4,1,766.4
"2012-05-29",766.4,778.8,766.4,777.2,1,777.2
"2012-05-30",777.2,777.2,761.7,762,1,762
"2012-05-31",762,765.5,751.6,761.8,1,761.8
"2012-06-01",761.8,761.8,737.4,737.4,1,737.4
"2012-06-04",737.4,742.8,729.8,737.3,1,737.3
"2012-06-05",737.3,746.2,733.9,746.1,1,746.1
"2012-06-06",746.1,765.2,746.1,765.2,1,765.2
"2012-06-07",765.2,775.7,760.1,760.4,1,760.4
"2012-06-08",760.4,770.1,754.7,769.2,1,769.2
"2012-06-11",769.2,776.7,751,751,1,751
"2012-06-12",751,761.7,748.6,761.6,1,761.6
"2012-06-13",761.4,764,749.8,752.4,1,752.4
"2012-06-14",752.4,762.9,751.9,762.4,1,762.4
"2012-06-15",761.9,772.1,761.3,771.3,1,771.3
"2012-06-18",771.3,774.8,764.7,772.6,1,772.6
"2012-06-19",772.5,789.5,772.5,786.5,1,786.5
"2012-06-20",786.4,789.2,780.6,784.1,1,784.1
"2012-06-21",784,784.7,764.3,764.9,1,764.9
"2012-06-22",764.8,776,764.8,775.2,1,775.2
"2012-06-25",775.2,775.2,759.9,761.9,1,761.9
"2012-06-26",761.9,767.8,758.1,765,1,765
"2012-06-27",764.7,776.7,764.7,776.3,1,776.3
"2012-06-28",773,775.9,764.4,775.9,1,775.9
"2012-06-29",786.4,799,786.4,798.5,1,798.5
"2012-07-02",799.8,808,796.2,808,1,808
"2012-07-03",807.9,818.5,807.7,818.5,1,818.5
"2012-07-05",818.5,820.5,813.3,817.5,1,817.5
"2012-07-06",817.4,817.4,804.7,807.2,1,807.2
"2012-07-09",805.7,806.9,801.6,804.8,1,804.8
"2012-07-10",804.8,810.8,792.7,795.2,1,795.2
"2012-07-11",795.2,797.7,788.4,792.3,1,792.3
"2012-07-12",792.3,792.5,778.6,789.6,1,789.6
"2012-07-13",789.6,802.4,789.6,801,1,801
"2012-07-16",801,801,794.1,796.7,1,796.7
"2012-07-17",797.3,802.4,790.3,799.5,1,799.5
"2012-07-18",799.5,808.6,798,805.1,1,805.1
"2012-07-19",805.1,808.6,801.3,802.2,1,802.2
"2012-07-20",802.2,802.2,791.3,791.6,1,791.6
"2012-07-23",781.9,782.3,774.8,778.9,1,778.9
"2012-07-24",780.8,781.1,765.1,767.8,1,767.8
"2012-07-25",767.8,774.6,767.6,769.3,1,769.3
"2012-07-26",776.7,781.3,772.5,777.1,1,777.1
"2012-07-27",777.1,797.8,777.1,796,1,796
"2012-07-30",796,798.7,790.3,791.6,1,791.6
"2012-07-31",790.3,795,786.5,787,1,787
"2012-08-01",787,790.6,771.1,771.1,1,771.1
"2012-08-02",771,773.5,765.2,768.6,1,768.6
"2012-08-03",768.6,791.1,768.6,788.5,1,788.5
"2012-08-06",788.5,797.4,788.5,794.4,1,794.4
"2012-08-07",797.1,806.4,797.1,801.4,1,801.4
"2012-08-08",801.3,802.9,797.9,800.2,1,800.2
"2012-08-09",800.2,804.9,799.5,802.9,1,802.9
"2012-08-10",802.9,802.9,798.1,801.6,1,801.6
"2012-08-13",801.5,801.5,791.7,799.5,1,799.5
"2012-08-14",799.5,804.2,794.8,796.9,1,796.9
"2012-08-15",796.9,804.3,795.3,804.3,1,804.3
"2012-08-16",804.2,813.6,800.8,813.1,1,813.1
"2012-08-17",813.1,819.9,811.5,819.9,1,819.9
"2012-08-20",819.9,819.9,812.3,816.5,1,816.5
"2012-08-21",816.5,827.2,813.7,815.4,1,815.4
"2012-08-22",815.4,815.4,809.6,812.6,1,812.6
"2012-08-23",811.7,811.9,804.3,806,1,806
"2012-08-24",804.8,810.9,803.3,809.2,1,809.2
"2012-08-27",809.2,813.9,808,810.4,1,810.4
"2012-08-28",809.5,814.9,809.5,814.3,1,814.3
"2012-08-29",814.2,819.6,813,817.9,1,817.9
"2012-08-30",817.8,817.8,808.2,808.7,1,808.7
"2012-08-31",808.6,814.8,805.8,812.1,1,812.1
"2012-09-04",812.1,823.8,807.4,822.2,1,822.2
"2012-09-05",822.1,824.9,819.7,821.3,1,821.3
"2012-09-06",821.2,839.3,821.2,838,1,838
"2012-09-07",838,843.8,838,842.3,1,842.3
"2012-09-10",842.3,844.3,839,839.4,1,839.4
"2012-09-11",839.4,845.2,839.4,841.9,1,841.9
"2012-09-12",841.8,845.2,840.1,845.1,1,845.1
"2012-09-13",845.1,860.7,842.5,856.1,1,856.1
"2012-09-14",856.1,868.5,856.1,864.7,1,864.7
"2012-09-17",864.7,864.7,855.9,858.9,1,858.9
"2012-09-18",858.9,858.9,854.2,857,1,857
"2012-09-19",856.9,859.3,855.1,856.1,1,856.1
"2012-09-20",856.1,856.1,847.1,851.5,1,851.5
"2012-09-21",851.5,860.2,851.5,855.5,1,855.5
"2012-09-24",855.5,856.7,849.3,851.8,1,851.8
"2012-09-25",854.5,857,839,839.1,1,839.1
"2012-09-26",838.9,839.7,831.8,834,1,834
"2012-09-27",833.9,844.9,833.9,843.6,1,843.6
"2012-09-28",843.6,843.6,836,837.5,1,837.5
"2012-10-01",840.9,847,836.8,840.3,1,840.3
"2012-10-02",840.3,843.4,837.5,840.5,1,840.5
"2012-10-03",840.5,843.9,835.8,838.8,1,838.8
"2012-10-04",838.8,844.7,835.6,844.7,1,844.7
"2012-10-05",844.6,853.6,841.6,842.9,1,842.9
"2012-10-08",839.6,840.4,837.6,838.4,1,838.4
"2012-10-09",838.4,838.8,827.7,827.9,1,827.9
"2012-10-10",828.5,829.7,824.4,826.8,1,826.8
"2012-10-11",826.7,835.7,826.7,829.8,1,829.8
"2012-10-12",829.9,831,822,823.1,1,823.1
"2012-10-15",824.8,828.4,820.4,828.3,1,828.3
"2012-10-16",831.9,835.5,831.9,835.5,1,835.5
"2012-10-17",835.5,842.9,835.5,842.5,1,842.5
"2012-10-18",842.5,842.5,837.1,837.1,1,837.1
"2012-10-19",832.5,832.5,817.8,821,1,821
"2012-10-22",821.1,821.9,816.7,820.5,1,820.5
"2012-10-23",814.8,817,807.3,816.2,1,816.2
"2012-10-24",816.2,820.3,811.9,813.7,1,813.7
"2012-10-25",818.7,821.5,811.6,816.8,1,816.8
"2012-10-26",816.6,819.4,807.9,813.3,1,813.3
"2012-10-29",NA,813.3,813.3,813.3,1,813.3
"2012-10-30",NA,813.3,813.3,813.3,1,813.3
"2012-10-31",813.3,818.8,811.9,818.8,1,818.8
"2012-11-01",818.7,828.5,818.5,827.9,1,827.9
"2012-11-02",829.9,830.6,814.4,814.4,1,814.4
"2012-11-05",814.4,819.2,812.2,818.6,1,818.6
"2012-11-06",819.6,826.9,819.6,825.7,1,825.7
"2012-11-07",825.7,825.7,802.3,804.5,1,804.5
"2012-11-08",804.4,806.7,793.7,793.7,1,793.7
"2012-11-09",793.6,800.7,789.3,795,1,795
"2012-11-12",797.3,797.8,792.9,793.8,1,793.8
"2012-11-13",793.7,796,788.8,789,1,789
"2012-11-14",789,792.1,772.5,773.2,1,773.2
"2012-11-15",773.2,775.1,765.1,769.5,1,769.5
"2012-11-16",769.5,777.1,763.6,776.3,1,776.3
"2012-11-19",776.3,793.1,776.3,791.6,1,791.6
"2012-11-20",793.1,794,789,793.8,1,793.8
"2012-11-21",793.9,798.4,793.4,798.4,1,798.4
"2012-11-23",798.4,807.2,798.4,807.2,1,807.2
"2012-11-26",805.3,809.1,802.5,809,1,809
"2012-11-27",809.1,812.6,807.3,807.8,1,807.8
"2012-11-28",807.8,813.6,798.5,813.5,1,813.5
"2012-11-29",813.5,823.4,813.5,823.2,1,823.2
"2012-11-30",824.6,824.6,818.9,821.9,1,821.9
"2012-12-03",821.9,826.6,819,820.8,1,820.8
"2012-12-04",820.8,822.5,816.1,822.1,1,822.1
"2012-12-05",822.4,824.5,816.2,820.6,1,820.6
"2012-12-06",820.8,822.9,817.8,821.8,1,821.8
"2012-12-07",824.9,825.3,819.9,822.3,1,822.3
"2012-12-10",822.8,826.3,822.8,826.3,1,826.3
"2012-12-11",826.3,835.3,826.3,835,1,835
"2012-12-12",835.2,837.3,828.6,829.4,1,829.4
"2012-12-13",829.4,831.3,822.2,824.2,1,824.2
"2012-12-14",822.4,827.3,821.8,823.8,1,823.8
"2012-12-17",823.8,835.2,823.8,835,1,835
"2012-12-18",835.1,847.7,835.1,847.7,1,847.7
"2012-12-19",846.5,851.9,846.5,847.9,1,847.9
"2012-12-20",847.8,852.5,845.8,852.5,1,852.5
"2012-12-21",852.5,852.5,842.3,847.9,1,847.9
"2012-12-24",848.2,848.2,843.5,844.8,1,844.8
"2012-12-26",844.7,846,838.3,838.9,1,838.9
"2012-12-27",838.5,839.8,827.7,837.4,1,837.4
"2012-12-28",833.3,838.4,832.1,832.1,1,832.1
"2012-12-31",831.9,849.9,831.2,849.4,1,849.4
"2013-01-02",849.4,873.9,849.4,873.4,1,873.4
"2013-01-03",873.9,878.5,870.8,872.6,1,872.6
"2013-01-04",872.7,880.5,872.7,879.2,1,879.2
"2013-01-07",876.4,876.7,873.8,875.8,1,875.8
"2013-01-08",875.8,876.3,871,874.7,1,874.7
"2013-01-09",877.5,879.6,877,879.5,1,879.5
"2013-01-10",879.5,883.2,876.6,881.3,1,881.3
"2013-01-11",881.2,882.6,877.5,880.8,1,880.8
"2013-01-14",879.6,881,877.6,880.1,1,880.1
"2013-01-15",880.1,884.9,875.4,884.6,1,884.6
"2013-01-16",882.9,883.7,881,882.3,1,882.3
"2013-01-17",882.3,891,882.3,890.4,1,890.4
"2013-01-18",890.4,892.8,888.3,892.8,1,892.8
"2013-01-22",892.8,899.3,891.1,899.3,1,899.3
"2013-01-23",899.2,899.6,896.2,896.7,1,896.7
"2013-01-24",896.7,904.3,896.4,900.2,1,900.2
"2013-01-25",903.4,905.3,900.1,905.3,1,905.3
"2013-01-28",905.2,907.9,900.9,906.7,1,906.7
"2013-01-29",906.7,907.3,902.6,907.3,1,907.3
"2013-01-30",907.3,907.3,894.4,896.9,1,896.9
"2013-01-31",896.9,902.9,895.8,902.1,1,902.1
"2013-02-01",902.1,912.8,902.1,911.2,1,911.2
"2013-02-04",911.2,911.2,898.4,899.3,1,899.3
"2013-02-05",899.3,909.6,899.3,908.2,1,908.2
"2013-02-06",908.2,911.4,903.8,911.3,1,911.3
"2013-02-07",911.3,911.5,902.8,908.1,1,908.1
"2013-02-08",908.1,914.2,908.1,913.7,1,913.7
"2013-02-11",913.6,913.6,910.2,913.1,1,913.1
"2013-02-12",913,918.2,913,917.5,1,917.5
"2013-02-13",917.4,921.3,916.8,920.6,1,920.6
"2013-02-14",920.6,924.7,918.7,923.8,1,923.8
"2013-02-15",923.8,927.4,921.8,923.2,1,923.2
"2013-02-19",923.1,932,923.1,932,1,932
"2013-02-20",932,932,913.5,913.5,1,913.5
"2013-02-21",913.5,913.5,900.5,905.4,1,905.4
"2013-02-22",910.6,916.2,910.6,916.2,1,916.2
"2013-02-25",916.1,919.4,895.9,895.9,1,895.9
"2013-02-26",895.8,902.2,894.3,900.1,1,900.1
"2013-02-27",900,913.5,899.2,909.9,1,909.9
"2013-02-28",909.9,915.9,909.2,911.1,1,911.1
"2013-03-01",911.1,915.7,899.3,914.8,1,914.8
"2013-03-04",914.7,916.7,908.7,916.7,1,916.7
"2013-03-05",916.7,928.2,916.7,927.4,1,927.4
"2013-03-06",927.4,930.8,927.4,930,1,930
"2013-03-07",929.9,934.6,929.4,934.6,1,934.6
"2013-03-08",939.8,942.6,935.5,942.5,1,942.5
"2013-03-11",942.5,942.6,939.1,942.5,1,942.5
"2013-03-12",942.5,942.8,938.2,940.3,1,940.3
"2013-03-13",940.1,944.6,938.6,943.9,1,943.9
"2013-03-14",943.9,953.1,943.9,953.1,1,953.1
"2013-03-15",953.1,954,949.5,952.5,1,952.5
"2013-03-18",952.5,952.5,941.5,947.2,1,947.2
"2013-03-19",947.2,950.8,936.8,942.9,1,942.9
"2013-03-20",942.9,952,942.9,952,1,952
"2013-03-21",951.9,951.9,941.5,943.9,1,943.9
"2013-03-22",944,947.6,944,946.3,1,946.3
"2013-03-25",946.3,953.5,941.2,945.9,1,945.9
"2013-03-26",945.5,950.8,945.3,949.8,1,949.8
"2013-03-27",949.7,950.4,940.3,950.3,1,950.3
"2013-03-28",952.2,953.3,949.4,951.6,1,951.6
"2013-04-01",951.4,951.6,934.9,938.8,1,938.8
"2013-04-02",938.8,945,932.5,934.3,1,934.3
"2013-04-03",934.3,935.9,916.9,918.7,1,918.7
"2013-04-04",918.7,925.8,917.3,925.7,1,925.7
"2013-04-05",915.9,923.4,909.9,923.3,1,923.3
"2013-04-08",923.3,931.6,921.1,931.5,1,931.5
"2013-04-09",931.5,934.3,928.3,929.4,1,929.4
"2013-04-10",929.3,947,929.3,946.1,1,946.1
"2013-04-11",946.1,951.4,944.8,947.1,1,947.1
"2013-04-12",943.6,945.2,937,942.9,1,942.9
"2013-04-15",942.9,942.9,904.9,907.2,1,907.2
"2013-04-16",913.1,924,912.7,923.3,1,923.3
"2013-04-17",923.3,923.3,899.9,906.8,1,906.8
"2013-04-18",909.2,909.8,898.4,901.5,1,901.5
"2013-04-19",901.5,912.9,899.5,912.5,1,912.5
"2013-04-22",912.5,916.3,899.9,914.8,1,914.8
"2013-04-23",919.9,929.4,919.9,929.4,1,929.4
"2013-04-24",929.4,934.3,927.2,934.1,1,934.1
"2013-04-25",934.1,944.7,934.1,940.3,1,940.3
"2013-04-26",940.2,940.2,932.2,935.3,1,935.3
"2013-04-29",938.2,943.5,937.7,942.5,1,942.5
"2013-04-30",942.2,947.5,939.3,947.5,1,947.5
"2013-05-01",945.6,945.6,924.2,924.2,1,924.2
"2013-05-02",924.2,940.7,924.2,939.9,1,939.9
"2013-05-03",939.8,959.6,939.8,954.4,1,954.4
"2013-05-06",955,960.2,954.9,959.8,1,959.8
"2013-05-07",961.2,967.8,958.9,967.8,1,967.8
"2013-05-08",967.8,970.4,963.8,970.4,1,970.4
"2013-05-09",970.4,970.5,964.9,966.3,1,966.3
"2013-05-10",966.3,975.2,966.3,975.2,1,975.2
"2013-05-13",975.1,976.2,971.3,973.8,1,973.8
"2013-05-14",973.8,986,973.8,986,1,986
"2013-05-15",985.9,991.6,983.1,988.6,1,988.6
"2013-05-16",988.5,990.4,983.1,985.4,1,985.4
"2013-05-17",987,996.5,987,996.3,1,996.3
"2013-05-20",996.3,1001.5,994.3,998,1,998
"2013-05-21",998,1000.6,995.2,998.8,1,998.8
"2013-05-22",998.8,1008.3,977.4,982.3,1,982.3
"2013-05-23",982.3,984.3,970.7,984.3,1,984.3
"2013-05-24",980.4,984.3,973.9,984.3,1,984.3
"2013-05-28",1004.5,1004.6,991.4,997.4,1,997.4
"2013-05-29",997.3,997.3,980.5,987,1,987
"2013-05-30",986.9,995.7,986.9,994.5,1,994.5
"2013-05-31",994.4,994.6,986.6,988.1,1,988.1
"2013-06-03",984.2,991.8,976.1,990.6,1,990.6
"2013-06-04",990.5,994.6,975.5,982,1,982
"2013-06-05",982,982,967.7,968.2,1,968.2
"2013-06-06",968.1,979.5,963.9,979.5,1,979.5
"2013-06-07",968.1,989.1,963.9,987.6,1,987.6
"2013-06-10",987.6,992.7,984.7,992.7,1,992.7
"2013-06-11",992.7,992.7,976.4,981.5,1,981.5
"2013-06-12",981.3,988,971.4,972.7,1,972.7
"2013-06-13",972.3,990.8,969.9,989.3,1,989.3
"2013-06-14",989.7,990.4,979.8,981.4,1,981.4
"2013-06-17",987.4,991.6,982.9,987.9,1,987.9
"2013-06-18",987.8,1001.5,987.8,1000,1,1000
"2013-06-19",1000,1000,986.5,986.5,1,986.5
"2013-06-20",986.5,986.5,957.5,960.5,1,960.5
"2013-06-21",960.5,965.3,951.5,963.7,1,963.7
"2013-06-24",957,958.1,942.8,951.1,1,951.1
"2013-06-25",951,962,951,961.3,1,961.3
"2013-06-26",960.8,968.7,960.8,963.9,1,963.9
"2013-06-27",963.7,980.6,963.7,979.9,1,979.9
"2013-06-28",977.8,982.5,974.7,977.5,1,977.5
"2013-07-01",977.5,993.6,977.5,989.9,1,989.9
"2013-07-02",989.8,995.6,983,989.5,1,989.5
"2013-07-03",989.5,993.2,984.8,991.2,1,991.2
"2013-07-05",991.1,1005.4,991.1,1005.4,1,1005.4
"2013-07-08",1005.4,1011.1,1005.4,1009.3,1,1009.3
"2013-07-09",1012.6,1019,1010.9,1018.1,1,1018.1
"2013-07-10",1018.3,1021,1015.5,1020.4,1,1020.4
"2013-07-11",1020.4,1033.3,1020.4,1033.2,1,1033.2
"2013-07-12",1032.7,1038.3,1032.5,1036.5,1,1036.5
"2013-07-15",1036.5,1043.9,1036.5,1043.3,1,1043.3
"2013-07-16",1043.6,1043.6,1036.4,1038.8,1,1038.8
"2013-07-17",1038.8,1046.1,1038.8,1042.6,1,1042.6
"2013-07-18",1044.5,1052.5,1044.5,1050.3,1,1050.3
"2013-07-19",1048.1,1050.5,1046.1,1050.5,1,1050.5
"2013-07-22",1050.5,1054.7,1049.3,1053.4,1,1053.4
"2013-07-23",1056,1056.9,1050.9,1052.2,1,1052.2
"2013-07-24",1052.2,1055.9,1042.4,1043.9,1,1043.9
"2013-07-25",1043.8,1054.2,1040.8,1054.2,1,1054.2
"2013-07-26",1046.8,1048.5,1042.3,1048.5,1,1048.5
"2013-07-29",1048.5,1048.8,1039,1040.7,1,1040.7
"2013-07-30",1040.7,1045.9,1039.9,1043.5,1,1043.5
"2013-07-31",1043.5,1053.5,1043.5,1045.3,1,1045.3
"2013-08-01",1051.5,1061,1051.5,1059.9,1,1059.9
"2013-08-02",1059.9,1060.1,1053.7,1059.9,1,1059.9
"2013-08-05",1059.1,1063.5,1057.7,1063,1,1063
"2013-08-06",1063,1063,1050.1,1052.2,1,1052.2
"2013-08-07",1052.1,1052.1,1042.7,1044.4,1,1044.4
"2013-08-08",1044.3,1051.8,1044.3,1049.5,1,1049.5
"2013-08-09",1049.5,1051.5,1043.8,1048.4,1,1048.4
"2013-08-12",1043.6,1053.7,1042.8,1053.7,1,1053.7
"2013-08-13",1053.6,1054.8,1046.4,1052,1,1052
"2013-08-14",1052,1052.7,1047.8,1047.8,1,1047.8
"2013-08-15",1047.7,1047.7,1026.7,1027.6,1,1027.6
"2013-08-16",1027.6,1030.9,1023.5,1024.3,1,1024.3
"2013-08-19",1024.3,1024.6,1013.3,1013.3,1,1013.3
"2013-08-20",1013.3,1029.5,1013.3,1028.6,1,1028.6
"2013-08-21",1028.6,1030.6,1019,1021.6,1,1021.6
"2013-08-22",1024.1,1036.3,1024.1,1036.2,1,1036.2
"2013-08-23",1036.2,1038.8,1032.7,1038.3,1,1038.3
"2013-08-26",1038.3,1044.7,1036.1,1038.5,1,1038.5
"2013-08-27",1038.5,1038.5,1013.1,1013.5,1,1013.5
"2013-08-28",1013.4,1020.3,1013,1016.5,1,1016.5
"2013-08-29",1016.5,1029.1,1015.6,1027,1,1027
"2013-08-30",1027,1027,1009.5,1010.9,1,1010.9
"2013-09-03",1010.9,1026.9,1009.1,1016.3,1,1016.3
"2013-09-04",1016.3,1025.6,1015.7,1025.6,1,1025.6
"2013-09-05",1025.6,1031.2,1025.6,1028.7,1,1028.7
"2013-09-06",1028.7,1034.7,1015.9,1029.6,1,1029.6
"2013-09-09",1029.5,1046.1,1029.5,1046.1,1,1046.1
"2013-09-10",1046.1,1055.8,1046.1,1055.7,1,1055.7
"2013-09-11",1055.7,1057.6,1051.5,1055.4,1,1055.4
"2013-09-12",1055.2,1055.3,1048.5,1048.5,1,1048.5
"2013-09-13",1048.5,1054,1047.7,1054,1,1054
"2013-09-16",1054,1065.1,1054,1056.3,1,1056.3
"2013-09-17",1056.2,1066.4,1055.9,1066.4,1,1066.4
"2013-09-18",1066.4,1080.4,1058.8,1077,1,1077
"2013-09-19",1077,1079.8,1072.6,1075.3,1,1075.3
"2013-09-20",1075.2,1078.2,1071.9,1072.9,1,1072.9
"2013-09-23",1072.8,1073.6,1063.9,1072.2,1,1072.2
"2013-09-24",1072.1,1081.9,1067,1074.7,1,1074.7
"2013-09-25",1074.6,1082,1072.6,1073.5,1,1073.5
"2013-09-26",1073.2,1081.3,1073.2,1078.4,1,1078.4
"2013-09-27",1078.4,1078.4,1070.9,1074.2,1,1074.2
"2013-09-30",1065.7,1075.5,1061.8,1073.8,1,1073.8
"2013-10-01",1073.8,1087.8,1073.5,1087.5,1,1087.5
"2013-10-02",1087.4,1087.4,1077.9,1082.6,1,1082.6
"2013-10-03",1082.6,1082.6,1064.9,1070.9,1,1070.9
"2013-10-04",1069.7,1080.8,1069.7,1078.3,1,1078.3
"2013-10-07",1078.3,1078.3,1065.8,1065.8,1,1065.8
"2013-10-08",1065.8,1067,1047.3,1047.3,1,1047.3
"2013-10-09",1047.3,1050.1,1037.9,1043.5,1,1043.5
"2013-10-10",1043.4,1069.8,1043.4,1069.5,1,1069.5
"2013-10-11",1066.1,1084.3,1065.9,1084.3,1,1084.3
"2013-10-14",1079.1,1090.3,1079.1,1090.3,1,1090.3
"2013-10-15",1088.1,1088.6,1077.7,1079.6,1,1079.6
"2013-10-16",1085,1092.9,1085,1092.4,1,1092.4
"2013-10-17",1088.8,1102.3,1088.7,1102.3,1,1102.3
"2013-10-18",1109.5,1115,1105.9,1114.8,1,1114.8
"2013-10-21",1115.7,1117.3,1110.9,1112.5,1,1112.5
"2013-10-22",1115.6,1121.5,1112.1,1115.7,1,1115.7
"2013-10-23",1111.1,1112.1,1105.4,1111,1,1111
"2013-10-24",1113,1120,1111.7,1118.9,1,1118.9
"2013-10-25",1121.1,1121.9,1114.3,1118.4,1,1118.4
"2013-10-28",1118.4,1119.6,1113,1118,1,1118
"2013-10-29",1118.9,1122.6,1114.8,1122,1,1122
"2013-10-30",1122.8,1123.3,1104.3,1105.5,1,1105.5
"2013-10-31",1106.1,1108.6,1097.9,1100.2,1,1100.2
"2013-11-01",1099.1,1101.3,1087.1,1095.7,1,1095.7
"2013-11-04",1098.8,1108.9,1098.4,1108.3,1,1108.3
"2013-11-05",1105.3,1106.1,1097.7,1103.6,1,1103.6
"2013-11-06",1109.4,1109.9,1097.2,1098.7,1,1098.7
"2013-11-07",1102.4,1103.8,1079.1,1079.1,1,1079.1
"2013-11-08",1080,1101.2,1080,1100,1,1100
"2013-11-11",1099.6,1102.8,1096.4,1101.5,1,1101.5
"2013-11-12",1099.3,1101.5,1095.4,1101.5,1,1101.5
"2013-11-13",1096.1,1112.2,1095.7,1112.2,1,1112.2
"2013-11-14",1111.4,1112.2,1105.6,1111.5,1,1111.5
"2013-11-15",1111.4,1116.3,1109.7,1116.2,1,1116.2
"2013-11-18",1118.6,1120,1105.3,1107.3,1,1107.3
"2013-11-19",1107.3,1112.4,1097.6,1101.4,1,1101.4
"2013-11-20",1104.1,1107.5,1096.5,1099.8,1,1099.8
"2013-11-21",1103.4,1119.7,1103.4,1119.6,1,1119.6
"2013-11-22",1120.9,1125.7,1117.6,1124.9,1,1124.9
"2013-11-25",1126.9,1128.5,1123.2,1124.7,1,1124.7
"2013-11-26",1125.2,1136.3,1125,1134.6,1,1134.6
"2013-11-27",1135.7,1141.5,1134.2,1141.4,1,1141.4
"2013-11-29",1145.9,1147,1142.7,1142.9,1,1142.9
"2013-12-02",1142.3,1142.3,1128.2,1129.1,1,1129.1
"2013-12-03",1125.1,1131,1119.7,1123.8,1,1123.8
"2013-12-04",1123.8,1129,1112,1121.4,1,1121.4
"2013-12-05",1120.7,1125.6,1119.8,1122.5,1,1122.5
"2013-12-06",1122.5,1135.9,1122.5,1131.4,1,1131.4
"2013-12-09",1132.8,1134.2,1126.4,1129.5,1,1129.5
"2013-12-10",1128,1131.2,1119.4,1119.7,1,1119.7
"2013-12-11",1119.8,1120.8,1099.8,1101.5,1,1101.5
"2013-12-12",1101.5,1107.2,1099.7,1103.3,1,1103.3
"2013-12-13",1106,1109.5,1100.8,1107.1,1,1107.1
"2013-12-16",1110.8,1120.2,1110.5,1119.9,1,1119.9
"2013-12-17",1119.4,1120.3,1112.6,1118.9,1,1118.9
"2013-12-18",1120.3,1133.8,1115.3,1133.7,1,1133.7
"2013-12-19",1130.8,1131.6,1125,1125.5,1,1125.5
"2013-12-20",1127.9,1147.1,1127.8,1146.5,1,1146.5
"2013-12-23",1151.5,1157.6,1149.1,1157.2,1,1157.2
"2013-12-24",1157.5,1163.7,1157.5,1161.8,1,1161.8
"2013-12-26",1161.9,1168,1161.6,1162.7,1,1162.7
"2013-12-27",1165.5,1165.9,1157.8,1161.1,1,1161.1
"2013-12-30",1160.7,1162.6,1158.9,1160.6,1,1160.6
"2013-12-31",1160.7,1165.7,1160.7,1163.7,1,1163.7
"2014-01-02",1160.2,1160.2,1146.6,1150.7,1,1150.7
"2014-01-03",1152.7,1157.8,1151.3,1156.1,1,1156.1
"2014-01-06",1159.6,1159.8,1147.2,1147.2,1,1147.2
"2014-01-07",1150.9,1160,1150.9,1157.7,1,1157.7
"2014-01-08",1159.2,1159.4,1152,1157.5,1,1157.5
"2014-01-09",1161.4,1163.9,1152.2,1158.4,1,1158.4
"2014-01-10",1160.2,1164.6,1155,1164.6,1,1164.6
"2014-01-13",1163.1,1164.1,1142.5,1148.1,1,1148.1
"2014-01-14",1151.9,1163.5,1151,1163.5,1,1163.5
"2014-01-15",1166.4,1172,1166.4,1171.4,1,1171.4
"2014-01-16",1172.7,1173.2,1168.7,1173.2,1,1173.2
"2014-01-17",1172.1,1173.4,1166.8,1168.5,1,1168.5
"2014-01-21",1175.3,1177.1,1168.3,1175.7,1,1175.7
"2014-01-22",1177.3,1182.1,1175.3,1181.3,1,1181.3
"2014-01-23",1181.4,1181.4,1166.7,1172.4,1,1172.4
"2014-01-24",1164.5,1164.5,1141.8,1144.2,1,1144.2
"2014-01-27",1147.4,1147.4,1121.2,1127.8,1,1127.8
"2014-01-28",1128.9,1138.3,1128.7,1138.3,1,1138.3
"2014-01-29",1129.8,1134.1,1120,1122.5,1,1122.5
"2014-01-30",1138.3,1144.5,1130.7,1139.4,1,1139.4
"2014-01-31",1138.3,1138.3,1124.7,1130.9,1,1130.9
"2014-02-03",1130.3,1130.8,1091.2,1094.6,1,1094.6
"2014-02-04",1099.8,1107.6,1094.5,1102.9,1,1102.9
"2014-02-05",1097.5,1098.6,1082.8,1093.6,1,1093.6
"2014-02-06",1096,1107.5,1095.7,1104,1,1104
"2014-02-07",1107.1,1116.6,1105,1116.6,1,1116.6
"2014-02-10",1116.6,1118.9,1109.1,1118.8,1,1118.8
"2014-02-11",1118.8,1131,1118.2,1129.2,1,1129.2
"2014-02-12",1130.2,1137.5,1129.1,1132.6,1,1132.6
"2014-02-13",1125.3,1147.8,1124.4,1147.8,1,1147.8
"2014-02-14",1147.7,1149.9,1142.8,1149.2,1,1149.2
"2014-02-18",1152,1162.2,1151.5,1161.5,1,1161.5
"2014-02-19",1158.4,1163.9,1148.8,1149.1,1,1149.1
"2014-02-20",1150.3,1163,1149,1162.1,1,1162.1
"2014-02-21",1166.3,1168.5,1163.5,1164.7,1,1164.7
"2014-02-24",1166.8,1180.3,1166.8,1174.6,1,1174.6
"2014-02-25",1176,1179.3,1171.1,1173.9,1,1173.9
"2014-02-26",1176.1,1188.1,1173.9,1181.7,1,1181.7
"2014-02-27",1179.3,1188,1176.7,1188,1,1188
"2014-02-28",1189.2,1193.5,1177.3,1183.1,1,1183.1
"2014-03-03",1173,1179.6,1165.1,1176.4,1,1176.4
"2014-03-04",1187.4,1212.8,1187.4,1208.7,1,1208.7
"2014-03-05",1207.4,1207.4,1203.1,1205.9,1,1205.9
"2014-03-06",1208.1,1208.8,1202.1,1204.6,1,1204.6
"2014-03-07",1209.9,1210.6,1199.2,1203.3,1,1203.3
"2014-03-10",1201.6,1202.3,1193.3,1200.6,1,1200.6
"2014-03-11",1201.6,1204.4,1183.5,1187.1,1,1187.1
"2014-03-12",1181.3,1191.4,1177.5,1191.4,1,1191.4
"2014-03-13",1195.2,1195.9,1172,1176.8,1,1176.8
"2014-03-14",1173.3,1184.5,1173.3,1181.4,1,1181.4
"2014-03-17",1187.2,1196.3,1186.8,1188.3,1,1188.3
"2014-03-18",1189.3,1205.1,1189.3,1205.1,1,1205.1
"2014-03-19",1204.9,1205.4,1189.9,1195.7,1,1195.7
"2014-03-20",1193.4,1200.9,1190.1,1199,1,1199
"2014-03-21",1203.2,1208.2,1192.9,1193.8,1,1193.8
"2014-03-24",1196,1196.5,1169.5,1178.3,1,1178.3
"2014-03-25",1184.8,1190.8,1172.1,1178.1,1,1178.1
"2014-03-26",1184.5,1185.3,1155.5,1155.5,1,1155.5
"2014-03-27",1155.1,1161.1,1146.9,1151.5,1,1151.5
"2014-03-28",1152,1167.5,1149.6,1151.8,1,1151.8
"2014-03-31",1158.1,1174.6,1156.7,1173.1,1,1173.1
"2014-04-01",1175.7,1189.2,1175.7,1188.7,1,1188.7
"2014-04-02",1190.9,1192.9,1187.6,1192.8,1,1192.8
"2014-04-03",1193.5,1194,1176.8,1181.1,1,1181.1
"2014-04-04",1187.7,1189.3,1150.4,1153.4,1,1153.4
"2014-04-07",1150.4,1150.5,1130.1,1135.8,1,1135.8
"2014-04-08",1136.9,1149,1131.4,1144.3,1,1144.3
"2014-04-09",1148.3,1160.4,1144.8,1160,1,1160
"2014-04-10",1159.7,1159.7,1123.7,1127.7,1,1127.7
"2014-04-11",1119.1,1129,1108,1111.5,1,1111.5
"2014-04-14",1121.1,1126.3,1105.6,1115.4,1,1115.4
"2014-04-15",1121.1,1126.3,1095.8,1119.5,1,1119.5
"2014-04-16",1126.5,1132.1,1121.9,1131.8,1,1131.8
"2014-04-17",1130.3,1141.1,1127.1,1137.9,1,1137.9
"2014-04-21",1139.6,1142.4,1132.2,1142.3,1,1142.3
"2014-04-22",1143.5,1157.9,1143.5,1155.6,1,1155.6
"2014-04-23",1155.1,1155.4,1146.9,1147.1,1,1147.1
"2014-04-24",1152.7,1152.8,1136.5,1144.4,1,1144.4
"2014-04-25",1139,1139,1121.1,1123.1,1,1123.1
"2014-04-28",1127.1,1131.7,1102.3,1117.1,1,1117.1
"2014-04-29",1122.7,1126.5,1118.5,1120.9,1,1120.9
"2014-04-30",1117.3,1126.9,1109.8,1126.9,1,1126.9
"2014-05-01",1125.8,1133.8,1114.3,1126,1,1126
"2014-05-02",1127,1137.8,1126.4,1128.8,1,1128.8
"2014-05-05",1122.2,1128,1115.2,1126.3,1,1126.3
"2014-05-06",1122,1124.1,1108,1108,1,1108
"2014-05-07",1109.8,1110.9,1093.4,1108.6,1,1108.6
"2014-05-08",1107.6,1119.7,1095.6,1097.5,1,1097.5
"2014-05-09",1092.4,1107.3,1092,1107.2,1,1107.2
"2014-05-12",1111.8,1136.7,1111.8,1133.7,1,1133.7
"2014-05-13",1132.1,1134.5,1121.1,1121.2,1,1121.2
"2014-05-14",1119.5,1119.5,1102.2,1103.2,1,1103.2
"2014-05-15",1099.1,1099.1,1082.6,1096,1,1096
"2014-05-16",1095.2,1102.9,1088.6,1102.9,1,1102.9
"2014-05-19",1100.5,1116.1,1099.6,1114.5,1,1114.5
"2014-05-20",1112,1112,1092,1097.9,1,1097.9
"2014-05-21",1101.8,1107.3,1093.7,1103.7,1,1103.7
"2014-05-22",1105.5,1116.6,1105.2,1113.9,1,1113.9
"2014-05-23",1115.1,1126.2,1113.8,1126.2,1,1126.2
"2014-05-27",1132.7,1144.1,1132.7,1142.2,1,1142.2
"2014-05-28",1140.9,1140.9,1133,1136.7,1,1136.7
"2014-05-29",1140.3,1141.4,1135,1140.1,1,1140.1
"2014-05-30",1137.9,1138.7,1130.8,1134.5,1,1134.5
"2014-06-02",1136.4,1136.8,1121.1,1128.9,1,1128.9
"2014-06-03",1125.1,1129.3,1118.7,1126.2,1,1126.2
"2014-06-04",1122.9,1131.8,1119.9,1131.2,1,1131.2
"2014-06-05",1133.8,1154,1128.5,1154,1,1154
"2014-06-06",1158.9,1167.6,1158.7,1165.2,1,1165.2
"2014-06-09",1166.3,1179.9,1166.2,1175.9,1,1175.9
"2014-06-10",1173.1,1173.8,1166.9,1172.7,1,1172.7
"2014-06-11",1167.3,1169,1161.5,1166.7,1,1166.7
"2014-06-12",1165.3,1165.4,1156.1,1159.4,1,1159.4
"2014-06-13",1163.2,1164.1,1154.4,1162.7,1,1162.7
"2014-06-16",1162.1,1167,1158.1,1166.8,1,1166.8
"2014-06-17",1165.6,1179.3,1163.7,1176.6,1,1176.6
"2014-06-18",1176.7,1183.4,1172.1,1183.2,1,1183.2
"2014-06-19",1185.9,1186.8,1177.8,1184.1,1,1184.1
"2014-06-20",1186.2,1188.5,1182.1,1188.4,1,1188.4
"2014-06-23",1189.5,1190.3,1183.2,1185,1,1185
"2014-06-24",1182.9,1193.6,1173.1,1173.3,1,1173.3
"2014-06-25",1168.8,1182.7,1168.6,1182.7,1,1182.7
"2014-06-26",1182.7,1182.8,1172.9,1180.7,1,1180.7
"2014-06-27",1175.1,1189.5,1175,1189.5,1,1189.5
"2014-06-30",1188.5,1193.4,1185.3,1193,1,1193
"2014-07-01",1196.2,1213.6,1196.2,1206,1,1206
"2014-07-02",1204.8,1207.4,1198.6,1199.5,1,1199.5
"2014-07-03",1203.7,1208.2,1203.5,1208.2,1,1208.2
"2014-07-07",1204.7,1204.7,1186.6,1186.8,1,1186.8
"2014-07-08",1184.4,1184.4,1167,1172.2,1,1172.2
"2014-07-09",1175,1177.4,1170.2,1173.8,1,1173.8
"2014-07-10",1154.8,1168.1,1151.2,1161.9,1,1161.9
"2014-07-11",1160.2,1161.8,1155.2,1160,1,1160
"2014-07-14",1167.1,1169.6,1164,1165.6,1,1165.6
"2014-07-15",1167.1,1169.6,1148.8,1153.8,1,1153.8
"2014-07-16",1159.6,1160,1148.3,1151.6,1,1151.6
"2014-07-17",1146.5,1150.4,1131.5,1133.6,1,1133.6
"2014-07-18",1132,1152,1132,1151.6,1,1151.6
"2014-07-21",1146.4,1148.1,1140.1,1146.7,1,1146.7
"2014-07-22",1151.5,1160.2,1151.5,1156.2,1,1156.2
"2014-07-23",1157.4,1162,1155.9,1158.1,1,1158.1
"2014-07-24",1159.8,1163.7,1153.6,1156.3,1,1156.3
"2014-07-25",1149.5,1149.5,1141.9,1144.7,1,1144.7
"2014-07-28",1145,1145,1132.2,1139.5,1,1139.5
"2014-07-29",1142,1149.1,1140.4,1141.7,1,1141.7
"2014-07-30",1148.8,1150.6,1142.6,1146.6,1,1146.6
"2014-07-31",1136.8,1136.8,1120.1,1120.1,1,1120.1
"2014-08-01",1120.6,1123.9,1107.3,1114.9,1,1114.9
"2014-08-04",1119.2,1125.4,1108.4,1124.8,1,1124.8
"2014-08-05",1119.6,1129.4,1115.1,1121.6,1,1121.6
"2014-08-06",1115.9,1131.7,1114.4,1125.6,1,1125.6
"2014-08-07",1128.5,1131.4,1116.5,1119.8,1,1119.8
"2014-08-08",1120.1,1131.9,1118.5,1131.4,1,1131.4
"2014-08-11",1136.9,1148.9,1135.3,1142,1,1142
"2014-08-12",1138.6,1141.3,1129.1,1133.1,1,1133.1
"2014-08-13",1136.3,1143.2,1135.6,1141.8,1,1141.8
"2014-08-14",1142.2,1144.2,1140.9,1143.4,1,1143.4
"2014-08-15",1151.6,1151.6,1131.9,1141.7,1,1141.7
"2014-08-18",1149.4,1158.4,1149.4,1158.4,1,1158.4
"2014-08-19",1160.6,1164,1160.6,1162.5,1,1162.5
"2014-08-20",1157.7,1159.2,1152.8,1157.5,1,1157.5
"2014-08-21",1157.2,1161,1147.5,1160.1,1,1160.1
"2014-08-22",1159.7,1163.2,1155,1160.4,1,1160.4
"2014-08-25",1167.2,1170.7,1161.8,1165.2,1,1165.2
"2014-08-26",1166.4,1176.1,1166.4,1175.2,1,1175.2
"2014-08-27",1176.5,1177.1,1171.2,1172.7,1,1172.7
"2014-08-28",1167.3,1169.1,1164.2,1166,1,1166
"2014-08-29",1167.7,1174.8,1164.8,1174.4,1,1174.4
"2014-09-02",1176.7,1181.4,1173.1,1179.5,1,1179.5
"2014-09-03",1183.4,1183.9,1170.9,1172.2,1,1172.2
"2014-09-04",1174.2,1180.7,1165.3,1167.2,1,1167.2
"2014-09-05",1164.2,1170.4,1160.1,1170.2,1,1170.2
"2014-09-08",1169,1174.2,1166.2,1172.3,1,1172.3
"2014-09-09",1169.7,1169.7,1158,1159,1,1159
"2014-09-10",1158.8,1165.1,1155.2,1165,1,1165
"2014-09-11",1159.1,1172.6,1158.6,1172.4,1,1172.4
"2014-09-12",1172.9,1172.9,1157.5,1160.6,1,1160.6
"2014-09-15",1160.1,1160.1,1144.4,1146.5,1,1146.5
"2014-09-16",1144,1152.9,1141.5,1151,1,1151
"2014-09-17",1152.5,1159.9,1150,1153.9,1,1153.9
"2014-09-18",1157.1,1160.3,1156.1,1159.3,1,1159.3
"2014-09-19",1161.8,1163.9,1143.5,1146.9,1,1146.9
"2014-09-22",1141.1,1141.1,1127.4,1129.4,1,1129.4
"2014-09-23",1125.3,1131.6,1118.7,1118.7,1,1118.7
"2014-09-24",1120.8,1129.6,1116.2,1128.3,1,1128.3
"2014-09-25",1125.7,1125.8,1107.6,1110.3,1,1110.3
"2014-09-26",1111.7,1119.8,1111.1,1119.4,1,1119.4
"2014-09-29",1110,1120.6,1107.9,1117.9,1,1117.9
"2014-09-30",1118.6,1118.6,1101.7,1101.7,1,1101.7
"2014-10-01",1100.6,1100.6,1083,1085.4,1,1085.4
"2014-10-02",1085.3,1099.5,1078.2,1096.4,1,1096.4
"2014-10-03",1105.7,1109.9,1101.5,1104.8,1,1104.8
"2014-10-06",1107.4,1108,1093.8,1094.7,1,1094.7
"2014-10-07",1088.3,1091,1076.3,1076.3,1,1076.3
"2014-10-08",1075.2,1097.7,1065.8,1097.1,1,1097.1
"2014-10-09",1095.8,1095.9,1068,1068,1,1068
"2014-10-10",1063.3,1074.3,1053.3,1053.3,1,1053.3
"2014-10-13",1054.4,1066.9,1046.2,1049.3,1,1049.3
"2014-10-14",1057.2,1075.3,1056.4,1061.6,1,1061.6
"2014-10-15",1051.5,1075.5,1040.5,1072.5,1,1072.5
"2014-10-16",1060.4,1091.2,1058.8,1085.8,1,1085.8
"2014-10-17",1098.1,1099.3,1079.3,1082.4,1,1082.4
"2014-10-20",1078.6,1095,1078.5,1095,1,1095
"2014-10-21",1099.9,1112.9,1099.9,1112.9,1,1112.9
"2014-10-22",1115.2,1117.2,1096.3,1096.9,1,1096.9
"2014-10-23",1105.5,1122.4,1105.5,1116.5,1,1116.5
"2014-10-24",1118,1119.1,1113.1,1118.8,1,1118.8
"2014-10-27",1112.7,1117.7,1104.1,1117.5,1,1117.5
"2014-10-28",1121.8,1149.5,1121.4,1149.5,1,1149.5
"2014-10-29",1149.3,1153.4,1138.4,1146.4,1,1146.4
"2014-10-30",1142.2,1159.2,1140.6,1155.8,1,1155.8
"2014-10-31",1169,1174.3,1166.7,1173.5,1,1173.5
"2014-11-03",1174.6,1178.4,1166.8,1170.2,1,1170.2
"2014-11-04",1166.8,1170.9,1161,1165.4,1,1165.4
"2014-11-05",1171.7,1172,1163.7,1167.1,1,1167.1
"2014-11-06",1166,1171.9,1163.6,1171.9,1,1171.9
"2014-11-07",1169.9,1173.4,1165.1,1173.3,1,1173.3
"2014-11-10",1174,1179.6,1172.6,1179.6,1,1179.6
"2014-11-11",1179,1180.8,1176.8,1180,1,1180
"2014-11-12",1175.2,1187.2,1175.2,1186.5,1,1186.5
"2014-11-13",1186.8,1188.7,1174,1175.4,1,1175.4
"2014-11-14",1175.5,1177.3,1172.1,1173.8,1,1173.8
"2014-11-17",1171.1,1175.2,1164.2,1164.3,1,1164.3
"2014-11-18",1166.6,1174.8,1166.6,1170.3,1,1170.3
"2014-11-19",1166.6,1174.8,1152.2,1157.7,1,1157.7
"2014-11-20",1153.6,1170.9,1153.2,1170.8,1,1170.8
"2014-11-21",1182.4,1184.4,1169.7,1172.4,1,1172.4
"2014-11-24",1175.8,1187,1175.8,1187,1,1187
"2014-11-25",1189,1191.8,1182.7,1186.4,1,1186.4
"2014-11-26",1186.4,1190.7,1185.5,1190.6,1,1190.6
"2014-11-28",1190.5,1190.5,1172.7,1173.3,1,1173.3
"2014-12-01",1170.6,1170.6,1154.1,1154.1,1,1154.1
"2014-12-02",1156.3,1171.5,1156.3,1168.5,1,1168.5
"2014-12-03",1168.5,1181.9,1168.1,1179,1,1179
"2014-12-04",1177,1178,1169.3,1173,1,1173
"2014-12-05",1172.9,1184.5,1172.9,1182.5,1,1182.5
"2014-12-08",1179.9,1188.3,1166,1167.3,1,1167.3
"2014-12-09",1156.8,1188.1,1153.6,1188.1,1,1188.1
"2014-12-10",1182.8,1185,1161.9,1161.9,1,1161.9
"2014-12-11",1166.7,1181,1165.5,1167,1,1167
"2014-12-12",1156.7,1163.6,1152.4,1152.4,1,1152.4
"2014-12-15",1154.8,1155.7,1138.2,1140.3,1,1140.3
"2014-12-16",1140.2,1157,1139.4,1139.4,1,1139.4
"2014-12-17",1142.2,1174.9,1141.4,1174.9,1,1174.9
"2014-12-18",1186,1192.2,1180.6,1192.2,1,1192.2
"2014-12-19",1190.6,1199,1188.1,1196,1,1196
"2014-12-22",1196.5,1201.9,1193.6,1201.9,1,1201.9
"2014-12-23",1206,1207.2,1200.4,1202.5,1,1202.5
"2014-12-24",1203.9,1208.8,1202.6,1206.8,1,1206.8
"2014-12-26",1211,1217,1211,1215.2,1,1215.2
"2014-12-29",1214.5,1220.8,1214.5,1219.1,1,1219.1
"2014-12-30",1215.3,1219.5,1212.4,1213.1,1,1213.1
"2014-12-31",1215.8,1221.5,1204.7,1204.7,1,1204.7
"2015-01-02",1210,1212.8,1189.2,1198.8,1,1198.8
"2015-01-05",1191.6,1194.2,1177.5,1181.4,1,1181.4
"2015-01-06",1183.5,1183.5,1153.4,1161.3,1,1161.3
"2015-01-07",1170.1,1176,1165.1,1176,1,1176
"2015-01-08",1184.1,1196.2,1184.1,1196.2,1,1196.2
"2015-01-09",1196,1196,1183.3,1185.7,1,1185.7
"2015-01-12",1187.3,1187.5,1173.2,1180.1,1,1180.1
"2015-01-13",1187.5,1200.5,1168.5,1180.7,1,1180.7
"2015-01-14",1168.4,1177.9,1165.1,1177.1,1,1177.1
"2015-01-15",1180.7,1180.9,1154.7,1154.7,1,1154.7
"2015-01-16",1151.6,1177.2,1151.6,1176.7,1,1176.7
"2015-01-20",1179.1,1179.1,1161.4,1170.3,1,1170.3
"2015-01-21",1166.7,1175,1162.3,1166.3,1,1166.3
"2015-01-22",1172.5,1190.4,1161.3,1190.4,1,1190.4
"2015-01-23",1190.4,1195,1187,1190.2,1,1190.2
"2015-01-26",1190.2,1201,1182,1198.6,1,1198.6
"2015-01-27",1200.7,1200.7,1186.2,1194.4,1,1194.4
"2015-01-28",1200.7,1201.2,1172.7,1175.6,1,1175.6
"2015-01-29",1177.2,1190.2,1170.1,1190.2,1,1190.2
"2015-01-30",1183.3,1186,1164.9,1165.4,1,1165.4
"2015-02-02",1168.6,1175.5,1153.8,1175.4,1,1175.4
"2015-02-03",1180.1,1197.4,1180.1,1197,1,1197
"2015-02-04",1191.6,1199,1189.3,1190.8,1,1190.8
"2015-02-05",1195.5,1209.9,1195.4,1208.6,1,1208.6
"2015-02-06",1209.7,1214.7,1202.2,1205.4,1,1205.4
"2015-02-09",1202.3,1208.3,1195.4,1195.8,1,1195.8
"2015-02-10",1202.6,1205.1,1190.3,1203.2,1,1203.2
"2015-02-11",1201.3,1204.4,1195.3,1201.6,1,1201.6
"2015-02-12",1207.6,1216.3,1206.8,1216.3,1,1216.3
"2015-02-13",1218.1,1223.7,1214.9,1223.1,1,1223.1
"2015-02-17",1223.1,1227.2,1221,1225,1,1225
"2015-02-18",1222.6,1228,1219.8,1228,1,1228
"2015-02-19",1225.1,1230.5,1222.9,1227.9,1,1227.9
"2015-02-20",1228.1,1231.9,1218.3,1231.8,1,1231.8
"2015-02-23",1230.2,1231.8,1222.6,1231.8,1,1231.8
"2015-02-24",1232.2,1236.2,1230.1,1234,1,1234
"2015-02-25",1233.2,1236.9,1231,1235.1,1,1235.1
"2015-02-26",1234.7,1239.2,1231.7,1239.1,1,1239.1
"2015-02-27",1238.1,1239.7,1233.3,1233.4,1,1233.4
"2015-03-02",1233.4,1243.3,1232.7,1242.6,1,1242.6
"2015-03-03",1238.8,1238.9,1230.7,1234.8,1,1234.8
"2015-03-04",1232.2,1232.6,1224.6,1230.7,1,1230.7
"2015-03-05",1232.9,1236.1,1228.9,1234.3,1,1234.3
"2015-03-06",1227.9,1231.1,1216.2,1217.2,1,1217.2
"2015-03-09",1220.5,1225.8,1218.8,1223.6,1,1223.6
"2015-03-10",1213.9,1213.9,1206.3,1208.5,1,1208.5
"2015-03-11",1210,1216.5,1206.1,1215.8,1,1215.8
"2015-03-12",1221.5,1236.7,1221.3,1236.6,1,1236.6
"2015-03-13",1235.6,1236.8,1220,1232.1,1,1232.1
"2015-03-16",1237.1,1241.1,1235.7,1239.8,1,1239.8
"2015-03-17",1235.9,1243.3,1234.7,1242.2,1,1242.2
"2015-03-18",1239.8,1255.7,1235.5,1252.1,1,1252.1
"2015-03-19",1249.3,1254.9,1248.5,1254.9,1,1254.9
"2015-03-20",1259.7,1267.2,1259.7,1266.4,1,1266.4
"2015-03-23",1264.2,1268.2,1263,1264.7,1,1264.7
"2015-03-24",1264.1,1268.1,1262.4,1263.5,1,1263.5
"2015-03-25",1265.6,1265.9,1233.6,1233.9,1,1233.9
"2015-03-26",1228.8,1237.4,1225.5,1232,1,1232
"2015-03-27",1231.7,1240.8,1229.4,1240.4,1,1240.4
"2015-03-30",1246.7,1258.2,1246.7,1257.8,1,1257.8
"2015-03-31",1252.6,1255.3,1248.9,1252.8,1,1252.8
"2015-04-01",1251,1251.9,1239.6,1251.7,1,1251.7
"2015-04-02",1252.2,1260,1251.8,1255.7,1,1255.7
"2015-04-06",1250.2,1262.8,1249.4,1260.5,1,1260.5
"2015-04-07",1260.3,1263.2,1253.3,1253.4,1,1253.4
"2015-04-08",1254.4,1264.1,1254.4,1262.7,1,1262.7
"2015-04-09",1262.5,1265.8,1248.2,1259.1,1,1259.1
"2015-04-10",1263.7,1266,1262.3,1264.8,1,1264.8
"2015-04-13",1265.5,1271.7,1265.1,1265.6,1,1265.6
"2015-04-14",1266.7,1268,1258.5,1265.4,1,1265.4
"2015-04-15",1269.7,1278.6,1268.8,1275.4,1,1275.4
"2015-04-16",1273.5,1275.3,1271.1,1272.9,1,1272.9
"2015-04-17",1264.2,1264.2,1248.2,1251.9,1,1251.9
"2015-04-20",1257.6,1267,1255.8,1264.9,1,1264.9
"2015-04-21",1269.3,1270.1,1263.6,1264.2,1,1264.2
"2015-04-22",1265,1266.6,1255,1265.5,1,1265.5
"2015-04-23",1263.7,1273.3,1262.4,1271.5,1,1271.5
"2015-04-24",1272.8,1273.1,1266.2,1267.5,1,1267.5
"2015-04-27",1269.9,1275.8,1250.5,1252.7,1,1252.7
"2015-04-28",1252.9,1260.7,1242.6,1259.4,1,1259.4
"2015-04-29",1254.6,1255.8,1245.5,1247,1,1247
"2015-04-30",1241.4,1242.8,1216.1,1220.2,1,1220.2
"2015-05-01",1224.3,1229.5,1218.6,1228.1,1,1228.1
"2015-05-04",1230.3,1240.6,1230.1,1233.2,1,1233.2
"2015-05-05",1231.7,1234,1211.8,1215.4,1,1215.4
"2015-05-06",1221.5,1222.9,1211.1,1219.4,1,1219.4
"2015-05-07",1219,1228.8,1215.4,1225.5,1,1225.5
"2015-05-08",1236.4,1239.4,1232.6,1234.9,1,1234.9
"2015-05-11",1234.6,1243.6,1234.5,1235.8,1,1235.8
"2015-05-12",1230.2,1236.1,1218.4,1233.1,1,1233.1
"2015-05-13",1235.7,1237.9,1228.5,1232.3,1,1232.3
"2015-05-14",1235.7,1245.1,1232.5,1245.1,1,1245.1
"2015-05-15",1245.4,1245.9,1239,1244,1,1244
"2015-05-18",1242.3,1258,1240.8,1257.5,1,1257.5
"2015-05-19",1256.5,1258.6,1251.8,1255.7,1,1255.7
"2015-05-20",1257.4,1260.8,1252.4,1257.7,1,1257.7
"2015-05-21",1257.4,1261,1253,1256.7,1,1256.7
"2015-05-22",1256.7,1258.7,1248.4,1252.2,1,1252.2
"2015-05-26",1248.1,1248.1,1233.7,1238.8,1,1238.8
"2015-05-27",1239.6,1255.1,1237.6,1254.4,1,1254.4
"2015-05-28",1251.8,1253.2,1246.1,1253.1,1,1253.1
"2015-05-29",1252,1252.6,1241.2,1246.5,1,1246.5
"2015-06-01",1252.1,1254.6,1238.7,1249.6,1,1249.6
"2015-06-02",1245.4,1258.5,1243.3,1251.8,1,1251.8
"2015-06-03",1255,1264.9,1252.8,1264.6,1,1264.6
"2015-06-04",1258.6,1261.2,1248.4,1251.3,1,1251.3
"2015-06-05",1250.3,1261.1,1242.7,1261,1,1261
"2015-06-08",1259.7,1261.2,1252.7,1253.7,1,1253.7
"2015-06-09",1253.6,1254.4,1242.4,1249.7,1,1249.7
"2015-06-10",1254.5,1269.8,1254.5,1266.9,1,1266.9
"2015-06-11",1268.7,1270.8,1266.1,1268.9,1,1268.9
"2015-06-12",1265.6,1266.8,1262.2,1265,1,1265
"2015-06-15",1247.6,1262.9,1247.5,1261,1,1261
"2015-06-16",1259,1271.5,1258.9,1269.5,1,1269.5
"2015-06-17",1273.4,1274.4,1266.6,1268.3,1,1268.3
"2015-06-18",1272,1287.1,1272,1284.7,1,1284.7
"2015-06-19",1285.4,1286.6,1281.7,1284.7,1,1284.7
"2015-06-22",1290.5,1293.3,1288.5,1292.4,1,1292.4
"2015-06-23",1294.4,1296,1289.6,1295.8,1,1295.8
"2015-06-24",1293.7,1295,1283.2,1283.9,1,1283.9
"2015-06-25",1287.1,1287.5,1278.6,1283.3,1,1283.3
"2015-06-26",1285.2,1287.1,1274,1279.8,1,1279.8
"2015-06-29",1267.4,1274,1246.6,1246.9,1,1246.9
"2015-06-30",1254.4,1256.9,1248.8,1254,1,1254
"2015-07-01",1262.4,1264.6,1250.7,1256.4,1,1256.4
"2015-07-02",1259.2,1259.3,1244.6,1248.3,1,1248.3
"2015-07-06",1239.1,1253.2,1236.6,1247,1,1247
"2015-07-07",1247.2,1249,1226,1248.1,1,1248.1
"2015-07-08",1241.3,1241.4,1226.5,1229,1,1229
"2015-07-09",1240.3,1244,1232.8,1234.2,1,1234.2
"2015-07-10",1245,1252.9,1244.2,1252,1,1252
"2015-07-13",1260.8,1266.1,1258.8,1265.4,1,1265.4
"2015-07-14",1265.2,1274.1,1264.9,1273.3,1,1273.3
"2015-07-15",1271.9,1273.8,1263,1264.5,1,1264.5
"2015-07-16",1264.5,1275.9,1269.7,1272.8,1,1272.8
"2015-07-17",1273.3,1273.7,1263.9,1267.1,1,1267.1
"2015-07-20",1263.5,1268.9,1258.3,1260.2,1,1260.2
"2015-07-21",1259.8,1265.4,1252.1,1254.6,1,1254.6
"2015-07-22",1249.3,1259.8,1248.6,1258.4,1,1258.4
"2015-07-23",1260.9,1262.6,1243.7,1245,1,1245
"2015-07-24",1242.4,1243.6,1225.4,1226,1,1226
"2015-07-27",1219.2,1220.7,1212.3,1214.7,1,1214.7
"2015-07-28",1219.7,1226.4,1205.2,1224.6,1,1224.6
"2015-07-29",1223.5,1232.3,1220.9,1229.6,1,1229.6
"2015-07-30",1226.1,1233,1221,1232.1,1,1232.1
"2015-07-31",1235.2,1245,1233,1238.7,1,1238.7
"2015-08-03",1238.2,1239,1224.9,1231.8,1,1231.8
"2015-08-04",1232.5,1237.2,1226.4,1228.9,1,1228.9
"2015-08-05",1234.5,1243.2,1229.5,1231.8,1,1231.8
"2015-08-06",1232.5,1232.8,1207.8,1215.9,1,1215.9
"2015-08-07",1208.9,1211.9,1200.4,1206.9,1,1206.9
"2015-08-10",1213.4,1223.4,1212.4,1222.7,1,1222.7
"2015-08-11",1214.1,1218.7,1205.9,1211.1,1,1211.1
"2015-08-12",1203,1211,1189.4,1209,1,1209
"2015-08-13",1208.6,1213.4,1203.6,1204.7,1,1204.7
"2015-08-14",1204.7,1212.8,1199.5,1212.7,1,1212.7
"2015-08-17",1212.7,1225.1,1206.4,1225.1,1,1225.1
"2015-08-18",1225.1,1224.1,1214.3,1214.9,1,1214.9
"2015-08-19",1209,1211.7,1196.7,1203,1,1203
"2015-08-20",1193.7,1193.9,1172.5,1172.5,1,1172.5
"2015-08-21",1172.5,1172.8,1152.4,1156.8,1,1156.8
"2015-08-24",1148.5,1148.6,1105.9,1111.7,1,1111.7
"2015-08-25",1111.7,1133.2,1104.1,1104.1,1,1104.1
"2015-08-26",1119.3,1132.6,1102.6,1132.2,1,1132.2
"2015-08-27",1140.9,1157.9,1133.8,1153.6,1,1153.6
"2015-08-28",1149.6,1163,1149.5,1162.9,1,1162.9
"2015-08-31",1161.3,1164.9,1156.4,1159.5,1,1159.5
"2015-09-01",1148.3,1151.5,1124.5,1128.1,1,1128.1
"2015-09-02",1128.1,1146,1128.1,1146,1,1146
"2015-09-03",1148.6,1157.6,1143.8,1145.2,1,1145.2
"2015-09-04",1132.9,1142.5,1130.8,1136.2,1,1136.2
"2015-09-08",1151.6,1162.5,1139.1,1161.8,1,1161.8
"2015-09-09",1168.9,1170.2,1147.3,1148.2,1,1148.2
"2015-09-10",1148,1158.3,1146.5,1153,1,1153
"2015-09-11",1149.3,1157.9,1143.7,1157.8,1,1157.8
"2015-09-14",1158.6,1159.2,1151.3,1153.5,1,1153.5
"2015-09-15",1155.2,1167.3,1153.5,1166,1,1166
"2015-09-16",1167,1175.9,1165.4,1175.2,1,1175.2
"2015-09-17",1174.6,1194,1173.7,1180.7,1,1180.7
"2015-09-18",1168.2,1180.7,1160.7,1163.4,1,1163.4
"2015-09-21",1169.1,1178,1158.1,1161.1,1,1161.1
"2015-09-22",1150.1,1161.1,1137.7,1143,1,1143
"2015-09-23",1145.2,1149.2,1137.4,1140.1,1,1140.1
"2015-09-24",1133.6,1139,1124.7,1137.5,1,1137.5
"2015-09-25",1142.4,1146.7,1119.3,1122.8,1,1122.8
"2015-09-28",1120.9,1122.8,1087.5,1090.6,1,1090.6
"2015-09-29",1091.6,1098,1078.6,1083.9,1,1083.9
"2015-09-30",1091.3,1101.9,1083.9,1100.7,1,1100.7
"2015-10-01",1101.3,1103.7,1083.9,1097.5,1,1097.5
"2015-10-02",1095.6,1114.1,1080.6,1114.1,1,1114.1
"2015-10-05",1121.2,1142.2,1114.1,1141.6,1,1141.6
"2015-10-06",1140.7,1143.6,1127.1,1133.7,1,1133.7
"2015-10-07",1137,1152.6,1133.7,1152.6,1,1152.6
"2015-10-08",1151.6,1164.6,1149.3,1163.2,1,1163.2
"2015-10-09",1164.7,1168.8,1162.9,1165.4,1,1165.4
"2015-10-12",1164,1166.5,1159.5,1164.4,1,1164.4
"2015-10-13",1159.4,1169.7,1147.8,1147.8,1,1147.8
"2015-10-14",1148.7,1153.5,1136.1,1137,1,1137
"2015-10-15",1139.9,1162.8,1135.7,1162.8,1,1162.8
"2015-10-16",1163.6,1165.2,1152.6,1162.3,1,1162.3
"2015-10-19",1160.3,1168.9,1155.6,1164.3,1,1164.3
"2015-10-20",1163.8,1169.6,1159.1,1163.3,1,1163.3
"2015-10-21",1164.8,1167,1144.9,1144.9,1,1144.9
"2015-10-22",1149.7,1160.1,1144.9,1154.5,1,1154.5
"2015-10-23",1157,1166.4,1154.5,1166.1,1,1166.1
"2015-10-26",1165,1166.1,1157.5,1159.5,1,1159.5
"2015-10-27",1155.9,1158.5,1139.9,1145.3,1,1145.3
"2015-10-28",1146.2,1178.8,1145.5,1178.7,1,1178.7
"2015-10-29",1175.8,1178.4,1164.2,1165.6,1,1165.6
"2015-10-30",1166,1167.7,1159.7,1161.9,1,1161.9
"2015-11-02",1162.4,1187.6,1162,1186.1,1,1186.1
"2015-11-03",1185,1196.6,1182.4,1191.6,1,1191.6
"2015-11-04",1192.7,1196.1,1185.4,1190.4,1,1190.4
"2015-11-05",1190.4,1191.9,1179.7,1190.7,1,1190.7
"2015-11-06",1189.5,1200,1181.8,1199.7,1,1199.7
"2015-11-09",1199.6,1199.6,1180.6,1184.4,1,1184.4
"2015-11-10",1199.6,1187.7,1177.4,1187.7,1,1187.7
"2015-11-11",1189.7,1189.9,1178.1,1178.1,1,1178.1
"2015-11-12",1176.3,1177.3,1154.4,1154.8,1,1154.8
"2015-11-13",1150.7,1158.4,1144.3,1146.5,1,1146.5
"2015-11-16",1145,1156.2,1140.8,1156.1,1,1156.1
"2015-11-17",1157.5,1166.3,1152.5,1153.2,1,1153.2
"2015-11-18",1155.1,1172,1153.4,1171.7,1,1171.7
"2015-11-19",1171.4,1172.3,1164.2,1166.7,1,1166.7
"2015-11-20",1171.8,1178.7,1168.4,1175.2,1,1175.2
"2015-11-23",1173.8,1184.4,1173.7,1180.4,1,1180.4
"2015-11-24",1175.8,1189.7,1172.9,1188.8,1,1188.8
"2015-11-25",1188.8,1198.5,1188.5,1198,1,1198
"2015-11-27",1197.9,1203.7,1195.8,1202.4,1,1202.4
"2015-11-30",1204.6,1204.9,1197.2,1198.1,1,1198.1
"2015-12-01",1200,1204.4,1195.7,1204.2,1,1204.2
"2015-12-02",1203.1,1205.1,1190.9,1191.7,1,1191.7
"2015-12-03",1195.6,1196.7,1168.1,1170.6,1,1170.6
"2015-12-04",1170.6,1183.8,1170.5,1183.4,1,1183.4
"2015-12-07",1183.1,1183.1,1161.6,1164.3,1,1164.3
"2015-12-08",1154.6,1163.7,1151.3,1159.4,1,1159.4
"2015-12-09",1156.3,1165.6,1142.7,1145.9,1,1145.9
"2015-12-10",1145.3,1154.8,1144,1149,1,1149
"2015-12-11",1146.2,1146.2,1121.3,1123.6,1,1123.6
"2015-12-14",1123.6,1126.5,1108.8,1115.9,1,1115.9
"2015-12-15",1122.8,1133.3,1117,1131.6,1,1131.6
"2015-12-16",1137.3,1150.3,1133.8,1149,1,1149
"2015-12-17",1150.9,1151.4,1135.4,1135.4,1,1135.4
"2015-12-18",1132,1135,1120.5,1121.1,1,1121.1
"2015-12-21",1125.6,1130.4,1120.6,1127.7,1,1127.7
"2015-12-22",1130.7,1138.7,1123.7,1137.7,1,1137.7
"2015-12-23",1142.7,1152.9,1139,1152.8,1,1152.8
"2015-12-24",1152.8,1159.7,1151.6,1154.8,1,1154.8
"2015-12-28",1149.6,1154,1140,1148.2,1,1148.2
"2015-12-29",1152.6,1160.9,1149,1160.5,1,1160.5
"2015-12-30",1159.1,1160.4,1149.2,1149.6,1,1149.6
"2015-12-31",1148.6,1149.3,1135.6,1135.9,1,1135.9
"2016-01-04",1119.7,1135.9,1100.5,1108.6,1,1108.6
"2016-01-05",1110.3,1112.7,1104.8,1110.4,1,1110.4
"2016-01-06",1100.1,1109.5,1088.8,1094.4,1,1094.4
"2016-01-07",1082.7,1090.9,1063.8,1064.6,1,1064.6
"2016-01-08",1068.6,1072.1,1045.1,1046.2,1,1046.2
"2016-01-11",1047.3,1052.6,1031.7,1041.9,1,1041.9
"2016-01-12",1047.9,1056.9,1028.1,1044.7,1,1044.7
"2016-01-13",1048.3,1050.7,1005.7,1010.2,1,1010.2
"2016-01-14",1010.6,1033.6,999.6,1025.7,1,1025.7
"2016-01-15",1008.8,1023.9,984,1007.7,1,1007.7
"2016-01-19",1010.3,1017.8,985.2,994.9,1,994.9
"2016-01-20",991.8,1008.7,958.5,999.3,1,999.3
"2016-01-21",1001,1014.5,992.1,997.3,1,997.3
"2016-01-22",1009.6,1021.8,999.8,1020.8,1,1020.8
"2016-01-25",1016.2,1019.4,996,997.4,1,997.4
"2016-01-26",1000.2,1019.5,998.2,1018,1,1018
"2016-01-27",1014.8,1021.8,998.8,1002.7,1,1002.7
"2016-01-28",1004.1,1014.5,1000.4,1003.3,1,1003.3
"2016-01-29",1004.6,1035.4,1003.5,1035.4,1,1035.4
"2016-02-01",1033.5,1037.3,1020.6,1032.4,1,1032.4
"2016-02-02",1024.8,1030.6,1005.4,1008.8,1,1008.8
"2016-02-03",1014.6,1016.9,989.2,1010.3,1,1010.3
"2016-02-04",1008.7,1025.1,1008.6,1014.8,1,1014.8
"2016-02-05",1011.6,1014.3,985.6,985.6,1,985.6
"2016-02-08",974.9,982.2,955.7,969.3,1,969.3
"2016-02-09",960.6,975.1,957.1,963.9,1,963.9
"2016-02-10",972,983.4,963.3,963.5,1,963.5
"2016-02-11",952.7,958.9,943.1,953.7,1,953.7
"2016-02-12",963.1,972.9,955.3,972,1,972
"2016-02-16",972.4,996.4,972.4,995.8,1,995.8
"2016-02-17",997.8,1016.3,997.8,1011.1,1,1011.1
"2016-02-18",1013.3,1013.6,1002.4,1004.7,1,1004.7
"2016-02-19",1001.7,1010.7,998.3,1010,1,1010
"2016-02-22",1013.3,1025.3,1010.4,1021.7,1,1021.7
"2016-02-23",1018.9,1021.3,1012.2,1012.2,1,1012.2
"2016-02-24",1006.4,1023.1,996.7,1022.1,1,1022.1
"2016-02-25",1024.5,1031.6,1020.5,1031.6,1,1031.6
"2016-02-26",1033.6,1039.7,1031.6,1037.2,1,1037.2
"2016-02-29",1037.2,1044.9,1033.7,1033.9,1,1033.9
"2016-03-01",1039.3,1054.5,1035.5,1054.5,1,1054.5
"2016-03-02",1052.8,1065.7,1052.2,1065.7,1,1065.7
"2016-03-03",1065.6,1076.1,1064.6,1076,1,1076
"2016-03-04",1077.3,1088.2,1073.8,1081.9,1,1081.9
"2016-03-07",1078,1094.5,1077.9,1094.1,1,1094.1
"2016-03-08",1091.5,1092.7,1067.2,1067.9,1,1067.9
"2016-03-09",1071.8,1074.2,1067.1,1072.8,1,1072.8
"2016-03-10",1075.9,1079,1054.6,1064,1,1064
"2016-03-11",1070.6,1087.9,1066.1,1087.6,1,1087.6
"2016-03-14",1087,1087.5,1079.9,1084.2,1,1084.2
"2016-03-15",1082.7,1082.7,1065.5,1066.7,1,1066.7
"2016-03-16",1063.9,1076.5,1063.7,1074.5,1,1074.5
"2016-03-17",1074.2,1094.7,1069.9,1091.3,1,1091.3
"2016-03-18",1092,1103,1092,1101.7,1,1101.7
"2016-03-21",1100.2,1103.6,1096.2,1098.6,1,1098.6
"2016-03-22",1093.6,1100.8,1090,1097.3,1,1097.3
"2016-03-23",1095.8,1097,1075.7,1075.7,1,1075.7
"2016-03-24",1073,1079.5,1065.6,1079.5,1,1079.5
"2016-03-28",1079.9,1084.5,1073.5,1080.2,1,1080.2
"2016-03-29",1078.7,1109.2,1075.4,1109.1,1,1109.1
"2016-03-30",1113.5,1117.3,1107.7,1110.4,1,1110.4
"2016-03-31",1110.4,1117.8,1109.5,1114,1,1114
"2016-04-01",1108.3,1118.4,1102.1,1117.7,1,1117.7
"2016-04-04",1117.7,1119.4,1108.2,1108.5,1,1108.5
"2016-04-05",1101.2,1106.2,1095.2,1095.9,1,1095.9
"2016-04-06",1096.6,1109,1094.2,1108.8,1,1108.8
"2016-04-07",1102.7,1107.9,1088.6,1092.8,1,1092.8
"2016-04-08",1098.8,1106.1,1093.8,1097.3,1,1097.3
"2016-04-11",1098,1110.4,1094.3,1094.3,1,1094.3
"2016-04-12",1106.4,1107.4,1091.7,1105.7,1,1105.7
"2016-04-13",1111.5,1129.9,1106.5,1129.9,1,1129.9
"2016-04-14",1129.9,1132.1,1125.1,1128.6,1,1128.6
"2016-04-15",1128.1,1132.1,1125.1,1130.9,1,1130.9
"2016-04-18",1135.5,1139.5,1135.5,1139.3,1,1139.3
"2016-04-19",1140.6,1146.5,1135.8,1140.2,1,1140.2
"2016-04-20",1140.1,1147.7,1137.3,1142.3,1,1142.3
"2016-04-21",1142.5,1144.5,1133.4,1135.8,1,1135.8
"2016-04-22",1135.5,1147.4,1135.5,1146.7,1,1146.7
"2016-04-25",1144.5,1146.3,1134.9,1138.1,1,1138.1
"2016-04-26",1139.6,1150.8,1138.7,1150.7,1,1150.7
"2016-04-27",1149.3,1156.1,1145.8,1154.1,1,1154.1
"2016-04-28",1153.1,1155.5,1138.7,1140.4,1,1140.4
"2016-04-29",1138.6,1140.1,1124.3,1130.8,1,1130.8
"2016-05-02",1133,1140.9,1129.2,1140.9,1,1140.9
"2016-05-03",1138.9,1138.9,1116.5,1121.8,1,1121.8
"2016-05-04",1119.7,1123.7,1110.4,1113.1,1,1113.1
"2016-05-05",1116.2,1118.4,1107.6,1107.9,1,1107.9
"2016-05-06",1105,1114.8,1101.6,1114.7,1,1114.7
"2016-05-09",1114.7,1123.7,1113.1,1118.3,1,1118.3
"2016-05-10",1120.6,1129,1117.9,1128.8,1,1128.8
"2016-05-11",1128.5,1128.5,1114.6,1114.7,1,1114.7
"2016-05-12",1116.7,1119.9,1101.3,1108.6,1,1108.6
"2016-05-13",1107.8,1113,1099.4,1102.4,1,1102.4
"2016-05-16",1103.5,1119.7,1103.2,1116.2,1,1116.2
"2016-05-17",1115.4,1118.3,1094.1,1097.7,1,1097.7
"2016-05-18",1095.5,1110.7,1093.9,1103,1,1103
"2016-05-19",1098.7,1103.7,1085.9,1094.8,1,1094.8
"2016-05-20",1098.4,1112.3,1095.2,1112.3,1,1112.3
"2016-05-23",1112.3,1117.3,1110.9,1111.4,1,1111.4
"2016-05-24",1113.6,1136.3,1112.5,1135.3,1,1135.3
"2016-05-25",1136.4,1142.8,1136.4,1141,1,1141
"2016-05-26",1141.7,1143.2,1137.6,1139.8,1,1139.8
"2016-05-27",1140,1150.4,1140,1150.4,1,1150.4
"2016-05-31",1151.3,1159,1150.3,1154.8,1,1154.8
"2016-06-01",1154.5,1163.4,1148.6,1163,1,1163
"2016-06-02",1161.7,1170.8,1159.4,1170.6,1,1170.6
"2016-06-03",1170.4,1170.4,1155.8,1164.1,1,1164.1
"2016-06-06",1164.3,1179.3,1163.7,1176.9,1,1176.9
"2016-06-07",1177.2,1183.8,1175.1,1180,1,1180
"2016-06-08",1180.8,1190.2,1180.2,1189,1,1189
"2016-06-09",1187,1188.2,1177.9,1181.2,1,1181.2
"2016-06-10",1176,1178.4,1161.3,1163.9,1,1163.9
"2016-06-13",1162.5,1164.9,1149.5,1150.7,1,1150.7
"2016-06-14",1148.9,1153.2,1141.2,1147.8,1,1147.8
"2016-06-15",1149.5,1158,1148.1,1149.3,1,1149.3
"2016-06-16",1147.9,1148.9,1133.1,1148.2,1,1148.2
"2016-06-17",1149,1151.7,1141.5,1144.7,1,1144.7
"2016-06-20",1153,1167.1,1146.4,1157.7,1,1157.7
"2016-06-21",1158.5,1158.9,1147.8,1153.9,1,1153.9
"2016-06-22",1154.9,1161.3,1148.7,1149,1,1149
"2016-06-23",1151.5,1172.2,1151.5,1172.2,1,1172.2
"2016-06-24",1144.5,1162.9,1123.5,1127.5,1,1127.5
"2016-06-27",1117.7,1123.8,1085.9,1089.6,1,1089.6
"2016-06-28",1092.2,1110.5,1092.2,1107.3,1,1107.3
"2016-06-29",1110.8,1132.6,1110.8,1131.6,1,1131.6
"2016-06-30",1132.1,1152,1128.9,1151.9,1,1151.9
"2016-07-01",1151.8,1161.1,1151.3,1156.8,1,1156.8
"2016-07-05",1153,1155.5,1133.6,1139.5,1,1139.5
"2016-07-06",1134.9,1147.9,1131.7,1147.3,1,1147.3
"2016-07-07",1147.6,1156.9,1143.4,1149.8,1,1149.8
"2016-07-08",1152.2,1178.1,1152.2,1177.4,1,1177.4
"2016-07-11",1181.7,1192,1179.2,1190,1,1190
"2016-07-12",1192,1211.8,1192,1205.9,1,1205.9
"2016-07-13",1209.8,1210.4,1197.9,1201.2,1,1201.2
"2016-07-14",1203.4,1209.9,1201.9,1202.2,1,1202.2
"2016-07-15",1208.2,1208.2,1201.7,1205.3,1,1205.3
"2016-07-18",1205.1,1210.6,1202.5,1207.9,1,1207.9
"2016-07-19",1206.8,1207.2,1198.8,1200.4,1,1200.4
"2016-07-20",1203,1212.1,1198.4,1209.7,1,1209.7
"2016-07-21",1209.6,1213.5,1201.4,1203.9,1,1203.9
"2016-07-22",1204.3,1214.2,1202.2,1212.9,1,1212.9
"2016-07-25",1212.3,1212.8,1207.2,1209.8,1,1209.8
"2016-07-26",1209,1217.1,1208.8,1216.9,1,1216.9
"2016-07-27",1217.5,1222.3,1212.8,1218.9,1,1218.9
"2016-07-28",1218.2,1219.5,1214.3,1217.3,1,1217.3
"2016-07-29",1215.6,1224.8,1210.2,1219.9,1,1219.9
"2016-08-01",1220.3,1224.5,1214.6,1219.1,1,1219.1
"2016-08-02",1218.4,1219,1199.6,1202.3,1,1202.3
"2016-08-03",1200.8,1212.7,1198.7,1212.7,1,1212.7
"2016-08-04",1213.2,1219.1,1212,1213.8,1,1213.8
"2016-08-05",1218.7,1232.9,1215.7,1231.3,1,1231.3
"2016-08-08",1232.4,1235.8,1228.9,1230.4,1,1230.4
"2016-08-09",1230.7,1233.3,1229.4,1231.7,1,1231.7
"2016-08-10",1232,1232.8,1220.7,1223.3,1,1223.3
"2016-08-11",1226,1231,1223.7,1229.1,1,1229.1
"2016-08-12",1228.9,1231.7,1225,1229.8,1,1229.8
"2016-08-15",1231.8,1243.8,1230.5,1241.9,1,1241.9
"2016-08-16",1241.7,1241.7,1230.7,1231.1,1,1231.1
"2016-08-17",1230.8,1231,1221.7,1227.7,1,1227.7
"2016-08-18",1228.2,1236.8,1227.4,1236.8,1,1236.8
"2016-08-19",1236.5,1237.4,1231.8,1236.8,1,1236.8
"2016-08-22",1234.6,1239.7,1232,1239.7,1,1239.7
"2016-08-23",1241.5,1251.3,1240.6,1248.6,1,1248.6
"2016-08-24",1247.6,1248.9,1235.5,1237.2,1,1237.2
"2016-08-25",1234.9,1243.3,1234.4,1240,1,1240
"2016-08-26",1241,1250.2,1231.3,1238,1,1238
"2016-08-29",1239.2,1248.2,1238.3,1244.9,1,1244.9
"2016-08-30",1245.1,1248.4,1241.5,1246,1,1246
"2016-08-31",1244.4,1245.6,1233.1,1239.9,1,1239.9
"2016-09-01",1240.1,1242.1,1228.8,1240.2,1,1240.2
"2016-09-02",1245.3,1251.8,1241.4,1251.8,1,1251.8
"2016-09-06",1252.4,1254.4,1246.5,1253.4,1,1253.4
"2016-09-07",1253.1,1261.1,1252.4,1261,1,1261
"2016-09-08",1259.1,1260.5,1254.9,1258.4,1,1258.4
"2016-09-09",1249.1,1256.3,1219.2,1219.2,1,1219.2
"2016-09-12",1218.6,1235.9,1211.7,1235.9,1,1235.9
"2016-09-13",1234.6,1234.6,1206.1,1212.3,1,1212.3
"2016-09-14",1214.1,1219.9,1209.7,1211.6,1,1211.6
"2016-09-15",1212.3,1227.4,1211.1,1227,1,1227
"2016-09-16",1227.1,1227.1,1218.3,1224.8,1,1224.8
"2016-09-19",1225.6,1240,1225.6,1232.5,1,1232.5
"2016-09-20",1230.8,1238.2,1228.1,1228.3,1,1228.3
"2016-09-21",1229.6,1245.2,1228.1,1245,1,1245
"2016-09-22",1248.4,1263.5,1246.4,1263.4,1,1263.4
"2016-09-23",1259.3,1262.9,1254.6,1254.6,1,1254.6
"2016-09-26",1249.4,1253.9,1240.8,1240.9,1,1240.9
"2016-09-27",1240.5,1247.1,1238.3,1246.4,1,1246.4
"2016-09-28",1248.3,1255.9,1240.6,1255.7,1,1255.7
"2016-09-29",1254.1,1255.6,1236.9,1237.8,1,1237.8
"2016-09-30",1239.9,1255.7,1238.1,1251.6,1,1251.6
"2016-10-03",1249.4,1251.3,1241,1245.8,1,1245.8
"2016-10-04",1247.3,1249.9,1235.7,1239.8,1,1239.8
"2016-10-05",1243.3,1254.1,1240.5,1248.4,1,1248.4
"2016-10-06",1246.5,1247.8,1237.4,1246.2,1,1246.2
"2016-10-07",1246.8,1247.6,1231.3,1236.6,1,1236.6
"2016-10-10",1241.5,1253.8,1239.2,1250.8,1,1250.8
"2016-10-11",1248.8,1250,1222.6,1227.6,1,1227.6
"2016-10-12",1227.9,1232.6,1224.3,1227.2,1,1227.2
"2016-10-13",1218.6,1225.1,1209.3,1215.7,1,1215.7
"2016-10-14",1217.6,1226,1212.3,1212.4,1,1212.4
"2016-10-17",1212.6,1215.4,1209.8,1210.1,1,1210.1
"2016-10-18",1219.1,1222.2,1211.3,1217.3,1,1217.3
"2016-10-19",1217.3,1226.4,1214,1222.6,1,1222.6
"2016-10-20",1220.4,1222.6,1213.2,1219.8,1,1219.8
"2016-10-21",1213.9,1220,1209,1218.1,1,1218.1
"2016-10-24",1223.2,1231.9,1219.7,1226.4,1,1226.4
"2016-10-25",1225.4,1226.2,1214.8,1216.1,1,1216.1
"2016-10-26",1213.3,1216.1,1203.1,1204.7,1,1204.7
"2016-10-27",1207.6,1208.2,1188.8,1189.9,1,1189.9
"2016-10-28",1190.1,1196.2,1185.5,1187.6,1,1187.6
"2016-10-31",1187.9,1193,1185.2,1191.4,1,1191.4
"2016-11-01",1192.9,1194.5,1170.9,1178,1,1178
"2016-11-02",1177.8,1177.8,1161.9,1162.5,1,1162.5
"2016-11-03",1166.5,1168.1,1156.1,1156.9,1,1156.9
"2016-11-04",1156.9,1174.8,1156.9,1163.4,1,1163.4
"2016-11-07",1173.3,1193.4,1164.6,1192.3,1,1192.3
"2016-11-08",1191.1,1200.2,1184.8,1195.1,1,1195.1
"2016-11-09",1189.4,1233.7,1188.4,1232.2,1,1232.2
"2016-11-10",1243.6,1258.5,1234,1251.6,1,1251.6
"2016-11-11",1251,1282.8,1250.8,1282.4,1,1282.4
"2016-11-14",1291.6,1306.6,1283,1298.6,1,1298.6
"2016-11-15",1298.5,1304.4,1290.4,1302.1,1,1302.1
"2016-11-16",1297.5,1305,1296.1,1302.2,1,1302.2
"2016-11-17",1303.8,1313.1,1302.9,1309.5,1,1309.5
"2016-11-18",1309.7,1316.2,1308.4,1315.6,1,1315.6
"2016-11-21",1319.6,1323.7,1313.7,1322.2,1,1322.2
"2016-11-22",1322.7,1334.8,1322.5,1334.3,1,1334.3
"2016-11-23",1333.8,1342.4,1326.9,1342.1,1,1342.1
"2016-11-25",1343.3,1347.2,1340.7,1347.2,1,1347.2
"2016-11-28",1346,1346.9,1328.6,1329.8,1,1329.8
"2016-11-29",1329.8,1335.4,1327,1328.2,1,1328.2
"2016-11-30",1331.3,1337.3,1321,1322.3,1,1322.3
"2016-12-01",1323.8,1331.7,1308.9,1313.8,1,1313.8
"2016-12-02",1312.9,1319.4,1311.5,1314.3,1,1314.3
"2016-12-05",1322.9,1338.2,1315,1337.8,1,1337.8
"2016-12-06",1339,1353.6,1334.3,1352.7,1,1352.7
"2016-12-07",1350.8,1366.6,1347.8,1364.5,1,1364.5
"2016-12-08",1365.3,1386.4,1363.7,1386.4,1,1386.4
"2016-12-09",1387.4,1392.7,1383.2,1388.1,1,1388.1
"2016-12-12",1385.5,1388.5,1370.8,1373.1,1,1373.1
"2016-12-13",1374.7,1382.4,1367.9,1373.5,1,1373.5
"2016-12-14",1369.7,1374.5,1354.1,1356,1,1356
"2016-12-15",1357.5,1374.8,1354.5,1366.4,1,1366.4
"2016-12-16",1368.9,1379,1362.1,1364.4,1,1364.4
"2016-12-19",1364.8,1375.6,1364.8,1371.7,1,1371.7
"2016-12-20",1374.8,1385.1,1372.1,1384,1,1384
"2016-12-21",1383.5,1384.4,1375.2,1375.2,1,1375.2
"2016-12-22",1374.8,1375.5,1360.3,1362.7,1,1362.7
"2016-12-23",1362.6,1371.5,1362.6,1371.5,1,1371.5
"2016-12-27",1372.6,1382,1371.6,1377.7,1,1377.7
"2016-12-28",1378.6,1379.3,1359.2,1360.8,1,1360.8
"2016-12-29",1361.4,1367.4,1357.4,1363.2,1,1363.2
"2016-12-30",1364.8,1365,1353.9,1357.1,1,1357.1
"2017-01-03",1363.2,1375.1,1355.4,1365.5,1,1365.5
"2017-01-04",1366.7,1388.6,1366.7,1388,1,1388
"2017-01-05",1385.7,1387.7,1366.6,1371.9,1,1371.9
"2017-01-06",1374.4,1375.1,1366.8,1367.3,1,1367.3
"2017-01-09",1365.9,1367.1,1356.5,1357.5,1,1357.5
"2017-01-10",1358.9,1371.5,1357.7,1370.9,1,1370.9
"2017-01-11",1371.1,1375.5,1365.1,1373.3,1,1373.3
"2017-01-12",1371.3,1372.8,1346.8,1361.1,1,1361.1
"2017-01-13",1364.3,1376.2,1361.4,1372,1,1372
"2017-01-17",1367.5,1371.5,1351.5,1352.3,1,1352.3
"2017-01-18",1355.3,1358.8,1350.8,1358.6,1,1358.6
"2017-01-19",1358.8,1360.8,1342.1,1345.7,1,1345.7
"2017-01-20",1347.5,1355.2,1346,1351.8,1,1351.8
"2017-01-23",1350.8,1353.1,1341.5,1347.8,1,1347.8
"2017-01-24",1352.3,1371,1348.1,1369.2,1,1369.2
"2017-01-25",1377.1,1383.4,1371.1,1382.4,1,1382.4
"2017-01-26",1382.7,1384.1,1374.6,1375.6,1,1375.6
"2017-01-27",1375.8,1375.9,1366.4,1370.8,1,1370.8
"2017-01-30",1363,1369.5,1342.7,1352.3,1,1352.3
"2017-01-31",1350.6,1363.6,1345.7,1361.8,1,1361.8
"2017-02-01",1369.3,1374.2,1357.5,1361.2,1,1361.2
"2017-02-02",1358.6,1364.1,1354.9,1357.4,1,1357.4
"2017-02-03",1359.2,1377.9,1358,1377.8,1,1377.8
"2017-02-06",1372.8,1377.3,1364.6,1366.7,1,1366.7
"2017-02-07",1368.5,1371.9,1357.6,1361.1,1,1361.1
"2017-02-08",1357.9,1360.5,1349.4,1358.7,1,1358.7
"2017-02-09",1360.3,1379.7,1359.3,1378.5,1,1378.5
"2017-02-10",1383,1391.2,1380.1,1388.8,1,1388.8
"2017-02-13",1390.4,1398.6,1389.9,1392.4,1,1392.4
"2017-02-14",1391.8,1397.1,1386.4,1396.7,1,1396.7
"2017-02-15",1393.1,1405.2,1392,1404.2,1,1404.2
"2017-02-16",1403.7,1404.8,1391.9,1399.1,1,1399.1
"2017-02-17",1398.6,1399.9,1392.7,1399.9,1,1399.9
"2017-02-21",1403.4,1410.4,1400.7,1410.3,1,1410.3
"2017-02-22",1408,1410.1,1401.3,1403.9,1,1403.9
"2017-02-23",1404.4,1406.6,1385.6,1394.6,1,1394.6
"2017-02-24",1393.6,1394.5,1382.2,1394.5,1,1394.5
"2017-02-27",1394.4,1408,1392.2,1407.9,1,1407.9
"2017-02-28",1403,1406.9,1386.5,1386.7,1,1386.7
"2017-03-01",1389.1,1414.8,1389.1,1413.6,1,1413.6
"2017-03-02",1410.5,1413.2,1395.2,1395.7,1,1395.7
"2017-03-03",1394.8,1399.1,1388,1394.1,1,1394.1
"2017-03-06",1386.3,1392.3,1378.5,1384.2,1,1384.2
"2017-03-07",1381.2,1383.7,1374.2,1374.7,1,1374.7
"2017-03-08",1376.9,1382,1365.8,1366,1,1366
"2017-03-09",1365.8,1371,1357.4,1360.1,1,1360.1
"2017-03-10",1365.3,1369.1,1356.7,1365.3,1,1365.3
"2017-03-13",1365.1,1373.3,1365,1370.3,1,1370.3
"2017-03-14",1365.9,1369.2,1353.5,1362.4,1,1362.4
"2017-03-15",1366.3,1385.7,1363.4,1382.8,1,1382.8
"2017-03-16",1385.2,1389.8,1382.5,1386,1,1386
"2017-03-17",1385.2,1393.2,1380.7,1391.5,1,1391.5
"2017-03-20",1391.5,1391.5,1381.1,1384.1,1,1384.1
"2017-03-21",1389.7,1390.2,1346,1346.5,1,1346.5
"2017-03-22",1346.2,1348.6,1335.2,1345.6,1,1345.6
"2017-03-23",1346.2,1361.2,1343.3,1353.4,1,1353.4
"2017-03-24",1356.9,1362.8,1349.2,1354.6,1,1354.6
"2017-03-27",1339.9,1359.3,1335,1357.3,1,1357.3
"2017-03-28",1356.7,1367.9,1352.5,1367.3,1,1367.3
"2017-03-29",1366.7,1373.1,1363.3,1371.6,1,1371.6
"2017-03-30",1372.5,1382.9,1372,1382.3,1,1382.3
"2017-03-31",1382.2,1390,1380.1,1385.9,1,1385.9
"2017-04-03",1386.4,1388.7,1366.5,1369.7,1,1369.7
"2017-04-04",1366.6,1374.1,1363.3,1368.2,1,1368.2
"2017-04-05",1369.8,1381.3,1351,1352.1,1,1352.1
"2017-04-06",1352,1364.5,1349.3,1364.4,1,1364.4
"2017-04-07",1363.8,1367.5,1358,1364.6,1,1364.6
"2017-04-10",1364.8,1376.6,1361.5,1367.1,1,1367.1
"2017-04-11",1364,1377.2,1360.5,1376.9,1,1376.9
"2017-04-12",1376.9,1376.9,1358.2,1359.2,1,1359.2
"2017-04-13",1358.6,1361.3,1345.2,1345.2,1,1345.2
"2017-04-17",1346.2,1361.3,1345.4,1361.2,1,1361.2
"2017-04-18",1356.2,1362.5,1351.4,1361.9,1,1361.9
"2017-04-19",1362.3,1376.7,1362.3,1367.1,1,1367.1
"2017-04-20",1371.1,1384.6,1368.4,1384.1,1,1384.1
"2017-04-21",1380.4,1383.1,1376.4,1379.9,1,1379.9
"2017-04-24",1380.5,1400,1380.5,1397.9,1,1397.9
"2017-04-25",1405.3,1415.6,1400.1,1411.1,1,1411.1
"2017-04-26",1411,1425.7,1409.8,1419.4,1,1419.4
"2017-04-27",1419.6,1423.5,1413.7,1417.1,1,1417.1
"2017-04-28",1418.8,1419.2,1399.7,1400.4,1,1400.4
"2017-05-01",1401.8,1411,1397.1,1407.4,1,1407.4
"2017-05-02",1407.5,1409,1395.6,1399.4,1,1399.4
"2017-05-03",1399.1,1399.1,1386.3,1390.9,1,1390.9
"2017-05-04",1391.2,1394.2,1380.5,1388.8,1,1388.8
"2017-05-05",1391.4,1397.2,1385.2,1397,1,1397
"2017-05-08",1396.4,1397.4,1386.4,1391.6,1,1391.6
"2017-05-09",1392.3,1395.5,1386.7,1391.9,1,1391.9
"2017-05-10",1391.2,1400.8,1390.4,1399.6,1,1399.6
"2017-05-11",1399.2,1399.2,1379.1,1390.2,1,1390.2
"2017-05-12",1380,1389.4,1380,1382.7,1,1382.7
"2017-05-15",1383.3,1399,1383.3,1393.9,1,1393.9
"2017-05-16",1396,1396.4,1384.8,1394.7,1,1394.7
"2017-05-17",1376.3,1388.3,1355.8,1355.9,1,1355.9
"2017-05-18",1354.9,1365,1351,1361.1,1,1361.1
"2017-05-19",1363.2,1374.4,1361.5,1367.3,1,1367.3
