"","DATE","OPEN","HIGH","LOW","CLOSE"
"1","01/22/10",111.2,111.74,109.09,109.21
"2","01/25/10",110.21,110.41,109.41,109.77
"3","01/27/10",109.17,110.08,108.33,109.83
"4","01/28/10",110.19,110.25,107.91,108.57
"5","01/29/10",109.04,109.8,107.22,107.39
"6","02/01/10",108.15,109.07,107.5,109.06
"7","02/02/10",109.26,110.59,108.88,110.38
"8","02/03/10",109.88,110.48,109.51,109.83
"9","02/04/10",108.98,109.03,106.42,106.44
"10","02/05/10",106.56,106.88,104.58,106.66
"11","02/08/10",106.74,107.33,105.8,105.89
"12","02/09/10",107.13,108.15,106.27,107.22
"13","02/10/10",107.05,107.6,106.11,107.01
"14","02/11/10",106.87,108.25,106.25,108.13
"15","02/12/10",106.99,108.1,106.51,108.04
"16","02/16/10",108.86,109.85,107.82,109.74
"17","02/17/10",110.27,110.41,109.74,110.26
"18","02/18/10",110.08,111.14,110.03,110.91
"19","02/19/10",110.91,111.57,110.36,111.14
"20","02/22/10",111.55,111.58,110.83,111.16
"21","02/23/10",110.86,111.2,109.52,109.81
"22","02/24/10",109.81,111,109.86,110.82
"23","02/25/10",109.24,110.75,108.94,110.67
"24","02/26/10",110.77,111.12,110.11,110.74
"25","03/01/10",111.2,112,111.17,111.89
"26","03/02/10",112.37,112.74,112,112.2
"27","03/03/10",112.49,112.97,112.02,112.3
"28","03/04/10",112.45,112.8,112.03,112.64
"29","03/05/10",113.37,114.34,113.1,114.25
"30","03/08/10",114.26,114.52,114.07,114.27
"31","03/09/10",113.93,114.99,113.87,114.46
"32","03/10/10",114.46,115.27,114.41,114.97
"33","03/11/10",114.7,115.48,114.35,115.45
"34","03/12/10",115.95,115.97,115.14,115.46
"35","03/15/10",115.26,115.57,114.6,115.49
"36","03/16/10",115.81,116.52,115.49,116.41
"37","03/17/10",116.76,117.48,116.41,117.1
"38","03/18/10",117.11,117.27,116.57,117.03
"39","03/19/10",116.96,117.29,115.52,115.97
"40","03/22/10",115.31,116.8,115.24,116.59
"41","03/23/10",116.76,117.51,116.38,117.41
"42","03/24/10",116.97,117.42,115.58,116.84
"43","03/25/10",117.63,118.16,116.51,116.65
"44","03/26/10",116.87,117.42,116.12,116.58
"45","03/29/10",117.16,117.53,116.68,117.32
"46","03/30/10",117.46,117.83,116.91,117.4
"47","03/31/10",117.4,117.35,116.61,117.11
"48","04/01/10",117.8,118.25,117.1,117.8
"49","04/05/10",118.25,118.84,117.92,118.76
"50","04/06/10",118.42,119.25,118.29,119.04
"51","04/07/10",118.8,119.35,117.81,118.36
"52","04/08/10",117.95,118.97,117.6,118.77
"53","04/09/10",119.02,119.6,118.8,119.55
"54","04/12/10",119.7,120.05,119.56,119.74
"55","04/13/10",119.62,120.04,119,119.83
"56","04/14/10",120.27,121.19,120.08,121.19
"57","04/15/10",120.99,121.56,120.95,121.29
"58","04/16/10",120.86,121.28,118.75,119.36
"59","04/19/10",119.01,119.93,118.47,119.81
"60","04/20/10",120.56,120.98,119.87,119.87
"61","04/21/10",120.95,121.23,119.99,120.66
"62","04/22/10",120.66,121.17,119.12,121.02
"63","04/23/10",120.94,121.86,120.63,121.81
"64","04/26/10",121.85,122.12,121.23,121.35
"65","04/27/10",120.65,121.33,118.25,118.48
"66","04/28/10",119.05,119.68,118.27,119.38
"67","04/29/10",120.1,121.11,120.07,120.85
"68","04/30/10",120.88,121.01,118.78,118.81
"69","05/03/10",119.38,120.68,119.2,120.35
"70","05/04/10",120.35,119.03,116.92,117.52
"71","05/05/10",116.56,117.8,115.97,116.82
"72","05/06/10",116.82,117,112.94,112.94
"73","05/07/10",112.94,113.77,109.41,111.26
"74","05/10/10",115.81,116.65,114.91,116.16
"75","05/11/10",115.07,117.36,114.91,115.83
"76","05/12/10",116.29,117.62,116.09,117.45
"77","05/13/10",117.13,117.68,115.89,115.99
"78","05/14/10",115.12,115.33,112.87,113.89
"79","05/17/10",114.2,114.52,111.77,113.95
"80","05/18/10",114.88,115.22,112.03,112.4
"81","05/19/10",111.77,112.77,110.36,111.76
"82","05/20/10",109.38,109.89,107.47,107.54
"83","05/21/10",105.91,109.38,105.36,109.11
"84","05/24/10",108.52,109.39,107.61,107.71
"85","05/25/10",105.11,107.87,104.38,107.81
"86","05/26/10",108.48,109.47,106.85,107.17
"87","05/27/10",107.17,110.8,108.78,110.76
"88","05/28/10",110.65,110.72,108.85,109.36
"89","06/01/10",109.36,109.95,107.37,107.53
"90","06/02/10",108.08,110.34,107.5,110.33
"91","06/03/10",110.65,111.06,109.58,110.71
"92","06/04/10",108.61,109.33,106.46,106.82
"93","06/07/10",107.2,107.61,105.41,105.49
"94","06/08/10",105.57,106.83,104.65,106.62
"95","06/09/10",106.62,108.28,105.6,106.05
"96","06/10/10",106.05,109.28,106.04,109.15
"97","06/11/10",108.19,109.75,108.12,109.68
"98","06/14/10",109.68,111.12,109.4,109.5
"99","06/15/10",110.28,112.1,110.09,112
"100","06/16/10",111.42,112.42,111.2,111.96
"101","06/17/10",112.28,112.33,111.05,112.14
"102","06/18/10",111.83,112.13,111.37,111.72
"103","06/21/10",113.12,113.2,110.79,111.41
"104","06/22/10",111.41,111.9,109.41,109.57
"105","06/23/10",109.64,110.03,108.48,109.23
"106","06/24/10",108.69,108.83,107.14,107.42
"107","06/25/10",107.74,108.42,106.77,107.86
"108","06/28/10",108.03,108.32,107.14,107.53
"109","06/29/10",107.53,107.51,103.55,104.21
"110","06/30/10",104.21,104.88,102.88,103.22
"111","07/01/10",103.22,103.49,101.13,102.76
"112","07/02/10",103.11,103.42,101.62,102.2
"113","07/06/10",103.64,104.37,101.88,102.87
"114","07/07/10",103.13,106.24,103.02,106.1
"115","07/08/10",107,107.28,105.91,107.16
"116","07/09/10",107.13,107.97,106.93,107.96
"117","07/12/10",107.6,108.24,107.15,108.03
"118","07/13/10",109.15,110.09,108.93,109.66
"119","07/14/10",109.31,110.08,108.86,109.65
"120","07/15/10",109.61,110.06,108.17,109.68
"121","07/16/10",109.09,109.2,106.45,106.66
"122","07/19/10",107.05,107.63,106.22,107.29
"123","07/20/10",105.87,108.56,105.82,108.48
"124","07/21/10",109.04,109.07,106.63,107.07
"125","07/22/10",108.34,109.94,108.33,109.46
"126","07/23/10",109.46,110.57,108.93,110.41
"127","07/26/10",110.6,111.67,110.29,111.56
"128","07/27/10",112.17,112.29,111.11,111.55
"129","07/28/10",111.32,111.66,110.46,110.83
"130","07/29/10",111.52,111.82,109.41,110.29
"131","07/30/10",109.16,110.86,108.98,110.27
"132","08/02/10",111.99,112.94,111.54,112.76
"133","08/03/10",112.47,112.77,111.85,112.22
"134","08/04/10",112.53,113.11,112.16,112.97
"135","08/05/10",112.25,112.91,112.08,112.85
"136","08/06/10",111.73,112.57,110.92,112.39
"137","08/09/10",112.92,113.18,112.32,112.99
"138","08/10/10",112.03,112.98,111.37,112.37
"139","08/11/10",110.65,110.69,109.12,109.3
"140","08/12/10",109.3,109.02,107.6,108.63
"141","08/13/10",108.29,108.96,108.18,108.31
"142","08/16/10",108.31,108.61,107.18,108.26
"143","08/17/10",109.19,110.39,108.88,109.59
"144","08/18/10",109.54,110.38,108.91,109.79
"145","08/19/10",109.22,109.49,107.43,107.88
"146","08/20/10",107.88,107.93,106.74,107.53
"147","08/23/10",108.04,108.57,107.07,107.12
"148","08/24/10",105.95,106.39,104.97,105.53
"149","08/25/10",104.95,106.34,104.29,105.94
"150","08/26/10",105.94,106.58,104.88,105.23
"151","08/27/10",105.89,106.97,104.31,106.86
"152","08/30/10",106.58,106.91,105.3,105.31
"153","08/31/10",105.31,105.98,104.49,105.31
"154","09/01/10",106.73,108.61,106.66,108.46
"155","09/02/10",108.46,109.49,108.49,109.47
"156","09/03/10",109.47,110.99,109.95,110.89
"157","09/07/10",110.37,110.51,109.55,109.64
"158","09/08/10",109.86,110.85,109.81,110.41
"159","09/09/10",111.65,111.68,110.62,110.92
"160","09/10/10",111.12,111.61,110.87,111.48
"161","09/13/10",112.58,112.95,112.13,112.72
"162","09/14/10",112.5,113.29,112.08,112.65
"163","09/15/10",112.67,113.21,111.98,113.17
"164","09/16/10",112.98,113.12,112.35,113.33
"165","09/17/10",113.5,113.15,112.18,112.44
"166","09/20/10",113.11,114.46,112.52,114.11
"167","09/21/10",114.02,114.84,113.51,113.93
"168","09/22/10",113.75,114.44,113.1,113.42
"169","09/23/10",112.8,113.67,112.18,112.54
"170","09/24/10",113.74,114.9,113.65,114.77
"171","09/27/10",114.87,114.99,114.16,114.25
"172","09/28/10",114.43,115.04,113.18,114.77
"173","09/29/10",114.33,114.91,114.02,114.46
"174","09/30/10",115.07,115.79,113.59,114.11
"175","10/01/10",114.97,115.12,113.93,114.62
"176","10/04/10",114.36,114.85,113.18,113.74
"177","10/05/10",114.81,116.32,114.67,116.04
"178","10/06/10",116.03,116.33,115.56,116.02
"179","10/07/10",116.51,116.53,115.19,115.86
"180","10/08/10",116.06,116.86,115.61,116.54
"181","10/11/10",116.75,116.97,116.25,116.61
"182","10/12/10",116.26,117.35,115.65,117.04
"183","10/13/10",117.66,118.55,117.38,117.92
"184","10/14/10",117.81,118.01,116.72,117.45
"185","10/15/10",118.28,118.35,116.76,117.69
"186","10/18/10",117.73,118.67,117.31,118.55
"187","10/19/10",117.19,117.85,116.02,116.72
"188","10/20/10",116.95,118.44,116.87,117.89
"189","10/21/10",118.41,119.09,117.21,118.15
"190","10/22/10",118.31,118.53,118,118.39
"191","10/25/10",119.16,119.76,118.61,118.7
"192","10/26/10",118.1,118.84,117.87,118.69
"193","10/27/10",117.88,118.51,117.26,118.36
"194","10/28/10",119.06,119.11,117.83,118.48
"195","10/29/10",118.28,118.72,118.07,118.52
"196","11/01/10",119.07,119.75,117.85,118.53
"197","11/02/10",119.42,119.75,119.1,119.48
"198","11/03/10",119.68,120.02,118.45,119.95
"199","11/04/10",121.27,122.32,119.97,122.26
"200","11/05/10",122.34,122.92,122.18,122.73
"201","11/08/10",122.32,122.69,121.94,122.49
"202","11/09/10",122.82,122.95,121.12,121.61
"203","11/10/10",121.58,122.16,120.66,122.1
"204","11/11/10",121.05,121.82,120.68,121.64
"205","11/12/10",120.82,121.35,119.65,120.2
"206","11/15/10",120.58,121.05,119.98,120.03
"207","11/16/10",119.29,119.49,117.59,118.16
"208","11/17/10",118.21,118.71,117.86,118.22
"209","11/18/10",119.36,120.39,119.35,119.96
"210","11/19/10",119.89,120.34,119.25,120.29
"211","11/22/10",119.69,120.24,118.77,120.19
"212","11/23/10",118.77,119.02,117.99,118.45
"213","11/24/10",119.2,120.23,119.18,120.2
"214","11/26/10",119.16,119.81,118.8,118.8
"215","11/29/10",118.5,119.48,117.74,119.16
"216","11/30/10",117.98,119.17,117.81,118.49
"217","12/01/10",120.2,121.24,120.19,121.01
"218","12/02/10",121.2,122.65,121.13,122.56
"219","12/03/10",122.14,123.03,122.11,122.89
"220","12/06/10",122.63,123.04,122.5,122.76
"221","12/07/10",123.94,124.01,122.76,122.83
"222","12/08/10",122.98,123.38,122.41,123.28
"223","12/09/10",123.97,124.02,123.15,123.76
"224","12/10/10",124.14,124.6,123.73,124.48
"225","12/13/10",125.05,125.2,124.52,124.56
"226","12/14/10",124.75,125.23,124.29,124.67
"227","12/15/10",124.44,124.93,123.89,124.1
"228","12/16/10",124.18,124.91,123.75,124.82
"229","12/17/10",124.08,124.46,123.82,124.3
"230","12/20/10",124.64,124.9,123.98,124.6
"231","12/21/10",124.99,125.47,124.87,125.39
"232","12/22/10",125.49,125.82,125.41,125.78
"233","12/23/10",125.64,125.78,125.29,125.6
"234","12/27/10",125.13,125.77,125.04,125.65
"235","12/28/10",125.88,125.95,125.5,125.83
"236","12/29/10",125.98,126.2,125.9,125.92
"237","12/30/10",125.8,126.13,125.53,125.72
"238","12/31/10",125.52,125.87,125.33,125.75
"239","01/03/11",126.71,127.6,125.7,127.05
"240","01/04/11",127.33,127.37,126.19,126.98
"241","01/05/11",126.58,127.73,126.46,127.64
"242","01/06/11",127.69,127.83,127.01,127.39
"243","01/07/11",127.56,127.77,126.15,127.14
"244","01/10/11",126.58,127.16,126.2,126.98
"245","01/11/11",127.44,127.74,126.95,127.43
"246","01/12/11",128.21,128.72,127.46,128.58
"247","01/13/11",128.63,128.69,128.05,128.37
"248","01/14/11",128.2,129.33,128.1,129.3
"249","01/18/11",129.18,129.64,129.03,129.52
"250","01/19/11",129.42,129.54,127.91,128.25
"251","01/20/11",127.96,128.4,127.13,128.08
"252","01/21/11",128.88,129.17,128.23,128.37
"253","01/24/11",128.29,129.25,128.26,129.1
"254","01/25/11",128.76,129.28,128.11,129.17
"255","01/26/11",129.49,130.05,129.23,129.67
"256","01/27/11",129.7,130.21,129.47,129.99
"257","01/28/11",130.14,130.35,127.51,127.72
"258","01/31/11",128.07,128.78,127.75,128.68
"259","02/01/11",129.46,130.97,129.38,130.74
"260","02/02/11",130.4,130.84,130.33,130.49
"261","02/03/11",130.27,130.98,129.57,130.78
"262","02/04/11",130.83,131.2,130.23,131.15
"263","02/07/11",131.44,132.4,131.43,131.97
"264","02/08/11",132.09,132.64,131.73,132.57
"265","02/09/11",132.21,132.63,131.61,132.27
"266","02/10/11",131.59,132.47,131.3,132.22
"267","02/11/11",131.8,133.28,131.77,133.11
"268","02/14/11",133.03,133.54,132.88,133.43
"269","02/15/11",133.02,133.22,132.32,133.01
"270","02/16/11",133.46,134.01,133.19,133.85
"271","02/17/11",133.46,134.43,133.34,134.25
"272","02/18/11",134.37,134.69,134.06,134.53
"273","02/22/11",133.12,134.56,131.47,131.83
"274","02/23/11",131.75,132.07,130.21,131.02
"275","02/24/11",130.88,131.44,129.7,130.93
"276","02/25/11",131.48,132.41,131.4,132.33
"277","02/28/11",132.82,133.32,132.38,133.15
"278","03/01/11",133.57,133.69,130.89,130.93
"279","03/02/11",130.75,131.82,130.35,131.21
"280","03/03/11",132.4,133.62,132.39,133.47
"281","03/04/11",133.37,133.63,131.6,132.47
"282","03/07/11",132.86,133.16,130.74,131.43
"283","03/08/11",131.64,133,131.07,132.58
"284","03/09/11",132.3,132.8,131.6,132.39
"285","03/10/11",131,131.18,129.81,129.94
"286","03/11/11",129.52,131.31,129.49,130.84
"287","03/14/11",129.99,130.48,129.06,130.05
"288","03/15/11",126.59,129.33,126.5,128.56
"289","03/16/11",128.15,128.57,125.28,126.18
"290","03/17/11",128,128.39,127.1,127.85
"291","03/18/11",128.84,128.88,127.51,127.76
"292","03/21/11",129.35,130.01,129.2,129.74
"293","03/22/11",129.72,129.89,129.17,129.29
"294","03/23/11",128.93,130,128.32,129.66
"295","03/24/11",130.4,131.09,129.67,130.9
"296","03/25/11",131.24,131.87,130.89,131.3
"297","03/28/11",131.58,131.92,130.94,130.98
"298","03/29/11",130.87,131.9,130.44,131.86
"299","03/30/11",132.55,133.16,132.36,132.77
"300","03/31/11",132.6,132.96,132.45,132.59
"301","04/01/11",133.41,133.77,132.83,133.15
"302","04/04/11",133.43,133.67,132.88,133.26
"303","04/05/11",133,133.83,132.94,133.24
"304","04/06/11",133.88,134,133.12,133.66
"305","04/07/11",133.42,133.98,132.66,133.32
"306","04/08/11",133.91,133.99,132.31,132.86
"307","04/11/11",133,133.45,132.14,132.46
"308","04/12/11",131.72,131.98,130.99,131.47
"309","04/13/11",132.08,132.18,130.96,131.46
"310","04/14/11",130.7,131.76,130.27,131.56
"311","04/15/11",131.8,132.37,131.41,132.04
"312","04/18/11",130.59,132.03,129.51,130.56
"313","04/19/11",130.76,131.35,130.44,131.31
"314","04/20/11",132.88,133.39,132.79,133.1
"315","04/21/11",133.79,133.84,133.1,133.78
"316","04/25/11",133.68,133.86,133.2,133.64
"317","04/26/11",134.05,135.06,133.91,134.79
"318","04/27/11",135.05,135.87,134.5,135.67
"319","04/28/11",135.43,136.29,135.41,136.11
"320","04/29/11",136.16,136.57,135.98,136.43
"321","05/02/11",137.07,137.18,135.95,136.22
"322","05/03/11",135.96,136.19,135.04,135.73
"323","05/04/11",135.67,135.73,134.23,134.83
"324","05/05/11",134.08,134.95,133.02,133.61
"325","05/06/11",135.3,135.63,133.22,134.2
"326","05/09/11",134.19,135.11,133.98,134.72
"327","05/10/11",135.17,136.11,135,135.87
"328","05/11/11",135.67,135.69,133.82,134.44
"329","05/12/11",134.08,135.36,133.39,135.08
"330","05/13/11",135.15,135.34,133.56,134.04
"331","05/16/11",133.56,134.61,132.97,133.19
"332","05/17/11",132.69,133.35,132.12,133.17
"333","05/18/11",133.24,134.5,132.95,134.36
"334","05/19/11",134.8,135.03,133.94,134.68
"335","05/20/11",134.33,134.68,133.36,133.61
"336","05/23/11",131.98,133.65,131.59,132.06
"337","05/24/11",132.44,132.73,131.7,131.95
"338","05/25/11",131.42,132.94,131.38,132.39
"339","05/26/11",132.03,133.24,131.78,133
"340","05/27/11",133.37,133.87,132.96,133.51
"341","05/31/11",134.77,134.92,133.84,134.9
"342","06/01/11",134.51,134.92,131.76,131.87
"343","06/02/11",131.96,132.24,130.96,131.73
"344","06/03/11",130.15,131.42,130.08,130.42
"345","06/06/11",130.09,130.36,128.87,129.04
"346","06/07/11",129.7,130.07,128.85,128.96
"347","06/08/11",128.76,129.19,128.18,128.42
"348","06/09/11",128.77,129.93,128.46,129.4
"349","06/10/11",128.85,128.93,127.26,127.6
"350","06/13/11",127.89,128.24,127.05,127.7
"351","06/14/11",128.87,129.77,128.82,129.32
"352","06/15/11",128.24,129.3,126.68,127.02
"353","06/16/11",127.06,127.97,126.32,127.3
"354","06/17/11",127.93,127.94,126.62,127.05
"355","06/20/11",126.62,127.97,126.58,127.7
"356","06/21/11",128.36,129.7,127.75,129.45
"357","06/22/11",129.05,129.81,128.59,128.67
"358","06/23/11",127.16,128.64,126.19,128.3
"359","06/24/11",128.27,128.37,126.62,126.81
"360","06/27/11",126.89,128.43,126.64,127.94
"361","06/28/11",128.45,129.63,128.27,129.61
"362","06/29/11",130.2,130.93,129.63,130.72
"363","06/30/11",131.14,132.18,130.71,131.97
"364","07/01/11",132.09,134.1,131.78,133.92
"365","07/05/11",133.78,134.08,133.39,133.81
"366","07/06/11",133.49,134.14,133.11,133.97
"367","07/07/11",135.16,135.7,134.88,135.36
"368","07/08/11",133.83,135.36,133.39,134.4
"369","07/11/11",132.75,133.18,131.66,131.97
"370","07/12/11",131.69,132.78,131.36,131.4
"371","07/13/11",132.09,133.22,131.52,131.84
"372","07/14/11",132.17,132.78,130.68,130.93
"373","07/15/11",131.66,131.87,130.77,131.69
"374","07/18/11",131.08,131.28,129.63,130.61
"375","07/19/11",131.34,132.89,131.31,132.73
"376","07/20/11",133.07,133.15,132.42,132.65
"377","07/21/11",133.4,134.82,132.67,134.49
"378","07/22/11",134.53,134.72,133.76,134.58
"379","07/25/11",133.3,134.49,133.16,133.83
"380","07/26/11",133.74,133.96,133.03,133.33
"381","07/27/11",132.59,132.63,130.43,130.6
"382","07/28/11",130.6,131.77,130.01,130.22
"383","07/29/11",128.91,130.55,127.97,129.33
"384","08/01/11",130.84,130.96,127.53,128.78
"385","08/02/11",127.82,128.5,125.49,125.49
"386","08/03/11",125.66,126.31,123.53,126.17
"387","08/04/11",124.41,124.62,120.06,120.26
"388","08/05/11",121.76,122.07,116.86,120.08
"389","08/08/11",116.91,120.12,112.02,112.26
"390","08/09/11",114.07,117.64,110.27,117.48
"391","08/10/11",115.26,116.28,111.95,112.29
"392","08/11/11",113.26,118.92,112.32,117.33
"393","08/12/11",118.4,119.22,117.28,118.12
"394","08/15/11",119.19,120.74,119,120.62
"395","08/16/11",119.47,120.69,118.31,119.59
"396","08/17/11",120.25,121.2,118.72,119.67
"397","08/18/11",116.5,119.71,113.39,114.51
"398","08/19/11",112.97,115.88,112.5,112.64
"399","08/22/11",115.16,115.23,112.41,112.73
"400","08/23/11",113.15,116.57,112.58,116.44
"401","08/24/11",116.19,118.24,115.92,118.08
"402","08/25/11",118.73,119.4,115.87,116.28
"403","08/26/11",115.69,118.51,113.85,117.97
"404","08/29/11",119.56,121.43,118.06,121.36
"405","08/30/11",120.83,122.43,119.26,121.68
"406","08/31/11",122.45,123.51,121.3,122.22
"407","09/01/11",122.29,123.4,120.78,120.94
"408","09/02/11",118.42,120.87,117.43,117.85
"409","09/06/11",114.39,117.16,114.38,116.99
"410","09/07/11",118.76,120.34,118.36,120.29
"411","09/08/11",119.57,120.94,118.77,119.04
"412","09/09/11",117.68,119.06,115.28,115.92
"413","09/12/11",114.47,116.76,114.05,116.67
"414","09/13/11",117.05,118.18,116.22,117.74
"415","09/14/11",118.34,120.8,116.72,119.37
"416","09/15/11",120.65,121.47,119.4,121.43
"417","09/16/11",121.29,121.97,120.32,121.52
"418","09/19/11",119.53,120.93,118.72,120.31
"419","09/20/11",120.82,121.99,120.01,120.17
"420","09/21/11",120.23,120.6,116.44,116.63
"421","09/22/11",113.25,114.21,111.3,112.86
"422","09/23/11",112.11,114.16,112.02,113.54
"423","09/26/11",114.61,116.4,112.98,116.24
"424","09/27/11",118.53,119.56,116.84,117.54
"425","09/28/11",117.78,118.49,114.97,115.15
"426","09/29/11",117.05,117.63,113.93,116.05
"427","09/30/11",114.45,115.45,113.07,113.15
"428","10/03/11",112.49,113.95,109.81,109.93
"429","10/04/11",108.35,112.58,107.43,112.34
"430","10/05/11",112.62,114.72,111.58,114.42
"431","10/06/11",114.36,116.66,113.51,116.49
"432","10/07/11",117.17,117.25,115.06,115.71
"433","10/10/11",117.91,119.63,117.67,119.58
"434","10/11/11",118.87,120.04,118.75,119.7
"435","10/12/11",120.6,122.14,120.33,120.75
"436","10/13/11",120.04,120.87,119.12,120.51
"437","10/14/11",121.91,122.6,121.23,122.57
"438","10/17/11",121.99,122.55,119.93,120.23
"439","10/18/11",120.14,123.5,119.2,122.58
"440","10/19/11",122.38,123.08,120.71,121.13
"441","10/20/11",121.43,122.1,119.82,121.66
"442","10/21/11",123.09,124.12,122.72,123.97
"443","10/24/11",124.17,125.8,124.06,125.49
"444","10/25/11",124.89,124.95,122.78,123.05
"445","10/26/11",124.35,124.77,122.21,124.3
"446","10/27/11",127.63,129.42,124.32,128.63
"447","10/28/11",128,128.85,127.8,128.6
"448","10/31/11",127.16,128.62,125.32,125.5
"449","11/01/11",122.03,123.51,121.52,122
"450","11/02/11",123.83,124.4,122.79,123.99
"451","11/03/11",125.27,126.5,123.6,126.25
"452","11/04/11",125.23,125.7,124.01,125.48
"453","11/07/11",125.39,126.39,124.2,126.26
"454","11/08/11",126.92,128.02,125.71,127.88
"455","11/09/11",124.89,125.8,122.86,123.16
"456","11/10/11",124.79,124.94,123.02,124.32
"457","11/11/11",125.83,126.99,125.79,126.66
"458","11/14/11",126.19,127.45,124.92,125.46
"459","11/15/11",125.17,126.75,124.72,126.08
"460","11/16/11",124.81,126.34,123.9,124.08
"461","11/17/11",123.85,124.16,121.23,122.11
"462","11/18/11",122.5,122.75,121.47,121.98
"463","11/21/11",120.2,120.35,118.65,119.66
"464","11/22/11",119.4,120.1,118.52,119.19
"465","11/23/11",118.07,119.19,116.56,116.56
"466","11/25/11",116.38,117.7,116.2,116.34
"467","11/28/11",119.54,120.18,118.82,119.71
"468","11/29/11",120.05,121,119.61,120.05
"469","11/30/11",123.49,125.22,120,124.99
"470","12/01/11",124.85,125.64,124.43,124.97
"471","12/02/11",126.12,126.5,124.78,124.86
"472","12/05/11",126.84,127.18,125.44,126.22
"473","12/06/11",126.21,127.11,125.76,126.26
"474","12/07/11",125.84,127.26,124.97,126.73
"475","12/08/11",125.9,126.18,123.65,123.95
"476","12/09/11",124.51,126.37,124.4,126.05
"477","12/12/11",124.95,124.97,123.16,124.21
"478","12/13/11",124.86,125.57,122.45,123.05
"479","12/14/11",122.56,123.03,121.47,121.74
"480","12/15/11",123.03,123.2,121.99,122.19
"481","12/16/11",122.23,122.95,121.3,121.59
"482","12/19/11",122.06,122.32,120.03,120.29
"483","12/20/11",122.18,124.14,120.37,123.93
"484","12/21/11",123.93,124.36,122.75,124.17
"485","12/22/11",124.63,125.4,124.23,125.27
"486","12/23/11",125.67,126.43,125.41,126.39
"487","12/27/11",126.17,126.82,126.06,126.49
"488","12/28/11",126.51,126.53,124.73,124.83
"489","12/29/11",125.24,126.25,124.86,126.12
"490","12/30/11",126.02,126.33,125.5,125.5
"491","01/03/12",127.76,128.38,127.43,127.5
"492","01/04/12",127.2,127.81,126.71,127.7
"493","01/05/12",127.01,128.23,126.43,128.04
"494","01/06/12",128.2,128.22,127.29,127.71
"495","01/09/12",128,128.18,127.41,128.02
"496","01/10/12",129.39,129.65,128.95,129.13
"497","01/11/12",128.73,129.37,128.52,129.2
"498","01/12/12",129.57,129.7,128.54,129.51
"499","01/13/12",128.64,129.05,127.72,128.84
"500","01/17/12",130.08,130.32,128.9,129.34
"501","01/18/12",129.31,130.84,129.08,130.77
"502","01/19/12",131.22,131.57,130.8,131.46
"503","01/20/12",131.24,131.95,130.92,131.54
"504","01/23/12",131.51,132.25,130.98,131.61
"505","01/24/12",130.8,131.5,130.6,131.46
"506","01/25/12",131.26,132.87,130.75,132.56
"507","01/26/12",133.15,133.4,131.36,131.88
"508","01/27/12",131.24,132.05,131.15,131.82
"509","01/30/12",130.51,131.44,130.06,131.37
"510","01/31/12",132.02,132.18,130.68,131.32
"511","02/01/12",132.29,133.14,132.13,132.47
"512","02/02/12",132.73,133.02,132.21,132.68
"513","02/03/12",134,134.62,133.77,134.54
"514","02/06/12",133.98,134.51,133.83,134.45
"515","02/07/12",134.17,135.02,133.64,134.79
"516","02/08/12",134.86,135.22,134.31,135.19
"517","02/09/12",135.41,135.59,134.56,135.36
"518","02/10/12",134.16,134.47,133.84,134.36
"519","02/13/12",135.32,135.52,134.74,135.36
"520","02/14/12",135,135.27,134.25,135.19
"521","02/15/12",135.63,135.83,134.29,134.56
"522","02/16/12",134.57,136.17,134.33,136.05
"523","02/17/12",136.52,136.63,135.96,136.41
"524","02/21/12",136.52,137.05,136.05,136.47
"525","02/22/12",136.26,136.55,135.79,136.03
"526","02/23/12",135.96,136.73,135.5,136.63
"527","02/24/12",136.93,137.2,136.63,136.93
"528","02/27/12",136.02,137.53,135.8,137.16
"529","02/28/12",137.2,137.72,136.93,137.56
"530","02/29/12",137.76,138.19,136.54,137.02
"531","03/01/12",137.31,137.99,136.93,137.73
"532","03/02/12",137.64,137.82,137,137.31
"533","03/05/12",137.1,137.2,136.28,136.75
"534","03/06/12",135.35,135.43,134.36,134.75
"535","03/07/12",135.06,135.91,134.93,135.69
"536","03/08/12",136.52,137.32,136.24,137.04
"537","03/09/12",137.3,137.93,137.13,137.57
"538","03/12/12",137.55,137.76,137.09,137.58
"539","03/13/12",138.32,140.13,138.09,140.06
"540","03/14/12",140.1,140.45,139.48,139.91
"541","03/15/12",140.12,140.78,139.76,140.72
"542","03/16/12",140.36,140.48,140,140.3
"543","03/19/12",140.21,141.28,140.11,140.85
"544","03/20/12",140.05,140.61,139.64,140.44
"545","03/21/12",140.52,140.65,139.92,140.21
"546","03/22/12",139.18,139.55,138.74,139.2
"547","03/23/12",139.32,139.81,138.55,139.65
"548","03/26/12",140.65,141.61,140.6,141.61
"549","03/27/12",141.74,141.83,141.08,141.17
"550","03/28/12",141.1,141.32,139.64,140.47
"551","03/29/12",139.64,140.49,139.09,140.23
"552","03/30/12",140.92,141.05,140.05,140.81
"553","04/02/12",140.64,142.21,140.36,141.84
"554","04/03/12",141.64,141.88,140.43,141.26
"555","04/04/12",140.22,140.34,139.34,139.86
"556","04/05/12",139.38,140.2,139.26,139.79
"557","04/09/12",138.03,139.84,137.84,138.22
"558","04/10/12",137.95,138.34,135.76,135.9
"559","04/11/12",137.29,137.54,136.75,137
"560","04/12/12",137.13,138.9,137.03,138.79
"561","04/13/12",138.47,138.82,137.01,137.14
"562","04/16/12",137.84,138.04,136.58,137.05
"563","04/17/12",137.84,139.36,137.7,139.08
"564","04/18/12",138.46,139.08,138.38,138.61
"565","04/19/12",138.63,139.15,137.07,137.72
"566","04/20/12",138.43,138.83,137.87,137.95
"567","04/23/12",136.54,136.91,135.94,136.86
"568","04/24/12",136.91,137.66,136.8,137.31
"569","04/25/12",138.65,139.25,138.53,139.19
"570","04/26/12",138.89,140.32,138.81,140.16
"571","04/27/12",140.58,140.79,139.8,140.39
"572","04/30/12",140.11,140.21,139.49,139.87
"573","05/01/12",139.79,141.66,139.63,140.74
"574","05/02/12",139.92,140.46,139.46,140.32
"575","05/03/12",140.34,140.45,138.99,139.25
"576","05/04/12",138.51,139.3,136.92,137
"577","05/07/12",136.51,137.56,136.46,137.1
"578","05/08/12",136.28,136.77,134.92,136.55
"579","05/09/12",135.1,136.61,134.49,135.74
"580","05/10/12",136.68,136.85,135.71,136.02
"581","05/11/12",135.17,136.87,135.11,135.61
"582","05/14/12",134.31,135.61,133.91,134.11
"583","05/15/12",134.02,134.81,133.13,133.34
"584","05/16/12",133.94,134.55,132.8,132.83
"585","05/17/12",132.86,133.02,130.79,130.86
"586","05/18/12",131.34,131.6,129.55,129.74
"587","05/21/12",130.16,132.02,129.95,131.97
"588","05/22/12",132.31,133.23,131.34,132.2
"589","05/23/12",131.25,132.46,129.99,132.27
"590","05/24/12",132.63,132.84,131.42,132.53
"591","05/25/12",132.48,132.85,131.78,132.1
"592","05/29/12",133.16,133.93,131.17,133.7
"593","05/30/12",132.56,133.69,131.49,131.76
"594","05/31/12",131.71,132.45,130.34,131.47
"595","06/01/12",129.41,131.5,128.16,128.16
"596","06/04/12",128.39,128.74,127.14,128.1
"597","06/05/12",127.85,129.26,127.78,129.07
"598","06/06/12",129.95,132.03,129.93,131.97
"599","06/07/12",133.47,133.53,131.78,132.05
"600","06/08/12",131.71,133.13,131.29,133.1
"601","06/11/12",134.17,134.25,131.28,131.42
"602","06/12/12",131.79,133.01,131.16,132.92
"603","06/13/12",132.53,133.36,131.62,132.07
"604","06/14/12",132.34,134,131.98,133.47
"605","06/15/12",133.38,134.26,133.1,134.14
"606","06/18/12",133.58,134.73,133.28,134.4
"607","06/19/12",135.08,136.25,134.37,135.7
"608","06/20/12",135.71,136.1,134.27,135.48
"609","06/21/12",135.64,135.78,132.33,132.44
"610","06/22/12",133.13,133.71,132.62,133.46
"611","06/25/12",132.05,132.1,130.85,131.32
"612","06/26/12",131.7,132.38,130.93,131.98
"613","06/27/12",132.42,133.43,131.97,133.17
"614","06/28/12",132.29,132.99,131.28,132.79
"615","06/29/12",135.2,136.27,134.85,136.1
"616","07/02/12",136.48,136.65,135.52,136.51
"617","07/03/12",136.48,137.51,136.34,137.41
"618","07/05/12",136.9,137.8,136.29,136.79
"619","07/06/12",135.47,135.77,134.85,135.49
"620","07/09/12",135.38,135.57,134.7,135.32
"621","07/10/12",135.89,136.23,133.68,134.14
"622","07/11/12",134.21,134.6,133.38,134.16
"623","07/12/12",133.38,134.23,132.6,133.51
"624","07/13/12",133.86,135.89,133.84,135.75
"625","07/16/12",135.44,135.83,134.9,135.43
"626","07/17/12",135.97,136.64,134.55,136.36
"627","07/18/12",136.01,137.64,135.96,137.37
"628","07/19/12",137.65,138.18,137.21,137.73
"629","07/20/12",136.95,137.16,136.32,136.47
"630","07/23/12",134.47,136.39,133.84,135.09
"631","07/24/12",135.19,135.25,133.03,133.93
"632","07/25/12",134.21,134.56,133.25,133.96
"633","07/26/12",135.89,136.46,135.26,136.17
"634","07/27/12",136.89,139.07,136.14,138.68
"635","07/30/12",138.52,139.34,138.27,138.68
"636","07/31/12",138.49,138.87,137.71,137.71
"637","08/01/12",138.7,138.73,137.4,137.59
"638","08/02/12",136.55,137.57,135.58,136.64
"639","08/03/12",138.56,139.64,136.68,139.35
"640","08/06/12",139.72,140.17,139.56,139.62
"641","08/07/12",140.18,140.92,140.03,140.32
"642","08/08/12",139.85,140.65,139.81,140.49
"643","08/09/12",140.29,140.89,140.15,140.61
"644","08/10/12",140.04,140.89,139.81,140.84
"645","08/13/12",140.6,140.84,140.04,140.77
"646","08/14/12",141.29,141.38,140.37,140.79
"647","08/15/12",140.64,141.19,140.55,140.95
"648","08/16/12",141.15,142.16,140.8,141.99
"649","08/17/12",142.23,142.3,141.86,142.18
"650","08/20/12",141.98,142.22,141.59,142.19
"651","08/21/12",142.54,143.09,141.45,141.76
"652","08/22/12",141.4,142.05,141.07,141.82
"653","08/23/12",141.47,141.48,140.44,140.67
"654","08/24/12",140.36,141.83,140.22,141.51
"655","08/27/12",141.89,142.08,141.34,141.54
"656","08/28/12",141.18,141.84,140.97,141.4
"657","08/29/12",141.5,141.89,141.12,141.51
"658","08/30/12",140.9,140.94,140.19,140.49
"659","08/31/12",141.29,141.82,140.36,141.16
"660","09/04/12",141.04,141.46,140.13,141.03
"661","09/05/12",141.09,141.47,140.63,140.91
"662","09/06/12",141.76,143.78,141.75,143.77
"663","09/07/12",144.01,144.39,143.88,144.33
"664","09/10/12",144.19,144.44,143.46,143.51
"665","09/11/12",143.6,144.37,143.56,143.91
"666","09/12/12",144.39,144.55,143.9,144.39
"667","09/13/12",144.37,147.04,143.99,146.59
"668","09/14/12",146.88,148.11,146.76,147.24
"669","09/17/12",146.94,147.19,146.37,146.74
"670","09/18/12",146.49,146.81,146.25,146.62
"671","09/19/12",146.79,147.17,146.41,146.7
"672","09/20/12",146.03,146.79,145.63,146.71
"673","09/21/12",146.64,146.67,145.81,145.87
"674","09/24/12",145.15,145.98,145.04,145.65
"675","09/25/12",145.96,146.24,144.06,144.1
"676","09/26/12",144.07,144.11,142.95,143.29
"677","09/27/12",143.89,144.97,143.51,144.64
"678","09/28/12",144.09,144.56,143.46,143.97
"679","10/01/12",144.52,145.69,144.01,144.35
"680","10/02/12",144.92,145.15,143.83,144.5
"681","10/03/12",144.89,145.43,144.13,145.09
"682","10/04/12",145.64,146.34,145.44,146.13
"683","10/05/12",146.91,147.16,145.7,146.14
"684","10/08/12",145.6,146.12,145.31,145.64
"685","10/09/12",145.53,145.65,144.15,144.2
"686","10/10/12",144.18,144.32,143.09,143.28
"687","10/11/12",144.28,144.49,143.33,143.36
"688","10/12/12",143.46,143.95,142.58,142.89
"689","10/15/12",143.23,144.23,142.77,144.08
"690","10/16/12",144.76,145.64,144.66,145.54
"691","10/17/12",145.64,146.32,145.42,146.2
"692","10/18/12",145.93,146.52,145.33,145.82
"693","10/19/12",145.55,145.56,143.05,143.39
"694","10/22/12",143.15,143.67,142.28,143.41
"695","10/23/12",141.86,142.06,140.83,141.42
"696","10/24/12",141.93,142.1,140.8,141.02
"697","10/25/12",142.02,142.28,140.57,141.43
"698","10/26/12",141.3,141.84,140.39,141.35
"699","10/29/12",NA,141.35,141.35,141.35
"700","10/30/12",NA,141.35,141.35,141.35
"701","10/31/12",141.85,142.03,140.68,141.35
"702","11/01/12",141.65,143.01,141.52,142.83
"703","11/02/12",143.68,143.72,141.41,141.56
"704","11/05/12",141.35,141.72,140.93,141.47
"705","11/06/12",142.28,143.52,142.13,142.96
"706","11/07/12",141.66,141.68,139.06,139.72
"707","11/08/12",139.7,140.41,137.93,138.04
"708","11/09/12",137.62,139.44,137.55,138.16
"709","11/12/12",138.59,138.81,137.96,138.26
"710","11/13/12",137.54,139.25,137.36,137.79
"711","11/14/12",138.21,138.43,135.62,135.93
"712","11/15/12",135.98,136.49,135.18,135.7
"713","11/16/12",135.9,136.64,134.7,136.37
"714","11/19/12",137.9,139.15,136.41,139.13
"715","11/20/12",138.91,139.42,138.08,139.19
"716","11/21/12",139.31,139.57,139.03,139.45
"717","11/23/12",140.13,141.4,140.04,141.35
"718","11/26/12",140.65,141.36,140.19,141.05
"719","11/27/12",140.91,141.39,140.24,140.33
"720","11/28/12",139.76,141.54,139,141.46
"721","11/29/12",141.99,142.51,141.37,142.12
"722","11/30/12",142.14,142.42,141.66,142.16
"723","12/03/12",142.8,142.92,141.34,141.45
"724","12/04/12",141.44,141.87,140.87,141.25
"725","12/05/12",141.37,142.16,140.37,141.5
"726","12/06/12",141.37,142.04,141.16,141.98
"727","12/07/12",142.53,142.69,141.67,142.41
"728","12/10/12",142.21,142.81,142.15,142.47
"729","12/11/12",143.06,144.11,142.99,143.44
"730","12/12/12",144,144.55,143.31,143.51
"731","12/13/12",143.4,143.83,142.28,142.63
"732","12/14/12",142.32,142.58,141.88,142.11
"733","12/17/12",142.47,143.85,142.43,143.77
"734","12/18/12",144,145.5,143.79,145.37
"735","12/19/12",145.53,145.58,144.24,144.29
"736","12/20/12",144.38,145.14,143.98,145.12
"737","12/21/12",142.17,144.09,141.94,142.79
"738","12/24/12",142.48,142.56,142.19,142.35
"739","12/26/12",142.64,142.71,141.35,141.75
"740","12/27/12",141.79,142.08,139.92,141.56
"741","12/28/12",140.64,141.42,139.87,140.03
"742","12/31/12",139.66,142.56,139.54,142.41
"743","01/02/13",145.11,146.15,144.73,146.06
"744","01/03/13",145.97,146.37,145.34,145.73
"745","01/04/13",145.97,146.61,145.67,146.37
"746","01/07/13",145.85,146.44,145.43,145.97
"747","01/08/13",145.71,145.91,144.98,145.55
"748","01/09/13",145.87,146.32,145.64,145.92
"749","01/10/13",146.73,147.09,145.97,147.08
"750","01/11/13",147.04,147.15,146.61,147.07
"751","01/14/13",146.89,147.07,146.43,146.97
"752","01/15/13",146.29,147.21,146.2,147.07
"753","01/16/13",146.77,147.28,146.61,147.05
"754","01/17/13",147.7,148.42,147.14,148
"755","01/18/13",147.97,148.49,147.43,148.33
"756","01/22/13",148.33,149.13,147.98,149.13
"757","01/23/13",149.13,149.5,148.86,149.37
"758","01/24/13",149.15,150.14,149.01,149.41
"759","01/25/13",149.87,150.25,149.37,150.25
"760","01/28/13",150.29,150.33,149.51,150.07
"761","01/29/13",149.77,150.85,149.67,150.66
"762","01/30/13",150.64,150.94,149.93,150.07
"763","01/31/13",149.89,150.38,149.6,149.7
"764","02/01/13",150.65,151.42,150.39,151.24
"765","02/04/13",150.32,151.27,149.43,149.54
"766","02/05/13",150.35,151.48,150.29,151.05
"767","02/06/13",150.52,151.26,150.41,151.16
"768","02/07/13",151.21,151.35,149.86,150.96
"769","02/08/13",151.22,151.89,151.22,151.8
"770","02/11/13",151.74,151.9,151.39,151.77
"771","02/12/13",151.78,152.3,151.61,152.02
"772","02/13/13",152.33,152.61,151.72,152.15
"773","02/14/13",151.69,152.47,151.52,152.29
"774","02/15/13",152.43,152.59,151.55,152.11
"775","02/19/13",152.37,153.28,152.16,153.25
"776","02/20/13",153.14,153.19,151.26,151.34
"777","02/21/13",150.96,151.42,149.94,150.42
"778","02/22/13",151.15,151.89,150.49,151.89
"779","02/25/13",152.63,152.86,149,149
"780","02/26/13",149.72,150.2,148.73,150.02
"781","02/27/13",149.89,152.33,149.76,151.91
"782","02/28/13",151.9,152.87,151.41,151.61
"783","03/01/13",151.09,152.34,150.41,152.11
"784","03/04/13",151.76,152.92,151.52,152.92
"785","03/05/13",153.66,154.7,153.64,154.29
"786","03/06/13",154.84,154.92,154.16,154.5
"787","03/07/13",154.7,154.98,154.52,154.78
"788","03/08/13",155.46,155.65,154.66,155.44
"789","03/11/13",155.32,156.04,155.13,156.03
"790","03/12/13",155.92,156.1,155.21,155.68
"791","03/13/13",155.76,156.12,155.23,155.91
"792","03/14/13",156.31,156.8,155.91,156.73
"793","03/15/13",155.85,156.04,155.31,155.83
"794","03/18/13",154.34,155.64,154.2,154.97
"795","03/19/13",155.3,155.51,153.59,154.61
"796","03/20/13",155.52,155.95,155.26,155.69
"797","03/21/13",154.76,155.64,154.1,154.36
"798","03/22/13",154.85,155.6,154.73,155.6
"799","03/25/13",156.01,156.27,154.35,154.96
"800","03/26/13",155.59,156.23,155.42,156.19
"801","03/27/13",155.26,156.25,155,156.19
"802","03/28/13",156.09,156.85,155.75,156.67
"803","04/01/13",156.59,156.91,155.67,156.05
"804","04/02/13",156.61,157.21,156.37,156.82
"805","04/03/13",156.91,157.03,154.82,155.23
"806","04/04/13",155.43,156.17,155.09,155.86
"807","04/05/13",153.95,155.35,153.77,155.16
"808","04/08/13",155.27,156.22,154.75,156.21
"809","04/09/13",156.5,157.32,155.98,156.75
"810","04/10/13",157.17,158.87,157.13,158.67
"811","04/11/13",158.7,159.71,158.54,159.19
"812","04/12/13",158.68,159.04,157.92,158.8
"813","04/15/13",158,158.13,155.1,155.12
"814","04/16/13",156.29,157.49,155.91,157.41
"815","04/17/13",156.29,156.32,154.28,155.11
"816","04/18/13",155.37,155.41,153.55,154.14
"817","04/19/13",154.5,155.55,154.12,155.48
"818","04/22/13",155.78,156.54,154.75,156.17
"819","04/23/13",156.95,157.93,156.17,157.78
"820","04/24/13",157.83,158.3,157.54,157.88
"821","04/25/13",158.34,159.27,158.1,158.52
"822","04/26/13",158.33,158.6,157.73,158.24
"823","04/29/13",158.67,159.65,158.42,159.3
"824","04/30/13",159.27,159.72,158.61,159.68
"825","05/01/13",159.33,159.41,158.1,158.28
"826","05/02/13",158.68,159.89,158.53,159.75
"827","05/03/13",161.14,161.88,159.78,161.37
"828","05/06/13",161.48,162.01,161.42,161.78
"829","05/07/13",162.13,162.65,161.67,162.6
"830","05/08/13",162.42,163.39,162.33,163.34
"831","05/09/13",163.27,163.7,162.47,162.88
"832","05/10/13",162.99,163.55,162.51,163.41
"833","05/13/13",163.2,163.81,162.82,163.54
"834","05/14/13",163.72,165.35,163.67,165.23
"835","05/15/13",164.96,166.45,164.91,166.12
"836","05/16/13",165.78,166.36,165.09,165.34
"837","05/17/13",165.95,167.04,165.73,166.94
"838","05/20/13",166.78,167.58,166.61,166.93
"839","05/21/13",167.08,167.8,166.5,167.17
"840","05/22/13",167.34,169.07,165.17,165.93
"841","05/23/13",164.16,165.91,163.94,165.45
"842","05/24/13",164.47,165.38,163.98,165.31
"843","05/28/13",167.04,167.78,165.81,166.3
"844","05/29/13",165.42,165.8,164.34,165.22
"845","05/30/13",165.35,166.59,165.22,165.83
"846","05/31/13",165.37,166.31,164.58,164.89
"847","06/03/13",163.83,164.46,162.66,164.35
"848","06/04/13",164.44,165.1,162.73,163.56
"849","06/05/13",163.09,163.42,161.13,161.27
"850","06/06/13",161.2,162.74,160.25,162.73
"851","06/07/13",163.85,164.95,163.14,164.8
"852","06/10/13",165.31,165.4,164.37,164.8
"853","06/11/13",163.3,164.54,162.74,163.1
"854","06/12/13",164.22,164.39,161.6,161.77
"855","06/13/13",161.66,164.5,161.3,164.21
"856","06/14/13",164.03,164.67,162.91,163.18
"857","06/17/13",164.29,165.22,163.22,164.44
"858","06/18/13",164.53,165.99,164.52,165.74
"859","06/19/13",165.6,165.89,163.38,163.45
"860","06/20/13",161.86,162.1,158.98,159.4
"861","06/21/13",159.64,159.76,157.47,159.07
"862","06/24/13",157.41,158.43,155.73,157.06
"863","06/25/13",158.48,160.1,157.42,158.57
"864","06/26/13",159.87,160.5,159.25,160.14
"865","06/27/13",161.11,161.82,160.95,161.08
"866","06/28/13",160.63,161.4,159.86,160.42
"867","07/01/13",161.26,162.48,161.08,161.36
"868","07/02/13",161.12,162.3,160.5,161.21
"869","07/03/13",160.48,161.77,160.22,161.28
"870","07/05/13",162.47,163.08,161.3,163.02
"871","07/08/13",163.86,164.39,163.58,163.95
"872","07/09/13",164.98,165.33,164.27,165.13
"873","07/10/13",164.97,165.75,164.63,165.19
"874","07/11/13",167.11,167.61,165.18,167.44
"875","07/12/13",167.39,167.93,167.13,167.51
"876","07/15/13",167.97,168.39,167.68,168.16
"877","07/16/13",168.26,168.36,167.07,167.53
"878","07/17/13",168.16,168.48,167.73,167.95
"879","07/18/13",168.31,169.27,168.2,168.87
"880","07/19/13",168.52,169.23,168.31,169.17
"881","07/22/13",169.41,169.74,169.01,169.5
"882","07/23/13",169.8,169.83,169.05,169.14
"883","07/24/13",169.79,169.86,168.18,168.52
"884","07/25/13",168.22,169.08,167.94,168.93
"885","07/26/13",168.22,169.16,167.52,169.11
"886","07/29/13",168.68,169.06,168.11,168.59
"887","07/30/13",169.1,169.28,168.19,168.59
"888","07/31/13",168.94,169.85,168.49,168.71
"889","08/01/13",169.99,170.81,169.9,170.66
"890","08/02/13",170.28,170.97,170.05,170.95
"891","08/05/13",170.57,170.96,170.35,170.7
"892","08/06/13",170.37,170.74,169.35,169.73
"893","08/07/13",169.19,169.43,168.55,169.18
"894","08/08/13",169.98,170.18,168.93,169.8
"895","08/09/13",169.58,170.1,168.72,169.31
"896","08/12/13",168.46,169.31,168.38,169.11
"897","08/13/13",169.41,169.9,168.41,169.61
"898","08/14/13",169.53,169.8,168.7,168.74
"899","08/15/13",167.41,167.43,166.09,166.38
"900","08/16/13",166.06,166.63,165.5,165.83
"901","08/19/13",165.64,166.21,164.76,164.77
"902","08/20/13",165.04,166.2,164.86,165.58
"903","08/21/13",165.12,166.03,164.19,164.56
"904","08/22/13",164.9,166.3,164.89,166.06
"905","08/23/13",166.55,166.83,165.77,166.62
"906","08/26/13",166.79,167.3,165.89,166
"907","08/27/13",164.36,166,163.21,163.33
"908","08/28/13",163.26,164.49,163.05,163.91
"909","08/29/13",163.55,165.04,163.4,164.17
"910","08/30/13",164.51,164.53,163.17,163.65
"911","09/03/13",165.23,165.58,163.7,164.39
"912","09/04/13",164.43,166.03,164.14,165.75
"913","09/05/13",165.85,166.4,165.73,165.96
"914","09/06/13",166.51,166.98,164.48,166.04
"915","09/09/13",166.45,167.73,166.45,167.63
"916","09/10/13",168.64,168.9,168.26,168.87
"917","09/11/13",168.64,169.4,168.35,169.4
"918","09/12/13",169.34,169.56,168.72,168.95
"919","09/13/13",169.13,169.46,168.74,169.33
"920","09/16/13",171.16,171.24,170.04,170.31
"921","09/17/13",170.46,171.11,170.46,171.07
"922","09/18/13",171.01,173.52,170.58,173.05
"923","09/19/13",173.52,173.6,172.59,172.76
"924","09/20/13",172.33,172.33,170.58,170.72
"925","09/23/13",170.49,170.65,169.39,169.93
"926","09/24/13",169.9,170.53,169.21,169.53
"927","09/25/13",169.64,169.98,168.89,169.04
"928","09/26/13",169.32,170.17,169.05,169.69
"929","09/27/13",168.84,169.14,168.47,168.91
"930","09/30/13",167.48,168.54,167.15,168.01
"931","10/01/13",168.14,169.5,167.97,169.34
"932","10/02/13",168.35,169.34,167.83,169.18
"933","10/03/13",168.79,168.94,166.84,167.62
"934","10/04/13",167.75,169.06,167.53,168.89
"935","10/07/13",167.42,168.45,167.25,167.43
"936","10/08/13",167.4,167.62,165.36,165.48
"937","10/09/13",165.8,166.2,164.53,165.6
"938","10/10/13",167.29,169.26,167.23,169.17
"939","10/11/13",168.91,170.32,168.77,170.26
"940","10/14/13",169.21,171.08,169.08,170.94
"941","10/15/13",170.51,171.15,169.47,169.7
"942","10/16/13",170.72,172.16,170.64,172.07
"943","10/17/13",171.37,173.32,171.34,173.22
"944","10/18/13",173.86,174.51,173.51,174.39
"945","10/21/13",174.45,174.75,174.01,174.4
"946","10/22/13",174.91,175.93,174.43,175.41
"947","10/23/13",174.81,174.89,173.96,174.57
"948","10/24/13",174.92,175.37,174.51,175.15
"949","10/25/13",175.51,176,175.17,175.95
"950","10/28/13",175.89,176.47,175.7,176.23
"951","10/29/13",176.63,177.24,176.38,177.17
"952","10/30/13",177.38,177.51,175.66,176.29
"953","10/31/13",176.15,176.89,175.53,175.79
"954","11/01/13",176.02,176.61,175.22,176.21
"955","11/04/13",176.69,176.9,175.98,176.83
"956","11/05/13",176.14,176.75,175.57,176.27
"957","11/06/13",177.03,177.5,176.54,177.17
"958","11/07/13",177.5,177.64,174.76,174.93
"959","11/08/13",174.87,177.31,174.85,177.29
"960","11/11/13",177.12,177.53,176.91,177.32
"961","11/12/13",176.94,177.36,176.37,176.96
"962","11/13/13",176.09,178.42,176.09,178.38
"963","11/14/13",178.54,179.42,178.25,179.27
"964","11/15/13",179.56,180.12,179.33,180.05
"965","11/18/13",180.35,180.5,179.02,179.42
"966","11/19/13",179.33,179.87,178.72,179.04
"967","11/20/13",179.39,179.93,177.98,178.47
"968","11/21/13",178.97,180.05,178.86,179.91
"969","11/22/13",179.98,180.83,179.77,180.81
"970","11/25/13",181.13,181.17,180.37,180.63
"971","11/26/13",180.72,181.22,180.41,180.68
"972","11/27/13",180.87,181.24,180.65,181.12
"973","11/29/13",181.32,181.75,180.8,181
"974","12/02/13",181.09,181.43,180.25,180.53
"975","12/03/13",179.94,180.39,179.17,179.75
"976","12/04/13",179.1,180.48,178.35,179.73
"977","12/05/13",179.41,179.74,178.77,178.94
"978","12/06/13",180.67,181.11,180.15,180.94
"979","12/09/13",181.47,181.67,181.16,181.4
"980","12/10/13",180.98,181.36,180.64,180.75
"981","12/11/13",180.81,180.85,178.5,178.72
"982","12/12/13",178.63,178.86,177.76,178.13
"983","12/13/13",178.5,178.66,177.77,178.11
"984","12/16/13",178.95,179.81,178.9,179.22
"985","12/17/13",179.36,179.41,178.25,178.65
"986","12/18/13",178.92,181.73,177.32,181.7
"987","12/19/13",181.19,181.7,180.71,181.49
"988","12/20/13",180.67,181.99,180.57,181.56
"989","12/23/13",182.41,182.64,182.07,182.53
"990","12/24/13",182.54,183.01,182.53,182.93
"991","12/26/13",183.34,183.96,183.32,183.86
"992","12/27/13",184.1,184.18,183.66,183.85
"993","12/30/13",183.87,184.02,183.58,183.81
"994","12/31/13",184.07,184.69,183.93,184.69
"995","01/02/14",183.98,184.07,182.48,182.92
"996","01/03/14",183.21,183.6,182.63,182.89
"997","01/06/14",183.47,183.56,182.08,182.36
"998","01/07/14",183.09,183.79,182.95,183.48
"999","01/08/14",183.45,183.83,182.89,183.52
"1000","01/09/14",184.1,184.13,182.8,183.64
"1001","01/10/14",183.95,184.22,183.01,184.14
"1002","01/13/14",183.71,184.18,181.34,181.69
"1003","01/14/14",182.28,183.77,181.95,183.67
"1004","01/15/14",184.1,184.94,183.71,184.66
"1005","01/16/14",184.28,184.66,183.83,184.42
"1006","01/17/14",184.1,184.45,183.32,183.64
"1007","01/21/14",184.7,184.77,183.05,184.18
"1008","01/22/14",184.49,184.57,183.91,184.3
"1009","01/23/14",183.36,183.4,181.82,182.79
"1010","01/24/14",181.6,181.66,178.83,178.89
"1011","01/27/14",179.06,179.52,177.12,178.01
"1012","01/28/14",178.14,179.3,178.12,179.07
"1013","01/29/14",177.56,178.55,176.88,177.36
"1014","01/30/14",178.86,179.81,178.26,179.23
"1015","01/31/14",177.02,179.29,176.92,178.18
"1016","02/03/14",177.95,178.37,173.83,174.17
"1017","02/04/14",174.95,175.84,174.11,175.39
"1018","02/05/14",174.79,175.56,173.71,175.17
"1019","02/06/14",175.58,177.48,175.22,177.48
"1020","02/07/14",178.31,179.87,177.73,179.68
"1021","02/10/14",179.7,180.07,179.21,180.01
"1022","02/11/14",180.16,182.44,180.04,181.98
"1023","02/12/14",182.22,182.83,181.71,182.07
"1024","02/13/14",180.84,183.2,180.83,183.01
"1025","02/14/14",182.84,184.36,182.67,184.02
"1026","02/18/14",184.19,184.49,183.65,184.24
"1027","02/19/14",183.76,184.95,182.87,183.02
"1028","02/20/14",183.27,184.52,182.6,184.1
"1029","02/21/14",184.49,184.89,183.8,183.89
"1030","02/24/14",184.28,186.15,184.2,184.91
"1031","02/25/14",185.03,185.59,184.23,184.84
"1032","02/26/14",185.11,185.6,184.33,184.85
"1033","02/27/14",184.59,185.87,184.37,185.82
"1034","02/28/14",185.79,187.15,185.05,186.29
"1035","03/03/14",184.69,185.45,183.75,184.98
"1036","03/04/14",186.75,187.98,186.75,187.63
"1037","03/05/14",187.72,188.07,187.45,187.75
"1038","03/06/14",188.21,188.61,187.78,188.18
"1039","03/07/14",188.87,188.96,187.43,188.19
"1040","03/10/14",187.94,188.23,187.08,188.16
"1041","03/11/14",188.44,188.71,186.8,187.23
"1042","03/12/14",186.32,187.35,185.9,187.28
"1043","03/13/14",187.84,187.98,184.66,185.16
"1044","03/14/14",184.8,185.8,184.44,184.66
"1045","03/17/14",185.59,186.77,185.51,186.33
"1046","03/18/14",186.71,187.91,186.51,187.66
"1047","03/19/14",187.7,187.94,185.47,186.66
"1048","03/20/14",186.25,187.89,185.92,187.75
"1049","03/21/14",187.72,189.02,186.03,186.2
"1050","03/24/14",186.82,187.07,184.62,185.43
"1051","03/25/14",186.37,186.94,185.27,186.31
"1052","03/26/14",187.03,187.34,184.92,184.97
"1053","03/27/14",184.77,185.34,183.9,184.58
"1054","03/28/14",185.11,186.42,185,185.49
"1055","03/31/14",186.65,187.3,185.52,187.01
"1056","04/01/14",187.62,188.36,187,188.25
"1057","04/02/14",188.5,189.13,188.14,188.88
"1058","04/03/14",189.17,189.22,188.05,188.63
"1059","04/04/14",189.64,189.7,186.1,186.4
"1060","04/07/14",185.9,186.26,183.96,184.34
"1061","04/08/14",184.21,185.4,183.59,185.1
"1062","04/09/14",185.6,187.15,185.06,187.09
"1063","04/10/14",187.09,187.17,182.93,183.16
"1064","04/11/14",182.17,183.42,181.31,181.51
"1065","04/14/14",182.93,183.37,181.44,182.94
"1066","04/15/14",183.32,184.33,181.51,184.2
"1067","04/16/14",185.47,186.14,184.65,186.13
"1068","04/17/14",185.88,186.91,185.56,186.39
"1069","04/21/14",186.44,187.1,186.21,187.04
"1070","04/22/14",187.23,188.4,187.13,187.89
"1071","04/23/14",187.81,187.92,187.3,187.45
"1072","04/24/14",188.37,188.39,186.93,187.83
"1073","04/25/14",187.21,187.33,185.87,186.29
"1074","04/28/14",187.05,187.69,184.96,186.88
"1075","04/29/14",187.48,188.04,187.08,187.75
"1076","04/30/14",187.44,188.5,187.18,188.31
"1077","05/01/14",188.22,188.84,187.73,188.33
"1078","05/02/14",188.31,189.14,187.78,188.06
"1079","05/05/14",187.14,188.55,186.62,188.42
"1080","05/06/14",188,188.13,186.74,186.78
"1081","05/07/14",187.43,187.97,186.01,187.88
"1082","05/08/14",187.67,189.05,187.08,187.68
"1083","05/09/14",187.69,188.04,186.83,187.96
"1084","05/12/14",188.76,189.88,188,189.79
"1085","05/13/14",190.03,190.42,189.77,189.96
"1086","05/14/14",189.79,189.88,188.79,189.06
"1087","05/15/14",188.67,188.72,186.48,187.4
"1088","05/16/14",187.51,188.13,186.72,188.05
"1089","05/19/14",187.69,188.89,187.52,188.74
"1090","05/20/14",188.65,188.67,187.07,187.57
"1091","05/21/14",188.1,189.22,188.06,189.13
"1092","05/22/14",189.18,189.98,188.86,189.59
"1093","05/23/14",189.75,190.48,189.59,190.35
"1094","05/27/14",191.05,191.58,190.95,191.53
"1095","05/28/14",191.52,191.82,191.06,191.38
"1096","05/29/14",191.82,192.4,191.33,192.37
"1097","05/30/14",192.5,192.8,192.03,192.68
"1098","06/02/14",192.95,192.99,191.97,192.9
"1099","06/03/14",192.4,192.9,192.25,192.8
"1100","06/04/14",192.47,193.3,192.27,193.19
"1101","06/05/14",193.41,194.65,192.7,194.45
"1102","06/06/14",194.87,195.43,194.78,195.38
"1103","06/09/14",195.35,196.05,195.17,195.58
"1104","06/10/14",195.33,195.64,194.92,195.6
"1105","06/11/14",194.9,195.12,194.48,194.92
"1106","06/12/14",194.65,194.8,193.11,193.54
"1107","06/13/14",193.9,194.32,193.3,194.11
"1108","06/16/14",193.89,194.7,193.66,194.35
"1109","06/17/14",194.02,194.97,193.81,194.83
"1110","06/18/14",194.83,196.37,194.4,196.26
"1111","06/19/14",196.43,196.6,195.8,196.48
"1112","06/20/14",196.03,196.1,195.7,195.94
"1113","06/23/14",195.97,196.05,195.52,195.88
"1114","06/24/14",195.53,196.5,194.48,194.7
"1115","06/25/14",194.25,195.78,194.25,195.58
"1116","06/26/14",195.61,195.63,194.13,195.44
"1117","06/27/14",194.98,195.88,194.89,195.82
"1118","06/30/14",195.7,196.17,195.53,195.72
"1119","07/01/14",196.19,197.63,196.13,197.03
"1120","07/02/14",197.05,197.48,196.96,197.23
"1121","07/03/14",197.79,198.29,197.64,198.2
"1122","07/07/14",197.82,197.98,197.22,197.51
"1123","07/08/14",197.15,197.22,195.76,196.24
"1124","07/09/14",196.73,197.3,196.31,197.12
"1125","07/10/14",195.22,196.86,195.06,196.34
"1126","07/11/14",196.22,196.75,195.78,196.61
"1127","07/14/14",197.65,197.86,197.44,197.6
"1128","07/15/14",197.72,198.1,196.36,197.23
"1129","07/16/14",198.11,198.26,197.42,197.96
"1130","07/17/14",197.35,198.1,195.43,195.71
"1131","07/18/14",196.35,197.91,196.24,197.71
"1132","07/21/14",197.09,197.5,196.43,197.34
"1133","07/22/14",198.01,198.56,197.87,198.2
"1134","07/23/14",198.5,198.85,198.1,198.64
"1135","07/24/14",198.83,199.06,198.45,198.66
"1136","07/25/14",198.09,198.26,197.33,197.72
"1137","07/28/14",197.76,198.09,196.62,197.8
"1138","07/29/14",198.17,198.45,196.92,196.95
"1139","07/30/14",197.65,197.91,196.16,196.98
"1140","07/31/14",195.61,195.78,192.97,193.09
"1141","08/01/14",192.56,193.76,191.57,192.5
"1142","08/04/14",192.87,194.3,192.05,193.89
"1143","08/05/14",193.1,193.6,191.31,192.01
"1144","08/06/14",191.11,192.89,191.08,192.04
"1145","08/07/14",192.94,193.13,190.55,191.03
"1146","08/08/14",191.46,193.37,190.95,193.23
"1147","08/11/14",193.97,194.66,193.71,193.8
"1148","08/12/14",193.61,194.15,192.94,193.53
"1149","08/13/14",194.29,195.06,193.96,194.84
"1150","08/14/14",195.16,195.76,194.98,195.76
"1151","08/15/14",196.47,196.65,194.31,195.78
"1152","08/18/14",196.8,197.45,196.69,197.37
"1153","08/19/14",197.84,198.54,197.44,198.39
"1154","08/20/14",198.12,199.16,198.08,198.92
"1155","08/21/14",199.09,199.76,198.93,199.5
"1156","08/22/14",199.34,199.69,198.74,199.19
"1157","08/25/14",200.14,200.59,199.15,200.2
"1158","08/26/14",200.33,200.82,200.28,200.33
"1159","08/27/14",200.43,200.57,199.94,200.3
"1160","08/28/14",199.59,200.27,199.39,200.14
"1161","08/29/14",200.45,200.73,199.82,200.71
"1162","09/02/14",200.79,201,199.86,200.61
"1163","09/03/14",201.38,201.41,200.22,200.51
"1164","09/04/14",200.84,201.58,199.66,200.21
"1165","09/05/14",200.17,201.19,199.41,201.11
"1166","09/08/14",200.92,201.21,200,200.59
"1167","09/09/14",200.41,200.55,198.91,199.36
"1168","09/10/14",199.43,200.2,198.77,200.07
"1169","09/11/14",199.27,200.33,199.12,200.3
"1170","09/12/14",200.1,200.12,198.56,199.13
"1171","09/15/14",199.16,199.32,198.38,198.98
"1172","09/16/14",198.61,200.84,198.5,200.49
"1173","09/17/14",200.77,201.68,199.75,200.75
"1174","09/18/14",201.36,201.85,201.1,201.82
"1175","09/19/14",201.52,201.9,200.29,200.7
"1176","09/22/14",200.35,200.38,198.73,199.15
"1177","09/23/14",198.43,199.26,197.95,198.01
"1178","09/24/14",198.04,199.68,197.52,199.55
"1179","09/25/14",199.04,199.05,196.27,196.34
"1180","09/26/14",196.7,198.39,196.42,197.9
"1181","09/29/14",196.2,197.89,196.05,197.54
"1182","09/30/14",197.69,198.3,196.61,197.02
"1183","10/01/14",196.7,196.77,193.91,194.35
"1184","10/02/14",194.18,195.06,192.35,194.38
"1185","10/03/14",195.68,196.94,195.08,196.52
"1186","10/06/14",197.34,197.6,195.58,196.29
"1187","10/07/14",195.28,195.72,193.22,193.26
"1188","10/08/14",193.37,196.92,192.36,196.64
"1189","10/09/14",196.33,196.6,192.58,192.7
"1190","10/10/14",192.69,193.65,190.51,190.52
"1191","10/13/14",190.46,191.15,187.3,187.41
"1192","10/14/14",188.42,189.82,187.04,187.7
"1193","10/15/14",185.16,187.69,181.92,186.17
"1194","10/16/14",183.06,187.58,182.89,186.27
"1195","10/17/14",188.42,189.75,187.62,188.47
"1196","10/20/14",188.13,190.45,188.07,190.3
"1197","10/21/14",191.68,194.2,191.48,194.07
"1198","10/22/14",194.41,194.91,192.61,192.69
"1199","10/23/14",194.62,196.2,194.26,194.93
"1200","10/24/14",195.25,196.49,194.49,196.43
"1201","10/27/14",195.73,196.45,195.03,196.16
"1202","10/28/14",196.82,198.42,196.73,198.39
"1203","10/29/14",198.55,199.12,196.81,198.16
"1204","10/30/14",197.58,199.95,197.4,199.38
"1205","10/31/14",201.78,201.82,200.77,201.66
"1206","11/03/14",201.92,202.45,201.31,201.77
"1207","11/04/14",201.23,201.6,200.06,201.07
"1208","11/05/14",202.54,202.59,201.45,202.34
"1209","11/06/14",202.39,203.26,201.64,203.15
"1210","11/07/14",203.17,203.6,202.61,203.34
"1211","11/10/14",203.38,204.04,203.13,203.98
"1212","11/11/14",204.06,204.31,203.65,204.18
"1213","11/12/14",203.35,204.24,203.31,203.96
"1214","11/13/14",204.16,204.83,203.21,204.17
"1215","11/14/14",204.1,204.49,203.72,204.24
"1216","11/17/14",203.85,204.58,203.65,204.34
"1217","11/18/14",204.44,205.92,204.44,205.55
"1218","11/19/14",205.31,205.55,204.3,205.22
"1219","11/20/14",204.26,205.71,204.18,205.58
"1220","11/21/14",207.64,207.84,205.98,206.68
"1221","11/24/14",207.17,207.39,206.91,207.26
"1222","11/25/14",207.54,207.79,206.8,207.19
"1223","11/26/14",207.29,207.76,207.03,207.64
"1224","11/28/14",207.49,207.87,206.91,207.2
"1225","12/01/14",206.4,206.54,205.38,205.76
"1226","12/02/14",205.81,207.34,205.78,207.09
"1227","12/03/14",207.3,208.15,207.1,207.89
"1228","12/04/14",207.54,208.27,206.7,207.66
"1229","12/05/14",207.87,208.47,207.55,208
"1230","12/08/14",207.52,208.12,205.93,206.61
"1231","12/09/14",204.37,206.6,203.91,206.49
"1232","12/10/14",205.91,205.98,202.93,203.16
"1233","12/11/14",203.88,206.19,203.71,204.19
"1234","12/12/14",202.64,203.82,200.85,200.89
"1235","12/15/14",201.98,202.53,198.78,199.51
"1236","12/16/14",198.79,202.4,197.86,197.91
"1237","12/17/14",198.44,202.34,198.29,201.79
"1238","12/18/14",204.74,206.97,203.92,206.84
"1239","12/19/14",206.43,207.33,205.61,206.52
"1240","12/22/14",206.75,207.47,206.46,207.47
"1241","12/23/14",208.17,208.23,207.4,207.75
"1242","12/24/14",208.02,208.34,207.72,207.77
"1243","12/26/14",208.31,208.85,208.25,208.44
"1244","12/29/14",208.22,208.97,208.14,208.72
"1245","12/30/14",208.21,208.37,207.51,207.6
"1246","12/31/14",207.99,208.19,205.39,205.54
"1247","01/02/15",206.38,206.88,204.18,205.43
"1248","01/05/15",204.17,204.37,201.35,201.72
"1249","01/06/15",202.09,202.72,198.86,199.82
"1250","01/07/15",201.42,202.72,200.88,202.31
"1251","01/08/15",204.01,206.16,203.99,205.92
"1252","01/09/15",206.4,206.42,203.51,204.25
"1253","01/12/15",204.41,204.6,201.92,202.65
"1254","01/13/15",204.12,205.48,200.51,202.08
"1255","01/14/15",199.65,201.1,198.57,200.85
"1256","01/15/15",201.63,202.01,198.88,199.02
"1257","01/16/15",198.77,201.82,198.55,201.63
"1258","01/20/15",202.4,202.72,200.17,202.06
"1259","01/21/15",201.5,203.66,200.94,203.08
"1260","01/22/15",203.99,206.26,202.33,206.1
"1261","01/23/15",205.79,206.1,204.81,204.97
"1262","01/26/15",204.7,205.56,203.85,205.45
"1263","01/27/15",202.97,204.12,201.74,202.74
"1264","01/28/15",204.17,204.29,199.91,200.14
"1265","01/29/15",200.38,202.3,198.68,201.99
"1266","01/30/15",200.57,202.17,199.13,199.45
"1267","02/02/15",200.05,202.03,197.86,201.92
"1268","02/03/15",203,204.85,202.55,204.84
"1269","02/04/15",203.92,205.38,203.51,204.06
"1270","02/05/15",204.86,206.3,204.77,206.16
"1271","02/06/15",206.56,207.24,204.92,205.52
"1272","02/09/15",204.77,205.64,204.14,204.63
"1273","02/10/15",205.88,207.12,204.68,206.81
"1274","02/11/15",206.61,207.45,205.83,206.93
"1275","02/12/15",207.89,208.99,206.97,208.9
"1276","02/13/15",209.07,209.84,208.76,209.78
"1277","02/17/15",209.4,210.32,209.1,210.11
"1278","02/18/15",209.66,210.22,209.34,210.13
"1279","02/19/15",209.41,210.42,209.24,209.95
"1280","02/20/15",209.48,211.33,208.73,211.24
"1281","02/23/15",210.94,211.21,210.48,211.21
"1282","02/24/15",211.12,212.05,210.76,211.81
"1283","02/25/15",211.66,212.24,211.22,211.63
"1284","02/26/15",211.52,211.71,210.65,211.38
"1285","02/27/15",211.26,211.58,210.6,210.66
"1286","03/02/15",210.78,212.06,210.72,211.97
"1287","03/03/15",211.47,212.05,210.08,211.12
"1288","03/04/15",210.4,210.49,209.06,210.23
"1289","03/05/15",210.62,210.8,209.85,210.46
"1290","03/06/15",209.42,209.94,207.1,207.52
"1291","03/09/15",207.74,208.79,207.55,208.36
"1292","03/10/15",206.71,206.81,204.93,204.98
"1293","03/11/15",205.29,205.5,204.4,204.53
"1294","03/12/15",205.26,207.18,205.2,207.1
"1295","03/13/15",206.77,207.14,204.58,205.83
"1296","03/16/15",206.71,208.69,206.68,208.59
"1297","03/17/15",207.69,208.42,206.98,207.94
"1298","03/18/15",207.39,211.27,206.62,210.46
"1299","03/19/15",209.96,210.47,209.03,209.5
"1300","03/20/15",209.71,211.02,209.49,210.41
"1301","03/23/15",210.42,211.11,210.01,210.01
"1302","03/24/15",209.87,210.4,208.74,208.82
"1303","03/25/15",209.07,209.35,205.71,205.76
"1304","03/26/15",204.96,206.37,204.12,205.27
"1305","03/27/15",205.13,205.95,204.9,205.74
"1306","03/30/15",206.98,208.61,206.96,208.25
"1307","03/31/15",207.26,208.1,206.36,206.43
"1308","04/01/15",206.39,206.42,204.51,205.7
"1309","04/02/15",205.62,206.98,205.4,206.44
"1310","04/06/15",205.37,208.45,205.21,207.84
"1311","04/07/15",207.86,208.76,207.24,207.28
"1312","04/08/15",207.55,208.51,207.08,207.98
"1313","04/09/15",207.78,209.18,207.19,208.9
"1314","04/10/15",209.2,210.09,208.96,210.04
"1315","04/13/15",209.87,210.63,209.03,209.09
"1316","04/14/15",208.85,209.71,208.1,209.49
"1317","04/15/15",210.05,211.04,209.95,210.43
"1318","04/16/15",210.03,210.98,209.79,210.37
"1319","04/17/15",208.94,209.23,207.01,207.95
"1320","04/20/15",209.06,210.25,208.96,209.85
"1321","04/21/15",210.67,210.86,209.24,209.6
"1322","04/22/15",210.01,210.85,208.9,210.63
"1323","04/23/15",210.15,211.94,210.01,211.16
"1324","04/24/15",211.66,211.97,211.11,211.65
"1325","04/27/15",212.33,212.48,210.54,210.77
"1326","04/28/15",210.74,211.5,209.33,211.44
"1327","04/29/15",210.37,211.29,209.6,210.37
"1328","04/30/15",209.88,210.35,207.62,208.77
"1329","05/01/15",209.4,210.77,209.28,210.65
"1330","05/04/15",211.23,212.02,211.1,211.43
"1331","05/05/15",211.03,211.46,208.73,209.09
"1332","05/06/15",209.56,209.93,206.76,208.03
"1333","05/07/15",207.92,209.38,207.52,208.86
"1334","05/08/15",210.88,211.86,210.78,211.62
"1335","05/11/15",211.57,211.89,210.52,210.61
"1336","05/12/15",209.61,210.63,208.62,210
"1337","05/13/15",210.47,211.22,209.74,210.02
"1338","05/14/15",211.24,212.32,210.91,212.22
"1339","05/15/15",212.44,212.61,211.86,212.45
"1340","05/18/15",212.24,213.4,212.16,213.08
"1341","05/19/15",213.24,213.57,212.69,213.09
"1342","05/20/15",213.15,213.78,212.5,212.93
"1343","05/21/15",212.71,213.75,212.51,213.4
"1344","05/22/15",213.04,213.54,212.91,212.96
"1345","05/26/15",212.4,212.91,210.2,210.76
"1346","05/27/15",211.25,212.98,210.76,212.74
"1347","05/28/15",212.33,212.59,211.63,212.47
"1348","05/29/15",212.38,212.43,210.82,211.24
"1349","06/01/15",211.94,212.34,210.62,211.57
"1350","06/02/15",211.02,212.19,210.27,211.35
"1351","06/03/15",212,212.67,211.33,211.87
"1352","06/04/15",211.07,211.86,209.75,210.03
"1353","06/05/15",209.95,210.58,208.98,209.74
"1354","06/08/15",209.64,209.82,208.39,208.42
"1355","06/09/15",208.45,209.1,207.69,208.48
"1356","06/10/15",209.37,211.41,209.3,211.06
"1357","06/11/15",211.48,212.09,211.2,211.46
"1358","06/12/15",210.64,211.48,209.68,210.01
"1359","06/15/15",208.64,209.45,207.79,209.09
"1360","06/16/15",208.93,210.35,208.72,210.25
"1361","06/17/15",210.59,211.32,209.36,210.64
"1362","06/18/15",211.31,213.34,210.63,212.75
"1363","06/19/15",211.46,211.55,210.57,210.72
"1364","06/22/15",211.9,212.59,211.64,211.83
"1365","06/23/15",212.14,212.44,211.57,212.1
"1366","06/24/15",211.72,212.17,210.5,210.5
"1367","06/25/15",211.1,211.25,209.77,209.91
"1368","06/26/15",210.29,210.58,209.16,209.89
"1369","06/29/15",208.04,209.83,205.33,205.48
"1370","06/30/15",207.26,207.32,205.28,206.14
"1371","07/01/15",207.73,208.03,206.56,207.52
"1372","07/02/15",208.07,208.27,206.81,207.42
"1373","07/06/15",205.77,207.65,205.53,206.64
"1374","07/07/15",206.96,208.17,204.11,207.93
"1375","07/08/15",206.42,206.76,204.25,204.46
"1376","07/09/15",207.04,207.35,204.89,205.03
"1377","07/10/15",207.29,207.98,204.95,207.53
"1378","07/13/15",209.19,209.9,208.94,209.78
"1379","07/14/15",209.72,211.05,209.65,210.72
"1380","07/15/15",210.73,211.28,210.04,210.61
"1381","07/16/15",210.61,212.3,211.58,212.27
"1382","07/17/15",212.3,212.55,211.8,212.46
"1383","07/20/15",212.36,213.18,212.21,212.64
"1384","07/21/15",212.43,212.74,211.39,211.82
"1385","07/22/15",210.92,211.77,210.89,211.27
"1386","07/23/15",211.52,211.65,209.75,210.13
"1387","07/24/15",210.3,210.37,207.6,207.95
"1388","07/27/15",206.95,207.55,206.26,206.79
"1389","07/28/15",207.78,209.5,206.8,209.28
"1390","07/29/15",209.48,211.04,209.31,210.78
"1391","07/30/15",210.17,211.02,209.42,210.94
"1392","07/31/15",211.42,211.45,210.16,210.4
"1393","08/03/15",210.45,210.53,208.65,209.76
"1394","08/04/15",209.7,210.25,208.8,209.4
"1395","08/05/15",210.46,211.31,209.73,210.03
"1396","08/06/15",210.29,210.42,207.65,208.44
"1397","08/07/15",208.15,208.34,206.87,207.86
"1398","08/10/15",209.29,210.67,209.28,210.51
"1399","08/11/15",208.97,209.47,207.76,208.64
"1400","08/12/15",207.11,209.14,205.36,208.81
"1401","08/13/15",208.74,209.55,208.01,208.6
"1402","08/14/15",208.44,209.5,208.26,209.41
"1403","08/17/15",208.73,210.57,208.16,210.51
"1404","08/18/15",210.27,210.68,209.69,210.01
"1405","08/19/15",209.09,210.01,207.35,208.38
"1406","08/20/15",206.51,208.28,203.91,204.16
"1407","08/21/15",201.8,203.94,197.65,197.89
"1408","08/24/15",187.33,195.84,182.4,189.78
"1409","08/25/15",195.34,195.45,187.06,187.28
"1410","08/26/15",192.06,194.79,188.37,194.52
"1411","08/27/15",197.03,199.41,195.21,199.13
"1412","08/28/15",198.49,199.83,197.92,199.28
"1413","08/31/15",197.68,199.12,197.01,197.71
"1414","09/01/15",193.13,194.77,190.73,192.3
"1415","09/02/15",194.63,195.42,192.42,195.4
"1416","09/03/15",196.33,198.05,194.96,195.57
"1417","09/04/15",192.97,193.86,191.61,192.57
"1418","09/08/15",195.95,197.61,195.17,197.43
"1419","09/09/15",199.35,199.47,194.35,194.78
"1420","09/10/15",194.57,197.22,194.25,195.87
"1421","09/11/15",195.35,196.76,194.53,196.75
"1422","09/14/15",196.94,197.01,195.43,195.96
"1423","09/15/15",196.61,198.99,196.09,198.47
"1424","09/16/15",198.85,200.41,198.41,200.12
"1425","09/17/15",200.02,202.89,199.28,199.78
"1426","09/18/15",195.83,198.68,194.96,195.55
"1427","09/21/15",196.47,197.68,195.21,196.47
"1428","09/22/15",193.9,194.46,192.56,193.88
"1429","09/23/15",194.15,194.67,192.91,193.69
"1430","09/24/15",192.16,193.45,190.56,192.81
"1431","09/25/15",194.71,195,191.81,192.81
"1432","09/28/15",191.75,191.91,187.64,187.96
"1433","09/29/15",188.28,189.74,186.93,188.13
"1434","09/30/15",190.39,191.82,189.44,191.61
"1435","10/01/15",191.25,192.49,189.82,192.14
"1436","10/02/15",189.78,194.95,189.12,194.93
"1437","10/05/15",196.46,198.74,196.33,198.5
"1438","10/06/15",198.34,198.98,197,197.78
"1439","10/07/15",198.95,199.82,197.48,199.45
"1440","10/08/15",198.95,201.55,198.59,201.18
"1441","10/09/15",201.41,201.9,200.58,201.35
"1442","10/12/15",201.44,201.76,200.91,201.52
"1443","10/13/15",200.64,202.16,200.05,200.25
"1444","10/14/15",200.16,200.87,198.94,199.29
"1445","10/15/15",200.1,202.36,199.64,202.34
"1446","10/16/15",202.84,203.29,201.92,203.12
"1447","10/19/15",202.5,203.37,202.13,203.31
"1448","10/20/15",202.86,203.84,202.54,203.07
"1449","10/21/15",203.67,203.79,201.65,201.82
"1450","10/22/15",202.99,205.51,201.85,205.24
"1451","10/23/15",207.24,207.95,206.3,207.52
"1452","10/26/15",207.3,207.37,206.56,206.97
"1453","10/27/15",206.19,207,205.79,206.59
"1454","10/28/15",206.98,208.97,206.21,208.96
"1455","10/29/15",208.34,209.27,208.21,208.87
"1456","10/30/15",209.07,209.44,207.9,207.99
"1457","11/02/15",208.31,210.62,208.17,210.36
"1458","11/03/15",209.98,211.66,209.7,210.96
"1459","11/04/15",211.37,211.5,209.72,210.33
"1460","11/05/15",210.42,210.98,209.09,210.13
"1461","11/06/15",209.77,210.32,208.46,210.06
"1462","11/09/15",209.29,209.49,206.95,208.06
"1463","11/10/15",207.51,208.6,207.19,208.49
"1464","11/11/15",208.88,208.94,207.66,207.71
"1465","11/12/15",206.51,207.06,204.82,204.88
"1466","11/13/15",204.36,204.67,202.43,202.57
"1467","11/16/15",202.36,205.64,202.18,205.61
"1468","11/17/15",205.99,207.04,204.88,205.38
"1469","11/18/15",206.03,208.9,205.99,208.7
"1470","11/19/15",208.6,209.05,208.2,208.52
"1471","11/20/15",209.44,210.12,208.86,209.36
"1472","11/23/15",209.4,209.98,208.52,209.05
"1473","11/24/15",207.87,209.83,207.41,209.35
"1474","11/25/15",209.48,209.74,209.01,209.35
"1475","11/27/15",209.42,209.8,208.86,209.51
"1476","11/30/15",209.8,209.89,208.56,208.63
"1477","12/01/15",209.43,210.82,209.11,210.71
"1478","12/02/15",210.63,211,208.23,208.51
"1479","12/03/15",208.9,209.15,204.75,205.61
"1480","12/04/15",205.61,209.97,205.93,209.62
"1481","12/07/15",209.21,209.72,207.2,208.35
"1482","12/08/15",206.5,208.28,205.78,206.94
"1483","12/09/15",206.21,208.68,204.18,205.34
"1484","12/10/15",205.43,207.43,205.14,205.83
"1485","12/11/15",203.38,204.14,201.51,201.88
"1486","12/14/15",202.07,203.05,199.95,202.9
"1487","12/15/15",204.7,206.11,202.86,205.03
"1488","12/16/15",206.37,208.39,204.8,208.03
"1489","12/17/15",208.4,208.48,204.84,204.86
"1490","12/18/15",202.76,202.93,199.83,200.02
"1491","12/21/15",201.4,201.88,200.09,201.67
"1492","12/22/15",202.69,203.85,201.55,203.5
"1493","12/23/15",204.73,206.07,204.58,206.02
"1494","12/24/15",205.72,206.33,205.42,205.68
"1495","12/28/15",204.84,205.26,203.94,205.21
"1496","12/29/15",206.52,207.79,206.47,207.4
"1497","12/30/15",207.09,207.21,205.76,205.93
"1498","12/31/15",205.13,205.89,203.87,203.87
"1499","01/04/16",200.43,201.03,198.59,201.01
"1500","01/05/16",201.39,201.9,200.05,201.36
"1501","01/06/16",198.34,200.06,197.6,198.82
"1502","01/07/16",195.34,197.44,193.59,194.05
"1503","01/08/16",194.05,195.85,191.58,191.92
"1504","01/11/16",193.02,193.41,189.82,192.11
"1505","01/12/16",193.86,194.55,191.14,193.66
"1506","01/13/16",194.48,194.86,188.38,188.83
"1507","01/14/16",189.57,193.26,187.66,191.93
"1508","01/15/16",186.7,188.76,185.52,187.81
"1509","01/19/16",189.95,190.11,186.2,188.06
"1510","01/20/16",185,187.49,181.02,185.65
"1511","01/21/16",186.24,188.87,184.64,186.69
"1512","01/22/16",189.78,190.76,188.88,190.52
"1513","01/25/16",189.83,190.15,187.41,187.64
"1514","01/26/16",188.46,190.53,188.02,190.2
"1515","01/27/16",189.58,191.56,187.06,188.13
"1516","01/28/16",190.11,190.2,187.16,189.11
"1517","01/29/16",190.01,193.88,189.88,193.72
"1518","02/01/16",192.56,194.58,191.84,193.65
"1519","02/02/16",191.95,191.97,189.54,190.16
"1520","02/03/16",191.4,191.78,187.1,191.3
"1521","02/04/16",190.72,192.75,189.96,191.6
"1522","02/05/16",191.02,191.66,187.2,187.95
"1523","02/08/16",185.75,186.12,182.8,185.42
"1524","02/09/16",183.37,186.94,183.2,185.43
"1525","02/10/16",186.4,188.34,185.12,185.27
"1526","02/11/16",182.36,184.1,181.09,182.86
"1527","02/12/16",184.93,186.65,183.96,186.63
"1528","02/16/16",188.85,189.81,187.63,189.78
"1529","02/17/16",191.17,193.32,191.01,192.88
"1530","02/18/16",193.23,193.27,191.72,192.09
"1531","02/19/16",191.19,192.18,190.45,192
"1532","02/22/16",193.89,194.95,193.79,194.78
"1533","02/23/16",194.01,194.32,192.18,192.32
"1534","02/24/16",192.32,193.53,189.32,193.2
"1535","02/25/16",193.74,195.55,192.83,195.54
"1536","02/26/16",196.6,196.68,194.9,195.08
"1537","02/29/16",195.12,196.23,193.33,193.35
"1538","03/01/16",195.04,198.21,194.45,198.11
"1539","03/02/16",197.8,199.06,197.25,199
"1540","03/03/16",198.78,199.79,198.11,199.77
"1541","03/04/16",200.04,201.35,199.03,200.43
"1542","03/07/16",199.38,201.07,199.25,200.59
"1543","03/08/16",199.35,199.92,198.21,198.4
"1544","03/09/16",199.38,199.79,198.43,199.38
"1545","03/10/16",199.93,201.07,197.38,199.54
"1546","03/11/16",201.28,202.81,199.51,202.76
"1547","03/14/16",202.15,203.04,201.77,202.5
"1548","03/15/16",201.4,202.53,201.05,202.17
"1549","03/16/16",201.62,203.82,201.55,203.34
"1550","03/17/16",203.26,205.23,202.77,204.69
"1551","03/18/16",204.18,204.78,203.8,204.38
"1552","03/21/16",204.1,204.94,203.8,204.67
"1553","03/22/16",203.74,205.23,203.57,204.56
"1554","03/23/16",204.12,204.33,203.01,203.2
"1555","03/24/16",201.99,203.16,201.74,203.12
"1556","03/28/16",203.63,203.86,202.7,203.24
"1557","03/29/16",202.75,205.25,202.4,205.12
"1558","03/30/16",206.35,206.87,205.59,206.02
"1559","03/31/16",205.91,206.41,205.33,205.52
"1560","04/01/16",204.35,207.14,203.98,206.92
"1561","04/04/16",206.87,207.07,205.89,206.25
"1562","04/05/16",204.65,206.26,203.89,204.18
"1563","04/06/16",204.18,206.49,203.98,206.42
"1564","04/07/16",206.42,205.56,203.09,203.95
"1565","04/08/16",205.34,205.85,203.87,204.49
"1566","04/11/16",205.27,206.07,203.91,204.02
"1567","04/12/16",204.24,206.25,203.7,205.92
"1568","04/13/16",207.07,208.1,206.84,208
"1569","04/14/16",208.08,208.6,207.6,208.01
"1570","04/15/16",208,208.17,207.4,207.78
"1571","04/18/16",207.78,209.28,207,209.23
"1572","04/19/16",209.76,210.2,208.94,209.9
"1573","04/20/16",209.97,210.92,209.39,210.1
"1574","04/21/16",210.12,210.25,208.65,208.97
"1575","04/22/16",208.54,209.29,207.91,208.97
"1576","04/25/16",208.3,208.66,207.54,208.61
"1577","04/26/16",209.02,209.52,208.36,208.91
"1578","04/27/16",208.47,209.81,208.05,209.35
"1579","04/28/16",208.54,209.76,206.96,207.44
"1580","04/29/16",206.79,207.13,205.03,206.33
"1581","05/02/16",206.98,208.18,206.41,207.97
"1582","05/03/16",206.52,206.8,205.28,206.15
"1583","05/04/16",206.15,205.85,204.42,205.01
"1584","05/05/16",205.56,205.98,204.47,204.97
"1585","05/06/16",204.08,205.77,203.88,205.72
"1586","05/09/16",205.56,206.4,205.36,205.88
"1587","05/10/16",206.72,208.47,206.64,208.45
"1588","05/11/16",207.89,208.54,206.5,206.5
"1589","05/12/16",207.3,207.48,205.37,206.56
"1590","05/13/16",206.19,206.86,204.38,204.76
"1591","05/16/16",204.94,207.34,204.89,206.78
"1592","05/17/16",206.51,206.8,204.23,204.85
"1593","05/18/16",204.44,206.3,203.63,204.91
"1594","05/19/16",204.04,204.54,202.78,204.2
"1595","05/20/16",204.94,206.1,204.86,205.49
"1596","05/23/16",205.5,205.84,204.98,205.21
"1597","05/24/16",206.18,208.24,206.14,207.87
"1598","05/25/16",208.68,209.77,207.86,209.28
"1599","05/26/16",209.47,209.71,208.97,209.34
"1600","05/27/16",209.52,210.25,209.47,210.24
"1601","05/31/16",210.55,210.69,209.18,209.84
"1602","06/01/16",209.14,210.48,208.89,210.27
"1603","06/02/16",209.8,210.93,209.23,210.91
"1604","06/03/16",210.26,210.69,208.86,210.28
"1605","06/06/16",210.7,211.77,210.51,211.35
"1606","06/07/16",211.53,212.34,211.5,211.68
"1607","06/08/16",211.84,212.52,211.68,212.37
"1608","06/09/16",211.51,212.22,211.19,212.08
"1609","06/10/16",210.45,210.86,209.43,210.07
"1610","06/13/16",209.37,210.37,208.35,208.44
"1611","06/14/16",208.02,208.74,206.91,208.04
"1612","06/15/16",208.04,209.36,207.53,207.75
"1613","06/16/16",207.75,208.57,205.59,208.37
"1614","06/17/16",207.17,207.2,205.75,206.52
"1615","06/20/16",208.84,209.61,207.75,207.85
"1616","06/21/16",208.29,208.92,207.78,208.44
"1617","06/22/16",208.65,209.5,207.93,208.1
"1618","06/23/16",209.82,210.87,209.27,210.81
"1619","06/24/16",203.65,210.84,202.72,203.24
"1620","06/27/16",201.59,201.6,198.65,199.6
"1621","06/28/16",201.51,203.23,201.12,203.19
"1622","06/29/16",204.83,206.93,204.72,206.66
"1623","06/30/16",207.24,209.54,206.56,209.47
"1624","07/01/16",209.47,210.49,209.29,209.92
"1625","07/05/16",208.96,209.08,207.71,208.41
"1626","07/06/16",207.87,209.8,207.06,209.66
"1627","07/07/16",209.9,210.64,208.63,209.52
"1628","07/08/16",211.05,212.94,210.77,212.65
"1629","07/11/16",213.19,214.07,212.95,213.4
"1630","07/12/16",214.52,215.3,213.43,214.95
"1631","07/13/16",215.45,215.45,214.35,214.92
"1632","07/14/16",216.43,216.67,215.66,216.12
"1633","07/15/16",216.8,217.01,215.3,215.83
"1634","07/18/16",215.96,216.6,215.67,216.4
"1635","07/19/16",215.91,216.23,215.63,216.19
"1636","07/20/16",216.19,217.37,216.24,217.08
"1637","07/21/16",216.95,217.22,215.75,216.26
"1638","07/22/16",216.4,217.3,216.1,217.24
"1639","07/25/16",216.98,217.06,215.97,216.65
"1640","07/26/16",216.53,217.17,215.76,216.75
"1641","07/27/16",217.18,217.27,215.62,216.52
"1642","07/28/16",216.28,217.11,215.75,216.77
"1643","07/29/16",216.46,217.54,216.13,217.12
"1644","08/01/16",217.22,217.65,216.4,216.94
"1645","08/02/16",216.66,216.83,214.57,215.54
"1646","08/03/16",215.48,216.24,215.13,216.18
"1647","08/04/16",216.31,216.78,214.25,216.4
"1648","08/05/16",216.4,218.23,217.07,218.18
"1649","08/08/16",218.41,218.52,217.74,218.05
"1650","08/09/16",218.14,218.76,217.8,218.18
"1651","08/10/16",218.33,218.4,217.23,217.64
"1652","08/11/16",218.27,218.94,217.95,218.65
"1653","08/12/16",218.29,218.71,217.99,218.46
"1654","08/15/16",218.88,219.5,218.88,219.09
"1655","08/16/16",218.58,218.68,217.96,217.96
"1656","08/17/16",218,218.53,217.02,218.37
"1657","08/18/16",218.34,218.9,218.21,218.86
"1658","08/19/16",218.33,218.75,217.74,218.54
"1659","08/22/16",218.26,218.8,217.83,218.53
"1660","08/23/16",219.25,219.6,218.9,218.93
"1661","08/24/16",218.8,218.91,217.36,217.85
"1662","08/25/16",217.4,218.19,217.22,217.7
"1663","08/26/16",217.91,219.12,216.25,217.29
"1664","08/29/16",217.44,218.66,217.4,218.36
"1665","08/30/16",218.26,218.59,217.35,218
"1666","08/31/16",217.6,217.75,216.46,217.38
"1667","09/01/16",217.38,217.73,216.03,217.39
"1668","09/02/16",218.41,218.87,217.7,218.37
"1669","09/06/16",218.7,219.12,217.86,219.03
"1670","09/07/16",218.84,219.22,218.3,219.01
"1671","09/08/16",218.62,218.94,218.15,218.51
"1672","09/09/16",216.98,217.03,213.25,213.28
"1673","09/12/16",212.39,216.81,212.31,216.34
"1674","09/13/16",214.83,215.14,212.5,213.23
"1675","09/14/16",213.3,214.7,212.5,213.15
"1676","09/15/16",212.88,215.73,212.75,215.28
"1677","09/16/16",213.48,213.69,212.57,213.37
"1678","09/19/16",214.15,214.88,213.03,213.41
"1679","09/20/16",214.13,214.59,213.38,213.42
"1680","09/21/16",214.23,216.03,213.44,215.82
"1681","09/22/16",217,217.53,216.71,217.18
"1682","09/23/16",216.71,216.88,215.88,215.99
"1683","09/26/16",215.05,215.23,214.01,214.24
"1684","09/27/16",214.05,215.68,213.62,215.57
"1685","09/28/16",215.85,216.82,214.71,216.64
"1686","09/29/16",216.41,216.87,214.04,214.68
"1687","09/30/16",215.66,217.12,215.36,216.3
"1688","10/03/16",215.83,216.04,215.04,215.78
"1689","10/04/16",215.92,216.17,213.99,214.68
"1690","10/05/16",215.4,216.13,215.33,215.63
"1691","10/06/16",215.37,216.04,214.73,215.78
"1692","10/07/16",216.09,216.3,214.19,215.04
"1693","10/10/16",216.16,216.7,215.98,216.16
"1694","10/11/16",215.66,215.74,212.58,213.43
"1695","10/12/16",213.6,214.32,213.01,213.71
"1696","10/13/16",212.17,213.59,211.21,213.01
"1697","10/14/16",214.16,214.69,213.03,213.12
"1698","10/17/16",213.08,213.39,212.17,212.38
"1699","10/18/16",214.25,214.31,213.27,213.71
"1700","10/19/16",214.03,214.64,213.6,214.28
"1701","10/20/16",213.88,214.53,213.11,213.88
"1702","10/21/16",213.88,214.08,212.76,213.98
"1703","10/24/16",215,215.32,214.48,214.89
"1704","10/25/16",214.68,214.98,213.98,214.17
"1705","10/26/16",213.2,214.42,212.93,213.74
"1706","10/27/16",214.6,214.62,213.08,213.17
"1707","10/28/16",213.12,213.93,211.71,212.54
"1708","10/31/16",212.95,213.19,212.36,212.55
"1709","11/01/16",212.92,212.99,209.6,211.01
"1710","11/02/16",210.65,211.1,209.23,209.74
"1711","11/03/16",209.98,210.24,208.46,208.78
"1712","11/04/16",208.92,209.89,208.38,208.55
"1713","11/07/16",208.55,213.19,211.3,213.15
"1714","11/08/16",212.71,214.77,212.38,214.11
"1715","11/09/16",212.36,217.1,212.34,216.37
"1716","11/10/16",217.31,218.31,215.22,216.92
"1717","11/11/16",216.14,216.7,215.32,216.42
"1718","11/14/16",217.03,217.27,215.72,216.59
"1719","11/15/16",217.03,218.28,216.8,218.28
"1720","11/16/16",217.57,218.14,217.42,217.87
"1721","11/17/16",218.05,219.06,217.92,218.99
"1722","11/18/16",219.06,219.27,218.29,218.5
"1723","11/21/16",219.15,220.18,219,220.15
"1724","11/22/16",220.53,220.79,219.73,220.58
"1725","11/23/16",219.96,220.76,219.75,220.7
"1726","11/25/16",221.1,221.56,221.01,221.52
"1727","11/28/16",221.17,221.48,220.36,220.48
"1728","11/29/16",220.53,221.44,220.17,220.91
"1729","11/30/16",221.64,221.82,220.31,220.38
"1730","12/01/16",220.7,220.73,219.15,219.57
"1731","12/02/16",219.66,220.25,219.26,219.68
"1732","12/05/16",220.65,221.4,220.42,221
"1733","12/06/16",221.2,221.74,220.66,221.7
"1734","12/07/16",221.52,224.67,221.38,224.6
"1735","12/08/16",224.57,225.7,224.26,225.15
"1736","12/09/16",225.41,226.53,225.37,226.51
"1737","12/12/16",226.39,226.96,225.76,226.25
"1738","12/13/16",227.02,228.34,227,227.76
"1739","12/14/16",227.4,228.23,225.36,225.88
"1740","12/15/16",226.14,227.81,225.89,226.81
"1741","12/16/16",226,226.08,224.67,225.04
"1742","12/19/16",225.26,226.02,225.08,225.53
"1743","12/20/16",226.15,226.57,225.88,226.4
"1744","12/21/16",226.26,226.45,225.77,225.77
"1745","12/22/16",225.64,225.74,224.92,225.38
"1746","12/23/16",225.43,225.72,225.21,225.71
"1747","12/27/16",226.02,226.73,226,226.27
"1748","12/28/16",226.57,226.59,224.27,224.4
"1749","12/29/16",224.49,224.89,223.84,224.35
"1750","12/30/16",224.73,224.83,222.73,223.53
"1751","01/03/17",225.06,225.83,223.88,225.24
"1752","01/04/17",225.24,226.75,225.61,226.58
"1753","01/05/17",226.26,226.58,225.48,226.4
"1754","01/06/17",226.53,227.75,225.9,227.21
"1755","01/09/17",226.89,227.07,226.41,226.46
"1756","01/10/17",226.45,227.45,226.01,226.46
"1757","01/11/17",226.43,227.1,225.59,227.1
"1758","01/12/17",226.51,226.75,224.95,226.53
"1759","01/13/17",226.75,227.4,226.69,227.05
"1760","01/17/17",226.35,226.78,225.8,226.25
"1761","01/18/17",226.54,226.8,225.9,226.75
"1762","01/19/17",226.84,227,225.41,225.91
"1763","01/20/17",226.69,227.31,225.97,226.74
"1764","01/23/17",226.74,226.8,225.27,226.15
"1765","01/24/17",226.4,228.08,226.27,227.6
"1766","01/25/17",228.7,229.57,228.51,229.57
"1767","01/26/17",229.41,229.71,229.01,229.33
"1768","01/27/17",229.44,229.59,228.76,228.97
"1769","01/30/17",228.17,228.2,226.41,227.55
"1770","01/31/17",226.97,227.6,226.32,227.53
"1771","02/01/17",227.53,228.59,226.94,227.62
"1772","02/02/17",227.62,228.1,226.82,227.77
"1773","02/03/17",228.83,229.55,228.46,229.34
"1774","02/06/17",228.87,229.32,228.54,228.93
"1775","02/07/17",229.41,229.65,228.72,228.94
"1776","02/08/17",228.94,229.39,228.31,229.24
"1777","02/09/17",229.24,230.95,229.52,230.6
"1778","02/10/17",231,231.77,230.62,231.51
"1779","02/13/17",232.08,233.07,232.05,232.77
"1780","02/14/17",232.55,233.71,232.16,233.7
"1781","02/15/17",233.45,235.14,233.39,234.92
"1782","02/16/17",234.95,235.15,233.85,234.72
"1783","02/17/17",233.96,235.09,233.93,235.09
"1784","02/21/17",235.54,236.69,235.51,236.49
"1785","02/22/17",236.02,236.54,235.83,236.28
"1786","02/23/17",236.88,236.9,235.56,236.44
"1787","02/24/17",235.47,236.79,235.41,236.74
"1788","02/27/17",236.63,237.31,236.35,237.11
"1789","02/28/17",236.68,236.95,236.01,236.47
"1790","03/01/17",238.45,240.32,238.37,239.78
"1791","03/02/17",239.54,239.57,238.21,238.27
"1792","03/03/17",238.2,238.61,237.73,238.42
"1793","03/06/17",237.49,238.12,237.01,237.71
"1794","03/07/17",237.36,237.77,236.76,237
"1795","03/08/17",237.34,237.64,236.4,236.56
"1796","03/09/17",236.71,237.24,235.74,236.86
"1797","03/10/17",237.98,238.02,236.59,237.69
