Existing Posn.,Symbol,Description,Date,Time,Strike Price,Call/Put,Exp.Date,Mid IV,Th.Price,Bid,Asked,Percent O/U,Volume,Open Interest,Delta,Gamma,Vega,Theta,Rho,Prob.Finish.ITM,Last
,SPX,SPX Index,100802,16:00:00,, ,,,,,,,,,1,0,,,,,1125.8
,SPX 10T880,Aug 880 Puts,100802,16:00:00,880,P,100820,0.459,0.25,0.25,0.3,0.08,76,5021,-0.517,0.012,4.677,-5.788,-0.381,0,0.25
,SPX 10U880,Sep 880 Puts,100802,16:00:00,880,P,100917,0.371,1.67,1.1,2.15,-0.024,30,875,-2.715,0.046,25.725,-10.045,-4.166,0,-1
,SPX 10V880,Oct 880 Puts,100802,16:00:00,880,P,101015,0.352,4.45,3.5,5.1,-0.034,,51,-5.49,0.07,56.312,-13.065,-13.374,0.005,-1
,SPX 10T885,Aug 885 Puts,100802,16:00:00,885,P,100820,0.452,0.27,0.2,0.35,0.037,26,3093,-0.551,0.013,4.942,-5.945,-0.405,0,0.35
,SPX 10U885,Sep 885 Puts,100802,16:00:00,885,P,100917,0.366,1.75,1.15,2.25,-0.029,20,32,-2.864,0.049,26.883,-10.325,-4.392,0.001,1.75
,SPX 10T890,Aug 890 Puts,100802,16:00:00,890,P,100820,0.442,0.28,0.2,0.35,0,48,7913,-0.588,0.014,5.225,-5.925,-0.431,0,0.3
,SPX 10U890,Sep 890 Puts,100802,16:00:00,890,P,100917,0.363,1.84,1.25,2.35,-0.016,107,13042,-3.022,0.052,28.098,-10.804,-4.632,0.001,2
,SPX 10V890,Oct 890 Puts,100802,16:00:00,890,P,101015,0.346,4.83,3.9,5.5,-0.027,,22,-5.994,0.076,60.339,-13.807,-14.599,0.007,-1
,SPX 10T895,Aug 895 Puts,100802,16:00:00,895,P,100820,0.437,0.3,0.25,0.35,0,122,3488,-0.628,0.015,5.528,-6.283,-0.46,0,0.35
,SPX 10U895,Sep 895 Puts,100802,16:00:00,895,P,100917,0.359,1.94,1.35,2.45,-0.026,21,515,-3.19,0.054,29.372,-11.108,-4.887,0.001,1.75
,SPX 10T900,Aug 900 Puts,100802,16:00:00,900,P,100820,0.435,0.32,0.3,0.4,0.094,2517,77024,-0.672,0.016,5.853,-7.079,-0.49,0,0.3
,SPX 10U900,Sep 900 Puts,100802,16:00:00,900,P,100917,0.357,2.04,1.75,2.4,0.02,10786,119604,-3.368,0.058,30.709,-11.893,-5.158,0.001,2.1
,SPX 10V900,Oct 900 Puts,100802,16:00:00,900,P,101015,0.342,5.25,5,5.6,0.01,4234,7468,-6.549,0.083,64.645,-14.849,-15.946,0.009,5.3
,SPX 10W900,Nov 900 Puts,100802,16:00:00,900,P,101119,0.329,9.86,8.8,10.8,-0.006,590,3646,-9.957,0.099,104.657,-15.663,-35.075,0.027,9.8
,SPX 10X900,Dec 900 Puts,100802,16:00:00,900,P,101217,0.326,13.91,13,15,0.006,3125,112339,-12.199,0.106,134.689,-15.912,-54.154,0.043,14
,SPX 11O900,Mar11 900 Puts,100802,16:00:00,900,P,110318,0.315,27.34,25.2,28.1,-0.025,,10039,-16.747,0.104,217.564,-14.67,-130.736,0.096,-1
,SPX 10H905,Aug 905 Calls,100802,16:00:00,905,C,100820,,219.87,217.1,222,-0.001,,,99.428,0.013,4.058,-4.086,44.276,1,-1
,SPX 10I905,Sep 905 Calls,100802,16:00:00,905,C,100917,,220.08,217.2,222.1,-0.002,,,96.396,0.057,31.33,-11.831,108.681,0.998,-1
,SPX 10T905,Aug 905 Puts,100802,16:00:00,905,P,100820,0.43,0.33,0.35,0.4,0.152,78,2644,-0.72,0.017,6.202,-7.565,-0.524,0,0.4
,SPX 10U905,Sep 905 Puts,100802,16:00:00,905,P,100917,0.35,2.14,1.5,2.7,-0.019,,108,-3.558,0.061,32.111,-11.884,-5.447,0.002,-1
,SPX 10H910,Aug 910 Calls,100802,16:00:00,910,C,100820,,214.89,212.1,217.1,-0.001,,,99.387,0.014,4.363,-4.34,44.496,1,-1
,SPX 10I910,Sep 910 Calls,100802,16:00:00,910,C,100917,,215.19,212.3,217.2,-0.002,,,96.206,0.061,32.757,-12.226,109.015,0.998,-1
,SPX 10J910,Oct 910 Calls,100802,16:00:00,910,C,101015,,217.59,214.5,219.4,-0.003,,,92.456,0.086,71.687,-16.656,166.03,0.988,-1
,SPX 10T910,Aug 910 Puts,100802,16:00:00,910,P,100820,0.424,0.36,0.35,0.45,0.111,58,7559,-0.771,0.019,6.577,-7.855,-0.56,0,0.4
,SPX 10U910,Sep 910 Puts,100802,16:00:00,910,P,100917,0.347,2.26,1.65,2.8,-0.013,138,3206,-3.76,0.064,33.581,-12.364,-5.753,0.002,2.35
,SPX 10V910,Oct 910 Puts,100802,16:00:00,910,P,101015,0.333,5.72,4.8,6.4,-0.021,,,-7.16,0.09,69.241,-15.328,-17.429,0.012,-1
,SPX 10H915,Aug 915 Calls,100802,16:00:00,915,C,100820,,209.9,207.1,212.1,-0.001,,,99.341,0.016,4.694,-4.612,44.712,1,-1
,SPX 10I915,Sep 915 Calls,100802,16:00:00,915,C,100917,,210.3,207.4,212.3,-0.002,,,96.004,0.064,34.254,-12.635,109.331,0.997,-1
,SPX 10T915,Aug 915 Puts,100802,16:00:00,915,P,100820,0.414,0.38,0.35,0.45,0.053,51,6909,-0.828,0.02,6.979,-7.806,-0.599,0,0.45
,SPX 10U915,Sep 915 Puts,100802,16:00:00,915,P,100917,0.343,2.38,1.75,2.95,-0.013,,41,-3.975,0.068,35.123,-12.862,-6.079,0.003,-1
,SPX 10H920,Aug 920 Calls,100802,16:00:00,920,C,100820,,204.92,202.2,207.1,-0.001,,1,99.291,0.017,5.055,-4.905,44.925,1,-1
,SPX 10I920,Sep 920 Calls,100802,16:00:00,920,C,100917,,205.42,202.6,207.5,-0.002,,10,95.789,0.068,35.825,-13.059,109.627,0.997,-1
,SPX 10J920,Oct 920 Calls,100802,16:00:00,920,C,101015,,208.1,205.1,210,-0.003,,,91.819,0.094,76.426,-17.385,166.45,0.983,-1
,SPX 10T920,Aug 920 Puts,100802,16:00:00,920,P,100820,0.408,0.4,0.35,0.5,0.075,25,6335,-0.889,0.022,7.413,-8.298,-0.642,0,0.45
,SPX 10U920,Sep 920 Puts,100802,16:00:00,920,P,100917,0.34,2.5,1.9,3.1,0.004,103,2644,-4.204,0.072,36.74,-13.379,-6.426,0.003,2.75
,SPX 10V920,Oct 920 Puts,100802,16:00:00,920,P,101015,0.327,6.23,5.2,7.2,-0.005,41,10,-7.833,0.098,74.14,-16.241,-19.062,0.017,6.1
,SPX 10H925,Aug 925 Calls,100802,16:00:00,925,C,100820,,199.94,197.5,201.8,-0.001,,28,99.235,0.019,5.448,-5.22,45.135,1,-1
,SPX 10I925,Sep 925 Calls,100802,16:00:00,925,C,100917,,200.55,198,202.3,-0.002,,89,95.559,0.072,37.473,-13.498,109.901,0.996,-1
,SPX 10J925,Oct 925 Calls,100802,16:00:00,925,C,101015,,203.37,200.4,205.3,-0.003,,10,91.476,0.098,78.907,-17.758,166.602,0.981,-1
,SPX 10K925,Nov 925 Calls,100802,16:00:00,925,C,101119,,206.41,203.3,208.2,-0.003,,,87.75,0.114,119.888,-17.698,233.528,0.954,-1
,SPX 10L925,Dec 925 Calls,100802,16:00:00,925,C,101217,,210.52,206.1,210.7,-0.01,,226,85.465,0.113,154.284,-18.391,280.511,0.933,-1
,SPX 11C925,Mar11 925 Calls,100802,16:00:00,925,C,110318,0.298,218.27,215,221,-0.001,,500,79.719,0.119,232.45,-15.909,431.437,0.873,-1
,SPX 10T925,Aug 925 Puts,100802,16:00:00,925,P,100820,0.404,0.43,0.45,0.5,0.093,724,32961,-0.956,0.023,7.879,-8.89,-0.689,0,0.45
,SPX 10U925,Sep 925 Puts,100802,16:00:00,925,P,100917,0.337,2.64,2.5,2.9,0.019,861,33576,-4.448,0.076,38.434,-14.067,-6.796,0.004,2.5
,SPX 10V925,Oct 925 Puts,100802,16:00:00,925,P,101015,0.324,6.51,5.4,7.4,-0.012,914,6911,-8.194,0.103,76.706,-16.57,-19.94,0.019,7
,SPX 10W925,Nov 925 Puts,100802,16:00:00,925,P,101119,0.316,11.86,10.9,12.9,0.003,150,19,-12.009,0.118,119.96,-17.276,-42.37,0.046,11.6
,SPX 10X925,Dec 925 Puts,100802,16:00:00,925,P,101217,0.31,16.39,14.4,17.7,-0.021,16,24245,-14.39,0.122,151.302,-16.895,-64.014,0.067,16
,SPX 11O925,Mar11 925 Puts,100802,16:00:00,925,P,110318,0.304,30.93,28.6,32,-0.02,,15973,-19,0.12,235.82,-15.375,-148.409,0.127,-1
,SPX 10H930,Aug 930 Calls,100802,16:00:00,930,C,100820,,194.96,192.7,196.7,-0.001,,9,99.174,0.021,5.876,-5.559,45.341,1,-1
,SPX 10I930,Sep 930 Calls,100802,16:00:00,930,C,100917,,195.68,193.1,197.1,-0.003,,5,95.314,0.076,39.201,-13.953,110.151,0.995,-1
,SPX 10J930,Oct 930 Calls,100802,16:00:00,930,C,101015,,198.66,195.9,200.3,-0.003,,,91.117,0.102,81.464,-18.138,166.712,0.978,-1
,SPX 10L930,Dec 930 Calls,100802,16:00:00,930,C,101217,,206.04,201.7,206.3,-0.01,,2,85.023,0.116,157.564,-18.608,280.296,0.927,-1
,SPX 10T930,Aug 930 Puts,100802,16:00:00,930,P,100820,0.395,0.45,0.4,0.55,0.067,1529,14850,-1.03,0.025,8.382,-8.987,-0.74,0,0.5
,SPX 10U930,Sep 930 Puts,100802,16:00:00,930,P,100917,0.331,2.78,2.15,3.4,-0.007,25,4675,-4.707,0.081,40.21,-14.238,-7.189,0.005,2.4
,SPX 10V930,Oct 930 Puts,100802,16:00:00,930,P,101015,0.32,6.8,5.7,7.7,-0.01,583,,-8.573,0.107,79.352,-16.975,-20.86,0.022,7.25
,SPX 10X930,Dec 930 Puts,100802,16:00:00,930,P,101217,0.308,16.94,15.1,18.2,-0.017,,1677,-14.873,0.126,154.772,-17.146,-66.191,0.073,-1
,SPX 10H935,Aug 935 Calls,100802,16:00:00,935,C,100820,,189.98,187.4,191.4,-0.003,,1,99.106,0.023,6.343,-5.924,45.543,1,-1
,SPX 10I935,Sep 935 Calls,100802,16:00:00,935,C,100917,,190.83,188.5,192.5,-0.002,,2,95.053,0.081,41.014,-14.423,110.377,0.994,-1
,SPX 10L935,Dec 935 Calls,100802,16:00:00,935,C,101217,,201.58,197.7,201.7,-0.009,,,84.566,0.12,160.89,-18.825,280.011,0.921,-1
,SPX 10T935,Aug 935 Puts,100802,16:00:00,935,P,100820,0.391,0.48,0.45,0.6,0.104,186,3338,-1.11,0.028,8.923,-9.71,-0.795,0,0.55
,SPX 10U935,Sep 935 Puts,100802,16:00:00,935,P,100917,0.327,2.94,2.1,3.7,-0.014,5,310,-4.984,0.085,42.07,-14.65,-7.608,0.006,2.9
,SPX 10X935,Dec 935 Puts,100802,16:00:00,935,P,101217,0.306,17.51,15.6,18.9,-0.011,2,263,-15.371,0.13,158.287,-17.505,-68.442,0.079,18.5
,SPX 10H940,Aug 940 Calls,100802,16:00:00,940,C,100820,,185.01,182.4,186.4,-0.003,,3,99.031,0.025,6.853,-6.318,45.74,1,-1
,SPX 10I940,Sep 940 Calls,100802,16:00:00,940,C,100917,,185.98,183.4,187.4,-0.003,,,94.775,0.085,42.914,-14.91,110.576,0.992,-1
,SPX 10J940,Oct 940 Calls,100802,16:00:00,940,C,101015,,189.27,186.6,190.5,-0.004,,,90.345,0.111,86.809,-18.915,166.798,0.971,-1
,SPX 10L940,Dec 940 Calls,100802,16:00:00,940,C,101217,,197.14,193.4,197.4,-0.009,,,84.094,0.124,164.26,-19.041,279.654,0.915,-1
,SPX 10T940,Aug 940 Puts,100802,16:00:00,940,P,100820,0.383,0.52,0.5,0.6,0.058,71,13234,-1.198,0.03,9.507,-9.976,-0.856,0,0.55
,SPX 10U940,Sep 940 Puts,100802,16:00:00,940,P,100917,0.324,3.1,2.3,3.9,0,1190,9154,-5.279,0.09,44.019,-15.317,-8.055,0.008,3
,SPX 10V940,Oct 940 Puts,100802,16:00:00,940,P,101015,0.314,7.42,6.4,8.4,-0.003,,8,-9.388,0.117,84.884,-17.879,-22.841,0.029,-1
,SPX 10X940,Dec 940 Puts,100802,16:00:00,940,P,101217,0.303,18.1,16.3,19.4,-0.014,,976,-15.886,0.133,161.845,-17.699,-70.769,0.085,-1
,SPX 10H945,Aug 945 Calls,100802,16:00:00,945,C,100820,,180.04,177.5,181.5,-0.003,,1,98.947,0.028,7.409,-6.742,45.931,1,-1
,SPX 10I945,Sep 945 Calls,100802,16:00:00,945,C,100917,,181.15,178.6,182.6,-0.003,,10,94.477,0.09,44.905,-15.413,110.747,0.991,-1
,SPX 10L945,Dec 945 Calls,100802,16:00:00,945,C,101217,,192.72,189,193,-0.009,,7,83.606,0.127,167.672,-19.255,279.221,0.908,-1
,SPX 10T945,Aug 945 Puts,100802,16:00:00,945,P,100820,0.395,0.55,0.55,1.05,0.455,7,2698,-1.295,0.033,10.138,-13.386,-0.922,0,0.75
,SPX 10U945,Sep 945 Puts,100802,16:00:00,945,P,100917,0.321,3.28,2.5,4.1,0.006,5,10751,-5.593,0.096,46.058,-15.924,-8.53,0.009,3.25
,SPX 10X945,Dec 945 Puts,100802,16:00:00,945,P,101217,0.301,18.71,16.9,20.1,-0.009,2,78,-16.418,0.137,165.445,-18.002,-73.173,0.092,19.65
,SPX 10H950,Aug 950 Calls,100802,16:00:00,950,C,100820,,175.07,172.7,176.7,-0.003,20,251,98.854,0.03,8.016,-7.199,46.117,1,170
,SPX 10I950,Sep 950 Calls,100802,16:00:00,950,C,100917,,176.32,173.8,177.8,-0.003,9,469,94.16,0.096,46.991,-15.932,110.886,0.989,174.7
,SPX 10J950,Oct 950 Calls,100802,16:00:00,950,C,101015,,179.94,177.3,181.3,-0.004,3,153,89.496,0.121,92.467,-19.713,166.691,0.963,175.9
,SPX 10K950,Nov 950 Calls,100802,16:00:00,950,C,101119,,183.8,181.3,185.2,-0.003,,,85.359,0.135,136.487,-19.239,232.291,0.927,-1
,SPX 10L950,Dec 950 Calls,100802,16:00:00,950,C,101217,,188.32,184.6,188.6,-0.009,,30344,83.101,0.131,171.125,-19.467,278.711,0.901,-1
,SPX 11C950,Mar11 950 Calls,100802,16:00:00,950,C,110318,0.288,197.51,194.8,199.8,-0.001,,1001,77.091,0.132,251.851,-16.624,426.572,0.836,-1
,SPX 10T950,Aug 950 Puts,100802,16:00:00,950,P,100820,0.371,0.59,0.6,0.65,0.068,14798,75866,-1.401,0.036,10.819,-11.02,-0.995,0,0.65
,SPX 10U950,Sep 950 Puts,100802,16:00:00,950,P,100917,0.316,3.46,3.2,3.7,0,1443,106585,-5.928,0.101,48.193,-16.384,-9.038,0.011,3.75
,SPX 10V950,Oct 950 Puts,100802,16:00:00,950,P,101015,0.309,8.11,7.2,9.1,0.007,645,11275,-10.285,0.127,90.742,-18.885,-25.022,0.037,8.5
,SPX 10W950,Nov 950 Puts,100802,16:00:00,950,P,101119,0.303,14.32,12.9,15.8,0.001,1500,4885,-14.485,0.139,136.79,-18.872,-51.206,0.073,14
,SPX 10X950,Dec 950 Puts,100802,16:00:00,950,P,101217,0.299,19.35,17.5,20.8,-0.009,11,64940,-16.967,0.141,169.082,-18.248,-75.658,0.099,19.5
,SPX 11O950,Mar11 950 Puts,100802,16:00:00,950,P,110318,0.296,35.05,33.7,36.5,-0.001,3502,13459,-21.688,0.135,254.493,-16.197,-168.423,0.164,33.7
,SPX 10H955,Aug 955 Calls,100802,16:00:00,955,C,100820,,170.1,167.6,171.6,-0.003,,,98.751,0.033,8.679,-7.691,46.296,1,-1
,SPX 10I955,Sep 955 Calls,100802,16:00:00,955,C,100917,,171.51,169,173,-0.003,,,93.821,0.102,49.176,-16.468,110.993,0.986,-1
,SPX 10T955,Aug 955 Puts,100802,16:00:00,955,P,100820,0.368,0.64,0.6,0.85,0.125,1053,6160,-1.518,0.039,11.555,-12.177,-1.075,0,0.7
,SPX 10U955,Sep 955 Puts,100802,16:00:00,955,P,100917,0.311,3.66,2.8,4.4,-0.016,,12,-6.285,0.107,50.426,-16.772,-9.578,0.014,-1
,SPX 10H960,Aug 960 Calls,100802,16:00:00,960,C,100820,,165.14,162.6,166.6,-0.003,,9,98.635,0.037,9.404,-8.223,46.468,1,-1
,SPX 10I960,Sep 960 Calls,100802,16:00:00,960,C,100917,,166.71,164.2,168.1,-0.003,,1,93.459,0.108,51.463,-17.02,111.065,0.984,-1
,SPX 10J960,Oct 960 Calls,100802,16:00:00,960,C,101015,,170.68,168.1,172,-0.004,,,88.56,0.132,98.441,-20.529,166.371,0.952,-1
,SPX 10T960,Aug 960 Puts,100802,16:00:00,960,P,100820,0.357,0.68,0.6,0.8,0.029,3863,14423,-1.647,0.042,12.351,-11.862,-1.162,0,0.7
,SPX 10U960,Sep 960 Puts,100802,16:00:00,960,P,100917,0.309,3.87,3.1,4.7,0.008,126,5498,-6.667,0.113,52.76,-17.606,-10.155,0.016,4
,SPX 10V960,Oct 960 Puts,100802,16:00:00,960,P,101015,0.302,8.88,7.9,9.7,-0.007,2,118,-11.273,0.139,96.926,-19.615,-27.423,0.048,9.3
,SPX 10H965,Aug 965 Calls,100802,16:00:00,965,C,100820,,160.18,157.8,161.8,-0.002,,27,98.507,0.041,10.197,-8.796,46.631,1,-1
,SPX 10I965,Sep 965 Calls,100802,16:00:00,965,C,100917,,161.92,159.5,163.5,-0.003,,,93.072,0.114,53.855,-17.59,111.099,0.981,-1
,SPX 10T965,Aug 965 Puts,100802,16:00:00,965,P,100820,0.367,0.74,0.75,1.25,0.338,2,3104,-1.789,0.046,13.213,-15.479,-1.258,0,0.82
,SPX 10U965,Sep 965 Puts,100802,16:00:00,965,P,100917,0.305,4.1,3.3,4.9,0,,544,-7.073,0.12,55.198,-18.112,-10.77,0.019,-1
,SPX 10H970,Aug 970 Calls,100802,16:00:00,970,C,100820,,155.23,152.9,156.9,-0.002,,25,98.363,0.045,11.064,-9.414,46.785,0.999,-1
,SPX 10I970,Sep 970 Calls,100802,16:00:00,970,C,100917,,157.15,154.7,158.7,-0.003,,,92.659,0.121,56.355,-18.175,111.092,0.977,-1
,SPX 10J970,Oct 970 Calls,100802,16:00:00,970,C,101015,,161.5,159,162.9,-0.003,,,87.53,0.144,104.73,-21.358,165.816,0.94,-1
,SPX 10T970,Aug 970 Puts,100802,16:00:00,970,P,100820,0.342,0.79,0.75,0.8,-0.013,574,11734,-1.945,0.051,14.145,-12.716,-1.364,0.001,0.85
,SPX 10U970,Sep 970 Puts,100802,16:00:00,970,P,100917,0.302,4.34,3.6,5.2,0.018,13,3417,-7.507,0.127,57.743,-18.992,-11.426,0.023,4.75
,SPX 10V970,Oct 970 Puts,100802,16:00:00,970,P,101015,0.296,9.72,8.7,10.7,-0.002,,1,-12.36,0.151,103.432,-20.586,-30.067,0.06,-1
,SPX 10H975,Aug 975 Calls,100802,16:00:00,975,C,100820,,150.28,147.9,151.9,-0.003,,2402,98.203,0.05,12.013,-10.08,46.928,0.999,-1
,SPX 10I975,Sep 975 Calls,100802,16:00:00,975,C,100917,,152.4,150,153.9,-0.003,9,958,92.217,0.128,58.968,-18.778,111.042,0.973,150.8
,SPX 10J975,Oct 975 Calls,100802,16:00:00,975,C,101015,,156.94,154.5,158.2,-0.005,3,3,86.976,0.15,107.99,-21.777,165.444,0.934,153.3
,SPX 10K975,Nov 975 Calls,100802,16:00:00,975,C,101119,0.286,161.73,159.4,163.3,-0.002,,,82.472,0.159,154.445,-20.461,229.233,0.889,-1
,SPX 10L975,Dec 975 Calls,100802,16:00:00,975,C,101217,0.283,166.65,163.3,167.2,-0.008,,4057,80.312,0.151,188.904,-19.673,274.911,0.86,-1
,SPX 11C975,Mar11 975 Calls,100802,16:00:00,975,C,110318,0.279,177.36,174.7,179.7,-0.001,,2,74.149,0.146,271.234,-17.304,419.121,0.793,-1
,SPX 10T975,Aug 975 Puts,100802,16:00:00,975,P,100820,0.335,0.85,0.75,0.9,-0.035,11115,36672,-2.119,0.056,15.155,-13.135,-1.481,0.001,0.8
,SPX 10U975,Sep 975 Puts,100802,16:00:00,975,P,100917,0.297,4.6,3.8,5.4,0,879,47190,-7.971,0.135,60.399,-19.346,-12.126,0.027,4.5
,SPX 10V975,Oct 975 Puts,100802,16:00:00,975,P,101015,0.293,10.18,9.2,11.2,0.001,1861,8484,-12.944,0.157,106.802,-21.038,-31.487,0.066,10
,SPX 10W975,Nov 975 Puts,100802,16:00:00,975,P,101119,0.29,17.33,15.9,19,0.007,,256,-17.462,0.163,154.932,-20.582,-61.872,0.111,-1
,SPX 10X975,Dec 975 Puts,100802,16:00:00,975,P,101217,0.288,22.89,21.2,24.4,-0.001,750,30216,-20.002,0.163,187.732,-19.552,-89.366,0.14,24
,SPX 11O975,Mar11 975 Puts,100802,16:00:00,975,P,110318,0.285,39.8,37.8,41.5,0,1,6000,-24.712,0.149,273.232,-16.756,-191.048,0.207,43
,SPX 10H980,Aug 980 Calls,100802,16:00:00,980,C,100820,,145.34,143,147,-0.003,1,174,98.023,0.056,13.052,-10.799,47.059,0.999,142.47
,SPX 10I980,Sep 980 Calls,100802,16:00:00,980,C,100917,,147.66,145.3,149.3,-0.002,,20001,91.745,0.136,61.695,-19.396,110.946,0.968,-1
,SPX 10J980,Oct 980 Calls,100802,16:00:00,980,C,101015,,152.41,150,153.9,-0.003,,,86.396,0.156,111.326,-22.197,165.004,0.926,-1
,SPX 10T980,Aug 980 Puts,100802,16:00:00,980,P,100820,0.336,0.92,0.9,1.1,0.087,1853,8635,-2.311,0.061,16.248,-15.272,-1.61,0.001,0.9
,SPX 10U980,Sep 980 Puts,100802,16:00:00,980,P,100917,0.294,4.87,4.1,5.7,0.006,517,558,-8.465,0.143,63.167,-20.081,-12.873,0.032,4.8
,SPX 10V980,Oct 980 Puts,100802,16:00:00,980,P,101015,0.29,10.66,9.7,11.7,0.004,,4,-13.556,0.164,110.248,-21.57,-32.977,0.074,-1
,SPX 10H985,Aug 985 Calls,100802,16:00:00,985,C,100820,,140.4,138.1,142.1,-0.002,,2,97.822,0.062,14.188,-11.574,47.177,0.998,-1
,SPX 10I985,Sep 985 Calls,100802,16:00:00,985,C,100917,,142.94,140.6,144.5,-0.003,,,91.24,0.145,64.539,-20.03,110.801,0.963,-1
,SPX 10T985,Aug 985 Puts,100802,16:00:00,985,P,100820,0.337,1,0.9,1.5,0.2,67,6390,-2.524,0.067,17.434,-17.525,-1.753,0.002,1.15
,SPX 10U985,Sep 985 Puts,100802,16:00:00,985,P,100917,0.29,5.17,4.4,6,0.01,13,4074,-8.993,0.151,66.048,-20.738,-13.67,0.037,5.59
,SPX 10H990,Aug 990 Calls,100802,16:00:00,990,C,100820,,135.47,133.2,137.2,-0.003,10,77,97.597,0.069,15.432,-12.409,47.279,0.997,131.21
,SPX 10I990,Sep 990 Calls,100802,16:00:00,990,C,100917,,138.24,135.9,139.8,-0.003,,97,90.7,0.153,67.502,-20.678,110.602,0.957,-1
,SPX 10J990,Oct 990 Calls,100802,16:00:00,990,C,101015,,143.41,141.1,145,-0.003,,1,85.147,0.17,118.214,-23.038,163.907,0.91,-1
,SPX 10T990,Aug 990 Puts,100802,16:00:00,990,P,100820,0.321,1.08,1,1.2,0.019,3525,14583,-2.76,0.074,18.719,-16.248,-1.91,0.003,1.18
,SPX 10U990,Sep 990 Puts,100802,16:00:00,990,P,100917,0.286,5.49,4.7,6.3,0.002,51,7380,-9.556,0.16,69.046,-21.315,-14.52,0.043,5.4
,SPX 10V990,Oct 990 Puts,100802,16:00:00,990,P,101015,0.284,11.69,10.7,12.7,0.001,,6,-14.87,0.178,117.356,-22.404,-36.177,0.09,-1
,SPX 10H995,Aug 995 Calls,100802,16:00:00,995,C,100820,,130.55,128.3,132.3,-0.002,1,11,97.343,0.076,16.793,-13.308,47.364,0.996,130.24
,SPX 10I995,Sep 995 Calls,100802,16:00:00,995,C,100917,,133.56,131.3,135.2,-0.002,,,90.123,0.163,70.586,-21.341,110.346,0.95,-1
,SPX 10T995,Aug 995 Puts,100802,16:00:00,995,P,100820,0.319,1.17,0.85,1.7,0.085,25,3291,-3.023,0.081,20.112,-17.972,-2.085,0.004,1.14
,SPX 10U995,Sep 995 Puts,100802,16:00:00,995,P,100917,0.282,5.83,5,6.6,0,4,54,-10.157,0.169,72.16,-22,-15.428,0.05,6.5
,SPX 10H1000,Aug 1000 Calls,100802,16:00:00,1000,C,100820,,125.64,123.4,127.4,-0.003,893,35117,97.059,0.085,18.281,-14.276,47.43,0.995,123.35
,SPX 10I1000,Sep 1000 Calls,100802,16:00:00,1000,C,100917,,128.9,126.7,130.4,-0.003,,6957,89.506,0.172,73.791,-22.017,110.03,0.943,-1
,SPX 10J1000,Oct 1000 Calls,100802,16:00:00,1000,C,101015,0.276,134.52,132.2,136,-0.003,,274,83.772,0.184,125.371,-23.332,162.501,0.891,-1
,SPX 10K1000,Nov 1000 Calls,100802,16:00:00,1000,C,101119,0.273,140.33,138.1,141.9,-0.002,,,79.001,0.186,173.364,-21.981,224.021,0.841,-1
,SPX 10L1000,Dec 1000 Calls,100802,16:00:00,1000,C,101217,0.273,145.62,142.7,146.6,-0.007,,44811,77.03,0.173,207.216,-20.928,268.788,0.811,-1
,SPX 11C1000,Mar11 1000 Calls,100802,16:00:00,1000,C,110318,0.27,157.89,155.5,160.5,0,1,2900,70.871,0.161,290.09,-17.88,408.875,0.746,157.2
,SPX 10T1000,Aug 1000 Puts,100802,16:00:00,1000,P,100820,0.307,1.28,1.2,1.3,-0.023,15681,104847,-3.316,0.089,21.622,-17.689,-2.279,0.005,1.25
,SPX 10U1000,Sep 1000 Puts,100802,16:00:00,1000,P,100917,0.278,6.19,5.8,6.5,-0.008,13258,123356,-10.799,0.179,75.39,-22.599,-16.396,0.057,6
,SPX 10V1000,Oct 1000 Puts,100802,16:00:00,1000,P,101015,0.277,12.84,11.4,14.2,-0.004,8,20959,-16.314,0.193,124.727,-23.234,-39.694,0.109,12.6
,SPX 10W1000,Nov 1000 Puts,100802,16:00:00,1000,P,101119,0.278,21.03,19.7,22.7,0.013,2,1066,-21.098,0.194,173.972,-22.154,-74.7,0.159,23.5
,SPX 10X1000,Dec 1000 Puts,100802,16:00:00,1000,P,101217,0.278,27.13,26.5,28.7,0.016,5787,196090,-23.574,0.186,206.784,-20.86,-105.446,0.189,27
,SPX 11O1000,Mar11 1000 Puts,100802,16:00:00,1000,P,110318,0.275,45.26,43.5,47.1,0.001,29,13461,-28.089,0.164,291.525,-17.225,-216.486,0.254,45
,SPX 10H1005,Aug 1005 Calls,100802,16:00:00,1005,C,100820,,120.74,118.5,122.5,-0.002,,46,96.739,0.094,19.908,-15.317,47.474,0.993,-1
,SPX 10I1005,Sep 1005 Calls,100802,16:00:00,1005,C,100917,,124.27,122.1,126,-0.002,,68,88.846,0.183,77.118,-22.705,109.649,0.935,-1
,SPX 10T1005,Aug 1005 Puts,100802,16:00:00,1005,P,100820,0.299,1.39,0.8,1.8,-0.065,61,4003,-3.642,0.098,23.259,-17.997,-2.494,0.007,1.25
,SPX 10U1005,Sep 1005 Puts,100802,16:00:00,1005,P,100917,0.275,6.58,5.6,7.6,0.006,9,116,-11.483,0.19,78.736,-23.503,-17.429,0.065,7.1
,SPX 10H1010,Aug 1010 Calls,100802,16:00:00,1010,C,100820,,115.86,113.6,117.6,-0.002,,373,96.379,0.105,21.686,-16.435,47.493,0.99,-1
,SPX 10I1010,Sep 1010 Calls,100802,16:00:00,1010,C,100917,,119.67,117.5,121.3,-0.002,,9767,88.14,0.194,80.565,-23.402,109.198,0.926,-1
,SPX 10J1010,Oct 1010 Calls,100802,16:00:00,1010,C,101015,0.27,125.74,123.5,127.3,-0.003,,,82.261,0.2,132.762,-24.31,160.754,0.869,-1
,SPX 10T1010,Aug 1010 Puts,100802,16:00:00,1010,P,100820,0.301,1.51,1.3,1.95,0.073,336,24841,-4.006,0.108,25.033,-21.084,-2.733,0.01,1.45
,SPX 10U1010,Sep 1010 Puts,100802,16:00:00,1010,P,100917,0.272,6.99,6,8,0.007,125,18372,-12.214,0.201,82.197,-24.221,-18.532,0.074,7.9
,SPX 10V1010,Oct 1010 Puts,100802,16:00:00,1010,P,101015,0.272,14.12,12.6,15.8,0.005,2000,1105,-17.906,0.211,132.321,-24.282,-43.556,0.131,14
,SPX 10H1015,Aug 1015 Calls,100802,16:00:00,1015,C,100820,,110.99,108.6,112.6,-0.004,,510,95.973,0.117,23.627,-17.633,47.484,0.987,-1
,SPX 10I1015,Sep 1015 Calls,100802,16:00:00,1015,C,100917,,115.09,113,116.8,-0.002,,8964,87.385,0.205,84.13,-24.108,108.674,0.916,-1
,SPX 10T1015,Aug 1015 Puts,100802,16:00:00,1015,P,100820,0.294,1.65,1.35,2.15,0.055,150,3911,-4.412,0.12,26.954,-22.029,-2.998,0.013,1.5
,SPX 10U1015,Sep 1015 Puts,100802,16:00:00,1015,P,100917,0.268,7.44,6.5,8.5,0.008,6,10563,-12.994,0.212,85.769,-24.946,-19.708,0.084,7.5
,SPX 10H1020,Aug 1020 Calls,100802,16:00:00,1020,C,100820,,106.13,103.8,107.8,-0.003,20,142,95.516,0.131,25.743,-18.916,47.443,0.983,106.1
,SPX 10I1020,Sep 1020 Calls,100802,16:00:00,1020,C,100917,,110.55,108.5,112.3,-0.001,,14100,86.578,0.218,87.811,-24.82,108.07,0.905,-1
,SPX 10J1020,Oct 1020 Calls,100802,16:00:00,1020,C,101015,0.264,117.1,115,118.7,-0.002,,5,80.599,0.217,140.337,-25.185,158.638,0.846,-1
,SPX 10T1020,Aug 1020 Puts,100802,16:00:00,1020,P,100820,0.274,1.81,1.15,1.85,-0.171,6541,17470,-4.867,0.133,29.034,-19.434,-3.295,0.017,1.5
,SPX 10U1020,Sep 1020 Puts,100802,16:00:00,1020,P,100917,0.265,7.92,7,9,0.009,973,15116,-13.826,0.224,89.449,-25.776,-20.962,0.095,7.8
,SPX 10V1020,Oct 1020 Puts,100802,16:00:00,1020,P,101015,0.266,15.53,14.1,17.1,0.005,,18,-19.666,0.228,140.087,-25.152,-47.794,0.154,-1
,SPX 10H1025,Aug 1025 Calls,100802,16:00:00,1025,C,100820,,101.3,99,102.9,-0.004,868,5526,95,0.146,28.048,-20.287,47.367,0.978,98.75
,SPX 10I1025,Sep 1025 Calls,100802,16:00:00,1025,C,100917,0.253,106.04,104,107.8,-0.003,16,24394,85.715,0.23,91.602,-24.934,107.383,0.893,102.7
,SPX 10J1025,Oct 1025 Calls,100802,16:00:00,1025,C,101015,0.261,112.83,110.7,114.4,-0.002,,3100,79.709,0.225,144.175,-25.571,157.432,0.833,-1
,SPX 10K1025,Nov 1025 Calls,100802,16:00:00,1025,C,101119,0.262,119.73,117.7,121.5,-0.001,,,74.856,0.215,192.556,-23.453,216.301,0.783,-1
,SPX 10L1025,Dec 1025 Calls,100802,16:00:00,1025,C,101217,0.262,125.35,122.9,126.8,-0.004,,14721,73.184,0.198,225.422,-21.955,259.999,0.754,-1
,SPX 11C1025,Mar11 1025 Calls,100802,16:00:00,1025,C,110318,0.261,139.21,137,141.9,0.002,,1164,67.211,0.175,307.792,-18.36,395.64,0.696,-1
,SPX 10T1025,Aug 1025 Puts,100802,16:00:00,1025,P,100820,0.277,1.98,1.8,2,-0.04,3203,73055,-5.377,0.147,31.283,-23.103,-3.625,0.022,1.8
,SPX 10U1025,Sep 1025 Puts,100802,16:00:00,1025,P,100917,0.261,8.43,7.5,9.5,0.006,2755,76910,-14.713,0.237,93.23,-26.408,-22.299,0.107,8
,SPX 10V1025,Oct 1025 Puts,100802,16:00:00,1025,P,101015,0.265,16.3,15.5,17.8,0.02,1725,13494,-20.608,0.237,144.014,-25.803,-50.064,0.167,16
,SPX 10W1025,Nov 1025 Puts,100802,16:00:00,1025,P,101119,0.266,25.59,24.2,27.2,0.007,250,1238,-25.454,0.224,193.214,-23.441,-90.048,0.217,27
,SPX 10X1025,Dec 1025 Puts,100802,16:00:00,1025,P,101217,0.265,32.21,31,33.8,0.007,1,66131,-27.709,0.209,225.513,-21.674,-124.187,0.246,33
,SPX 11O1025,Mar11 1025 Puts,100802,16:00:00,1025,P,110318,0.268,51.53,51,53.5,0.013,31,1591,-31.831,0.178,308.733,-17.728,-244.906,0.304,51.4
,SPX 10H1030,Aug 1030 Calls,100802,16:00:00,1030,C,100820,,96.48,94.2,98.1,-0.003,,1354,94.418,0.163,30.553,-21.748,47.25,0.972,-1
,SPX 10I1030,Sep 1030 Calls,100802,16:00:00,1030,C,100917,0.251,101.57,99.6,103.3,-0.001,,34249,84.793,0.244,95.498,-26.051,106.606,0.881,-1
,SPX 10J1030,Oct 1030 Calls,100802,16:00:00,1030,C,101015,0.259,108.61,106.5,110.2,-0.002,,,78.776,0.234,148.034,-26.022,156.121,0.82,-1
,SPX 10L1030,Dec 1030 Calls,100802,16:00:00,1030,C,101217,0.26,121.41,119.1,123,-0.003,,804,72.293,0.218,228.975,-22.133,257.889,0.742,-1
,SPX 10T1030,Aug 1030 Puts,100802,16:00:00,1030,P,100820,0.272,2.18,1.55,2.7,-0.028,838,12748,-5.947,0.163,33.713,-24.616,-3.993,0.028,2.05
,SPX 10U1030,Sep 1030 Puts,100802,16:00:00,1030,P,100917,0.256,8.98,8,10,-0.003,1071,31369,-15.663,0.254,97.107,-26.938,-23.724,0.119,8
,SPX 10V1030,Oct 1030 Puts,100802,16:00:00,1030,P,101015,0.26,17.1,15.6,18.7,0.003,,11,-21.593,0.246,147.956,-25.984,-52.439,0.18,-1
,SPX 10X1030,Dec 1030 Puts,100802,16:00:00,1030,P,101217,0.263,33.34,31.8,35,0.002,,2086,-28.608,0.214,229.137,-21.778,-128.277,0.258,-1
,SPX 10H1035,Aug 1035 Calls,100802,16:00:00,1035,C,100820,,91.69,89.5,93.3,-0.003,,1129,93.761,0.182,33.27,-23.3,47.088,0.965,-1
,SPX 10I1035,Sep 1035 Calls,100802,16:00:00,1035,C,100917,0.247,97.13,95.2,98.8,-0.001,,15411,83.808,0.258,99.489,-26.665,105.734,0.867,-1
,SPX 10L1035,Dec 1035 Calls,100802,16:00:00,1035,C,101217,0.257,117.5,115.3,119.1,-0.003,,8,71.341,0.223,232.482,-22.249,255.652,0.729,-1
,SPX 10T1035,Aug 1035 Puts,100802,16:00:00,1035,P,100820,0.272,2.4,2.1,2.95,0.05,47,5798,-6.588,0.18,36.333,-27.702,-4.405,0.035,2.32
,SPX 10U1035,Sep 1035 Puts,100802,16:00:00,1035,P,100917,0.253,9.57,8.6,10.6,0.002,13804,17315,-16.71,0.273,101.073,-27.767,-25.244,0.133,9.4
,SPX 10X1035,Dec 1035 Puts,100802,16:00:00,1035,P,101217,0.26,34.51,33,36.1,0.001,,6301,-29.53,0.219,232.699,-21.872,-132.486,0.271,-1
,SPX 10H1040,Aug 1040 Calls,100802,16:00:00,1040,C,100820,,86.93,84.7,88.6,-0.003,35,3359,93.019,0.203,36.211,-24.943,46.875,0.956,87
,SPX 10I1040,Sep 1040 Calls,100802,16:00:00,1040,C,100917,0.244,92.74,90.8,94.5,-0.001,,31269,82.757,0.273,103.565,-27.473,104.762,0.852,-1
,SPX 10J1040,Oct 1040 Calls,100802,16:00:00,1040,C,101015,0.253,100.28,98.3,101.9,-0.002,,,76.776,0.253,155.768,-26.805,153.17,0.791,-1
,SPX 10L1040,Dec 1040 Calls,100802,16:00:00,1040,C,101217,0.255,113.64,111.5,115.3,-0.002,,912,70.36,0.229,235.931,-22.408,253.283,0.717,-1
,SPX 10T1040,Aug 1040 Puts,100802,16:00:00,1040,P,100820,0.26,2.64,2.3,2.7,-0.053,5105,31888,-7.307,0.2,39.154,-27.135,-4.865,0.044,2.5
,SPX 10U1040,Sep 1040 Puts,100802,16:00:00,1040,P,100917,0.248,10.21,9.3,10.8,-0.017,73,38148,-17.835,0.289,105.12,-28.192,-26.866,0.148,9.9
,SPX 10V1040,Oct 1040 Puts,100802,16:00:00,1040,P,101015,0.254,18.85,17.3,20.5,0.004,2,873,-23.698,0.264,155.835,-26.763,-57.518,0.209,19.5
,SPX 10X1040,Dec 1040 Puts,100802,16:00:00,1040,P,101217,0.258,35.72,34.2,37.4,0.004,11,1898,-30.478,0.224,236.189,-22.058,-136.815,0.283,37.3
,SPX 10H1045,Aug 1045 Calls,100802,16:00:00,1045,C,100820,,82.19,80,83.8,-0.004,104,3880,92.18,0.227,39.385,-26.676,46.604,0.945,81.9
,SPX 10I1045,Sep 1045 Calls,100802,16:00:00,1045,C,100917,0.24,88.39,86.5,90.1,-0.001,,9665,81.634,0.288,107.712,-28.17,103.683,0.837,-1
,SPX 10L1045,Dec 1045 Calls,100802,16:00:00,1045,C,101217,0.253,109.83,107.7,111.6,-0.002,,1150,69.349,0.235,239.313,-22.556,250.782,0.704,-1
,SPX 10T1045,Aug 1045 Puts,100802,16:00:00,1045,P,100820,0.254,2.92,2.15,3.4,-0.051,295,3215,-8.115,0.222,42.184,-28.722,-5.38,0.055,2.7
,SPX 10U1045,Sep 1045 Puts,100802,16:00:00,1045,P,100917,0.247,10.89,10,12,0.01,8,9497,-19.034,0.305,109.234,-29.411,-28.596,0.163,11
,SPX 10X1045,Dec 1045 Puts,100802,16:00:00,1045,P,101217,0.256,36.97,35.5,38.6,0.002,,3798,-31.45,0.228,239.597,-22.18,-141.265,0.296,-1
,SPX 10H1050,Aug 1050 Calls,100802,16:00:00,1050,C,100820,,77.5,75.4,79.2,-0.002,84,147733,91.234,0.253,42.796,-28.493,46.268,0.933,78.2
,SPX 10I1050,Sep 1050 Calls,100802,16:00:00,1050,C,100917,0.236,84.09,82.3,85.7,-0.002,3,109792,80.437,0.304,111.916,-28.752,102.491,0.82,82
,SPX 10J1050,Oct 1050 Calls,100802,16:00:00,1050,C,101015,0.246,92.13,90.3,93.7,-0.001,,9418,74.588,0.272,163.437,-27.441,149.752,0.76,-1
,SPX 10K1050,Nov 1050 Calls,100802,16:00:00,1050,C,101119,0.25,100.14,98.4,102.1,0.001,,,69.856,0.253,210.959,-24.568,205.72,0.715,-1
,SPX 10L1050,Dec 1050 Calls,100802,16:00:00,1050,C,101217,0.251,106.06,104,107.9,-0.001,,40424,68.308,0.241,242.615,-22.64,248.147,0.691,-1
,SPX 11C1050,Mar11 1050 Calls,100802,16:00:00,1050,C,110318,0.252,121.4,119.2,124.2,0.002,,5563,63.189,0.189,323.578,-18.595,379.273,0.642,-1
,SPX 10T1050,Aug 1050 Puts,100802,16:00:00,1050,P,100820,0.251,3.22,3.1,3.2,-0.022,23611,199350,-9.023,0.246,45.428,-31.013,-5.955,0.067,3.15
,SPX 10U1050,Sep 1050 Puts,100802,16:00:00,1050,P,100917,0.239,11.63,10.7,11.7,-0.035,12987,156584,-20.312,0.322,113.398,-29.219,-30.438,0.18,11.6
,SPX 10V1050,Oct 1050 Puts,100802,16:00:00,1050,P,101015,0.252,20.79,20.6,22.2,0.028,520,23386,-25.991,0.283,163.613,-27.916,-63.06,0.24,20.93
,SPX 10W1050,Nov 1050 Puts,100802,16:00:00,1050,P,101119,0.253,31.2,29.6,32.8,0.001,90,2799,-30.569,0.255,211.536,-24.387,-108.213,0.285,32
,SPX 10X1050,Dec 1050 Puts,100802,16:00:00,1050,P,101217,0.254,38.27,36.8,39.9,0.002,1600,88218,-32.447,0.233,242.912,-22.288,-145.837,0.309,38.5
,SPX 11O1050,Mar11 1050 Puts,100802,16:00:00,1050,P,110318,0.257,58.71,56.9,60.7,0.002,36,23431,-35.938,0.192,324.094,-17.806,-276.421,0.358,58.7
,SPX 10H1055,Aug 1055 Calls,100802,16:00:00,1055,C,100820,,72.84,70.8,74.4,-0.003,2321,2688,90.165,0.282,46.448,-30.389,45.859,0.918,72.6
,SPX 10I1055,Sep 1055 Calls,100802,16:00:00,1055,C,100917,0.235,79.84,78.2,81.6,0.001,,3809,79.161,0.321,116.156,-29.811,101.181,0.803,-1
,SPX 10L1055,Dec 1055 Calls,100802,16:00:00,1055,C,101217,0.249,102.34,100.4,104.2,0,,23,67.238,0.246,245.825,-22.764,245.375,0.677,-1
,SPX 10T1055,Aug 1055 Puts,100802,16:00:00,1055,P,100820,0.246,3.57,3.2,3.9,-0.006,2339,6712,-10.045,0.274,48.89,-33.068,-6.599,0.082,3.5
,SPX 10U1055,Sep 1055 Puts,100802,16:00:00,1055,P,100917,0.24,12.43,11.1,14,0.01,,4251,-21.671,0.339,117.589,-30.8,-32.398,0.197,-1
,SPX 10X1055,Dec 1055 Puts,100802,16:00:00,1055,P,101217,0.251,39.62,38.1,41.2,0.001,,57,-33.468,0.237,246.123,-22.332,-150.533,0.323,-1
,SPX 10H1060,Aug 1060 Calls,100802,16:00:00,1060,C,100820,0.231,68.24,66.3,69.9,-0.002,104,1068,88.959,0.314,50.338,-31.539,45.369,0.901,68.5
,SPX 10I1060,Sep 1060 Calls,100802,16:00:00,1060,C,100917,0.231,75.65,74.1,77.4,0,20,15898,77.802,0.338,120.41,-30.345,99.746,0.784,74
,SPX 10J1060,Oct 1060 Calls,100802,16:00:00,1060,C,101015,0.24,84.19,82.3,85.8,-0.002,,2,72.081,0.308,170.915,-27.99,145.833,0.728,-1
,SPX 10L1060,Dec 1060 Calls,100802,16:00:00,1060,C,101217,0.246,98.67,96.8,100.6,0,,260,66.138,0.252,248.929,-22.824,242.466,0.664,-1
,SPX 11C1060,Mar11 1060 Calls,,,1060,C,110318,,114.55,,,,,,61.479,0.194,329.161,-18.56,371.831,0.621,
,SPX 10T1060,Aug 1060 Puts,100802,16:00:00,1060,P,100820,0.241,3.96,3.9,4,-0.003,1481,27357,-11.194,0.304,52.568,-34.856,-7.32,0.099,3.9
,SPX 10U1060,Sep 1060 Puts,100802,16:00:00,1060,P,100917,0.238,13.28,11.9,14.9,0.013,2,16899,-23.115,0.356,121.784,-31.558,-34.482,0.216,14.5
,SPX 10V1060,Oct 1060 Puts,100802,16:00:00,1060,P,101015,0.243,22.94,21.4,24.4,0,5,1335,-28.481,0.303,171.156,-28.013,-69.091,0.272,23.93
,SPX 10X1060,Dec 1060 Puts,100802,16:00:00,1060,P,101217,0.249,41.01,39.4,42.8,0.003,10,4760,-34.515,0.242,249.218,-22.462,-155.354,0.336,42
,SPX 11O1060,Mar11 1060 Puts,,,1060,P,110318,,61.85,,,,,,-37.681,0.197,329.531,-17.794,-289.905,0.379,
,SPX 10H1065,Aug 1065 Calls,100802,16:00:00,1065,C,100820,0.227,63.68,61.7,65.4,-0.001,16,2239,87.6,0.35,54.457,-33.875,44.788,0.882,64.3
,SPX 10I1065,Sep 1065 Calls,100802,16:00:00,1065,C,100917,0.228,71.53,69.9,73.3,0.001,,21700,76.356,0.356,124.652,-31.041,98.179,0.765,-1
,SPX 10L1065,Dec 1065 Calls,100802,16:00:00,1065,C,101217,0.244,95.05,93.2,97,0.001,,128,65.009,0.257,251.913,-22.87,239.42,0.65,-1
,SPX 10T1065,Aug 1065 Puts,100802,16:00:00,1065,P,100820,0.238,4.41,3.7,5.3,0.025,72,5066,-12.515,0.357,56.456,-37.507,-8.127,0.118,4.9
,SPX 10U1065,Sep 1065 Puts,100802,16:00:00,1065,P,100917,0.234,14.2,12.8,15.8,0.01,5,23293,-24.647,0.374,125.955,-32.089,-36.693,0.235,15.18
,SPX 10X1065,Dec 1065 Puts,100802,16:00:00,1065,P,101217,0.247,42.45,40.9,44.1,0.001,,191,-35.587,0.246,252.184,-22.476,-160.301,0.35,-1
,SPX 10H1070,Aug 1070 Calls,100802,16:00:00,1070,C,100820,0.22,59.19,57.3,60.8,-0.004,30,3043,86.069,0.388,58.785,-35.257,44.106,0.861,57.55
,SPX 10I1070,Sep 1070 Calls,100802,16:00:00,1070,C,100917,0.225,67.46,66,69.2,0.002,4,28040,74.744,0.403,128.854,-31.697,96.475,0.745,67.1
,SPX 10J1070,Oct 1070 Calls,100802,16:00:00,1070,C,101015,0.235,76.48,74.8,78,-0.001,,561,69.31,0.33,178.054,-28.512,141.371,0.693,-1
,SPX 10L1070,Dec 1070 Calls,100802,16:00:00,1070,C,101217,0.242,91.49,89.7,93.4,0.001,,1417,63.849,0.263,254.765,-22.902,236.235,0.636,-1
,SPX 10T1070,Aug 1070 Puts,100802,16:00:00,1070,P,100820,0.234,4.91,4.9,5.3,0.039,2646,23957,-14.177,0.423,60.563,-39.719,-9.035,0.139,5
,SPX 10U1070,Sep 1070 Puts,100802,16:00:00,1070,P,100917,0.23,15.19,13.8,16.8,0.007,207,40164,-26.27,0.392,130.07,-32.582,-39.038,0.255,15.05
,SPX 10V1070,Oct 1070 Puts,100802,16:00:00,1070,P,101015,0.237,25.32,23.6,26.8,-0.005,,462,-31.176,0.322,178.304,-28.445,-75.633,0.307,-1
,SPX 10X1070,Dec 1070 Puts,100802,16:00:00,1070,P,101217,0.245,43.95,42.3,45.7,0.001,40,6303,-36.683,0.251,255.01,-22.524,-165.373,0.364,44
,SPX 10H1075,Aug 1075 Calls,100802,16:00:00,1075,C,100820,0.218,54.77,53,56.4,-0.001,1029,67048,84.347,0.431,63.295,-38.141,43.313,0.837,54.8
,SPX 10I1075,Sep 1075 Calls,100802,16:00:00,1075,C,100917,0.222,63.48,62.1,65.2,0.003,23,41972,72.957,0.424,132.987,-32.311,94.621,0.724,63.8
,SPX 10J1075,Oct 1075 Calls,100802,16:00:00,1075,C,101015,0.232,72.73,71.1,74.3,0,,10164,67.837,0.341,181.437,-28.762,138.931,0.675,-1
,SPX 10K1075,Nov 1075 Calls,100802,16:00:00,1075,C,101119,0.238,81.8,80.2,83.8,0.002,,880,63.917,0.285,227.057,-25.199,191.958,0.641,-1
,SPX 10L1075,Dec 1075 Calls,100802,16:00:00,1075,C,101217,0.24,87.98,86.3,89.9,0.001,,24246,62.661,0.268,257.468,-22.968,232.911,0.622,-1
,SPX 11C1075,Mar11 1075 Calls,100802,16:00:00,1075,C,110318,0.244,104.57,102.5,107.3,0.003,,3010,58.809,0.201,336.563,-18.631,359.703,0.587,-1
,SPX 10T1075,Aug 1075 Puts,100802,16:00:00,1075,P,100820,0.228,5.5,5.4,6,0.035,16289,41727,-16.095,0.474,64.884,-41.655,-10.06,0.163,5.5
,SPX 10U1075,Sep 1075 Puts,100802,16:00:00,1075,P,100917,0.229,16.26,15.4,17.8,0.02,671,62780,-27.987,0.41,134.094,-33.505,-41.52,0.276,16.3
,SPX 10V1075,Oct 1075 Puts,100802,16:00:00,1075,P,101015,0.234,26.6,25,28,-0.005,842,11769,-32.603,0.332,181.673,-28.647,-79.101,0.325,26
,SPX 10W1075,Nov 1075 Puts,100802,16:00:00,1075,P,101119,0.241,38.06,36.4,39.4,-0.004,,3992,-36.479,0.283,227.401,-24.965,-129.407,0.359,-1
,SPX 10X1075,Dec 1075 Puts,100802,16:00:00,1075,P,101217,0.243,45.49,43.9,47.2,0.003,400,65929,-37.804,0.255,257.683,-22.605,-170.571,0.378,47
,SPX 11O1075,Mar11 1075 Puts,100802,16:00:00,1075,P,110318,0.248,66.88,65,68.9,0.001,284,10595,-40.398,0.204,336.743,-17.773,-311.068,0.413,66.8
,SPX 10H1080,Aug 1080 Calls,100802,16:00:00,1080,C,100820,0.214,50.42,48.7,52.1,0,51,9223,82.416,0.476,67.943,-40.503,42.398,0.811,50.44
,SPX 10I1080,Sep 1080 Calls,100802,16:00:00,1080,C,100917,0.217,59.58,58.2,61.4,0.001,1,30915,71.059,0.445,137.01,-32.594,92.612,0.703,56.3
,SPX 10J1080,Oct 1080 Calls,100802,16:00:00,1080,C,101015,0.229,69.05,67.4,70.7,0,,29,66.305,0.352,184.659,-28.907,136.348,0.657,-1
,SPX 10T1080,Aug 1080 Puts,100802,16:00:00,1080,P,100820,0.22,6.17,5.9,6.4,-0.005,1616,11996,-18.265,0.528,69.37,-42.461,-11.215,0.189,6
,SPX 10U1080,Sep 1080 Puts,100802,16:00:00,1080,P,100917,0.224,17.4,16.1,18.9,0.005,1427,48238,-29.798,0.428,137.986,-33.615,-44.142,0.297,17.2
,SPX 10V1080,Oct 1080 Puts,100802,16:00:00,1080,P,101015,0.231,27.96,26.2,29.4,-0.006,,1008,-34.082,0.341,184.873,-28.741,-82.703,0.343,-1
,SPX 10H1085,Aug 1085 Calls,100802,16:00:00,1085,C,100820,0.21,46.17,44.5,47.9,0.002,44,7384,80.253,0.526,72.673,-42.794,41.349,0.783,47
,SPX 10I1085,Sep 1085 Calls,100802,16:00:00,1085,C,100917,0.215,55.76,54.4,57.7,0.005,,21453,69.049,0.467,140.875,-33.29,90.446,0.681,-1
,SPX 10T1085,Aug 1085 Puts,100802,16:00:00,1085,P,100820,0.212,6.95,6.2,7.2,-0.035,162,3805,-20.706,0.585,73.956,-43.436,-12.508,0.217,6.9
,SPX 10U1085,Sep 1085 Puts,100802,16:00:00,1085,P,100917,0.221,18.63,17.2,20.2,0.012,5,20759,-31.706,0.446,141.705,-34.224,-46.907,0.319,22.05
,SPX 10H1090,Aug 1090 Calls,100802,16:00:00,1090,C,100820,0.207,42.02,40.5,43.8,0.004,81,7237,77.763,0.624,77.407,-44.962,40.155,0.752,42.8
,SPX 10I1090,Sep 1090 Calls,100802,16:00:00,1090,C,100917,0.212,52.05,50.8,53.9,0.006,19,24384,66.927,0.487,144.526,-33.637,88.119,0.658,52.43
,SPX 10J1090,Oct 1090 Calls,100802,16:00:00,1090,C,101015,0.224,61.9,60.4,63.5,0.001,,1005,63.062,0.372,190.507,-29.149,130.751,0.62,-1
,SPX 10T1090,Aug 1090 Puts,100802,16:00:00,1090,P,100820,0.215,7.85,7.1,9.1,0.031,103,9395,-23.437,0.644,78.551,-47.424,-13.95,0.248,7.87
,SPX 10U1090,Sep 1090 Puts,100802,16:00:00,1090,P,100917,0.218,19.95,18.6,21.4,0.006,110,50600,-33.71,0.463,145.203,-34.482,-49.818,0.342,21.5
,SPX 10V1090,Oct 1090 Puts,100802,16:00:00,1090,P,101015,0.225,30.87,29.1,32.2,-0.005,25,1005,-37.199,0.359,190.659,-28.946,-90.312,0.38,32.3
,SPX 10H1095,Aug 1095 Calls,100802,16:00:00,1095,C,100820,0.199,37.99,36.1,39.7,-0.002,54,23919,74.781,0.698,82.067,-45.725,38.799,0.72,38.15
,SPX 10I1095,Sep 1095 Calls,100802,16:00:00,1095,C,100917,0.209,48.43,47.3,50.2,0.006,25,20338,64.694,0.507,147.908,-33.909,85.632,0.635,48.5
,SPX 10T1095,Aug 1095 Puts,100802,16:00:00,1095,P,100820,0.21,8.88,8.1,10.1,0.025,119,871,-26.469,0.704,83.047,-49.012,-15.548,0.28,9
,SPX 10U1095,Sep 1095 Puts,100802,16:00:00,1095,P,100917,0.213,21.37,19.9,22.8,-0.003,71,19331,-35.811,0.48,148.429,-34.48,-52.875,0.365,20.5
,SPX 10H1100,Aug 1100 Calls,100802,16:00:00,1100,C,100820,0.202,34.11,33.8,35.5,0.015,19116,133577,71.453,0.762,86.526,-49.422,37.271,0.686,34
,SPX 10I1100,Sep 1100 Calls,100802,16:00:00,1100,C,100917,0.207,44.92,43.8,46.7,0.008,27961,157872,62.35,0.525,150.958,-34.183,82.985,0.611,46
,SPX 10J1100,Oct 1100 Calls,100802,16:00:00,1100,C,101015,0.222,55.07,54.5,57.1,0.013,3002,16555,59.587,0.392,195.352,-29.622,124.579,0.582,56
,SPX 10K1100,Nov 1100 Calls,100802,16:00:00,1100,C,101119,0.227,64.95,63.5,66.9,0.004,4300,2015,57.117,0.313,238.811,-25.188,174.889,0.562,65.7
,SPX 10L1100,Dec 1100 Calls,100802,16:00:00,1100,C,101217,0.229,71.32,69.9,73.3,0.004,2084,151553,56.294,0.291,268.227,-22.834,214.229,0.552,71.7
,SPX 11C1100,Mar11 1100 Calls,100802,16:00:00,1100,C,110318,0.234,88.83,87.1,91,0,1,24303,54.09,0.211,345.771,-18.359,336.958,0.532,85
,SPX 10T1100,Aug 1100 Puts,100802,16:00:00,1100,P,100820,0.204,10.05,10,10.3,0.011,34411,97920,-29.807,0.762,87.311,-50.108,-17.304,0.314,10.3
,SPX 10U1100,Sep 1100 Puts,100802,16:00:00,1100,P,100917,0.213,22.88,22.1,24.3,0.013,24995,144148,-38.008,0.495,151.331,-35.104,-56.078,0.389,22.5
,SPX 10V1100,Oct 1100 Puts,100802,16:00:00,1100,P,101015,0.22,34.09,32.2,35.7,-0.004,7257,48154,-40.527,0.376,195.433,-29.032,-98.464,0.418,33.85
,SPX 10W1100,Nov 1100 Puts,100802,16:00:00,1100,P,101119,0.23,46.39,45,47.6,-0.001,21,2823,-43.166,0.307,238.888,-25.062,-153.697,0.438,47.5
,SPX 10X1100,Dec 1100 Puts,100802,16:00:00,1100,P,101217,0.232,54.03,52.2,55.6,-0.001,1351,127994,-43.769,0.274,268.265,-22.424,-198.445,0.448,55.3
,SPX 11O1100,Mar11 1100 Puts,100802,16:00:00,1100,P,110318,0.239,76.16,74.1,78.1,-0.001,1130,16582,-45.182,0.214,345.741,-17.556,-348.781,0.468,76
,SPX 10H1105,Aug 1105 Calls,100802,16:00:00,1105,C,100820,0.193,30.4,29.2,31.9,0.005,64,5566,67.79,0.824,90.62,-49.313,35.567,0.65,30.65
,SPX 10I1105,Sep 1105 Calls,100802,16:00:00,1105,C,100917,0.202,41.53,40.4,43.2,0.003,1,27322,59.901,0.542,153.613,-34.006,80.18,0.587,38.6
,SPX 10L1105,Dec 1105 Calls,100802,16:00:00,1105,C,101217,0.227,68.17,66.7,70.1,0.003,,898,54.942,0.294,269.716,-22.739,210.089,0.538,-1
,SPX 10T1105,Aug 1105 Puts,100802,16:00:00,1105,P,100820,0.2,11.39,10.5,12.5,0.008,112,3016,-33.448,0.817,91.193,-51.409,-19.221,0.35,11.06
,SPX 10U1105,Sep 1105 Puts,100802,16:00:00,1105,P,100917,0.207,24.5,23,25.9,-0.003,65,27690,-40.297,0.51,153.852,-34.738,-59.425,0.413,23.89
,SPX 10X1105,Dec 1105 Puts,100802,16:00:00,1105,P,101217,0.229,55.92,54,57.5,-0.003,,349,-45.03,0.276,269.727,-22.286,-204.39,0.462,-1
,SPX 10H1110,Aug 1110 Calls,100802,16:00:00,1110,C,100820,0.186,26.87,25.8,27.5,-0.007,283,14612,63.801,0.881,94.167,-49.223,33.69,0.613,27
,SPX 10I1110,Sep 1110 Calls,100802,16:00:00,1110,C,100917,0.199,38.25,37,39.9,0.003,1481,32676,57.352,0.558,155.807,-33.902,77.223,0.563,36.7
,SPX 10J1110,Oct 1110 Calls,100802,16:00:00,1110,C,101015,0.212,48.59,47,50.1,-0.002,4,431,55.888,0.409,198.929,-28.797,117.841,0.544,46.9
,SPX 10L1110,Dec 1110 Calls,100802,16:00:00,1110,C,101217,0.225,65.1,63.7,67,0.004,,593,53.566,0.298,270.947,-22.623,205.824,0.523,-1
,SPX 10T1110,Aug 1110 Puts,100802,16:00:00,1110,P,100820,0.199,12.91,12.3,14.1,0.021,160,3615,-37.379,0.866,94.529,-52.952,-21.293,0.387,12.8
,SPX 10U1110,Sep 1110 Puts,100802,16:00:00,1110,P,100917,0.204,26.23,24.6,27.6,-0.005,3635,31310,-42.677,0.524,155.935,-34.618,-62.913,0.437,26.15
,SPX 10V1110,Oct 1110 Puts,100802,16:00:00,1110,P,101015,0.213,37.64,35.7,38.8,-0.01,,259,-44.058,0.391,198.952,-28.631,-107.149,0.456,-1
,SPX 10X1110,Dec 1110 Puts,100802,16:00:00,1110,P,101217,0.227,57.86,55.9,59.4,-0.003,100,2784,-46.311,0.28,270.938,-22.175,-210.45,0.477,58.3
,SPX 10H1115,Aug 1115 Calls,100802,16:00:00,1115,C,100820,0.187,23.53,22.4,25,0.01,172,11259,59.506,0.931,96.973,-51.041,31.649,0.575,25
,SPX 10I1115,Sep 1115 Calls,100802,16:00:00,1115,C,100917,0.197,35.11,33.8,36.8,0.006,2626,20316,54.709,0.571,157.476,-33.944,74.119,0.539,35.5
,SPX 10L1115,Dec 1115 Calls,100802,16:00:00,1115,C,101217,0.223,62.09,60.6,64.1,0.004,,2414,52.167,0.301,271.903,-22.485,201.44,0.509,-1
,SPX 10T1115,Aug 1115 Puts,100802,16:00:00,1115,P,100820,0.188,14.63,13.4,15,-0.03,662,615,-41.574,0.907,97.149,-51.352,-23.51,0.425,14
,SPX 10U1115,Sep 1115 Puts,100802,16:00:00,1115,P,100917,0.201,28.08,26.5,29.4,-0.006,2459,14137,-45.141,0.535,157.522,-34.467,-66.538,0.461,27
,SPX 10X1115,Dec 1115 Puts,100802,16:00:00,1115,P,101217,0.225,59.87,57.8,61.5,-0.004,,65,-47.613,0.282,271.883,-21.992,-216.62,0.491,-1
,SPX 10H1120,Aug 1120 Calls,100802,16:00:00,1120,C,100820,0.187,20.42,20,22.2,0.032,732,15255,54.944,0.969,98.843,-52.18,29.458,0.536,20.5
,SPX 10I1120,Sep 1120 Calls,100802,16:00:00,1120,C,100917,0.193,32.09,30.9,33.7,0.005,11815,7216,51.983,0.58,158.554,-33.6,70.878,0.515,31
,SPX 10J1120,Oct 1120 Calls,100802,16:00:00,1120,C,101015,0.209,42.47,40.8,44.7,0.006,99,1810,51.988,0.421,200.966,-28.632,110.574,0.506,42.6
,SPX 10L1120,Dec 1120 Calls,100802,16:00:00,1120,C,101217,0.221,59.15,57.7,61.1,0.004,,467,50.748,0.304,272.572,-22.324,196.935,0.495,-1
,SPX 10T1120,Aug 1120 Puts,100802,16:00:00,1120,P,100820,0.196,16.55,16.4,18.1,0.04,244,1296,-45.993,0.937,98.888,-54.536,-25.858,0.464,16.5
,SPX 10U1120,Sep 1120 Puts,100802,16:00:00,1120,P,100917,0.198,30.06,28.5,31.3,-0.005,11419,8080,-47.683,0.544,158.556,-34.188,-70.294,0.485,30
,SPX 10V1120,Oct 1120 Puts,100802,16:00:00,1120,P,101015,0.209,41.54,39.5,43.1,-0.005,96,24,-47.777,0.403,200.961,-28.335,-116.34,0.494,42
,SPX 10X1120,Dec 1120 Puts,100802,16:00:00,1120,P,101217,0.223,61.95,59.9,63.5,-0.004,,2368,-48.934,0.284,272.549,-21.834,-222.903,0.505,-1
,SPX 10H1125,Aug 1125 Calls,100802,16:00:00,1125,C,100820,0.178,17.53,17,18.2,0.004,4235,56710,50.172,0.992,99.598,-49.955,27.145,0.498,17.7
,SPX 10I1125,Sep 1125 Calls,100802,16:00:00,1125,C,100917,0.19,29.21,27.8,30.8,0.003,5275,42174,49.188,0.588,158.982,-33.125,67.526,0.491,29
,SPX 10J1125,Oct 1125 Calls,100802,16:00:00,1125,C,101015,0.206,39.56,37.9,41.7,0.006,354,8927,49.972,0.427,201.325,-28.255,106.762,0.487,39.9
,SPX 10K1125,Nov 1125 Calls,100802,16:00:00,1125,C,101119,0.214,49.84,48.2,51.3,-0.002,,60,49.544,0.333,243.848,-24.266,154.674,0.483,-1
,SPX 10L1125,Dec 1125 Calls,100802,16:00:00,1125,C,101217,0.218,56.28,54.7,58.2,0.004,43,42212,49.309,0.306,272.937,-22.091,192.315,0.481,57
,SPX 11C1125,Mar11 1125 Calls,100802,16:00:00,1125,C,110318,0.226,74.26,72.4,76.2,0.001,40,9314,49.075,0.219,350.184,-17.899,311.224,0.477,75
,SPX 10T1125,Aug 1125 Puts,100802,16:00:00,1125,P,100820,0.186,18.7,18.3,19,-0.003,10418,12354,-50.58,0.952,99.596,-52.104,-28.31,0.502,18.6
,SPX 10U1125,Sep 1125 Puts,100802,16:00:00,1125,P,100917,0.194,32.15,30.6,33.4,-0.006,5142,31366,-50.292,0.552,158.979,-33.689,-74.157,0.509,31
,SPX 10V1125,Oct 1125 Puts,100802,16:00:00,1125,P,101015,0.207,43.63,41.7,45.2,-0.004,703,706,-49.7,0.409,201.322,-28.025,-121.108,0.513,43.8
,SPX 10W1125,Nov 1125 Puts,100802,16:00:00,1125,P,101119,0.217,56.42,54,57.4,-0.013,,1,-50.532,0.323,243.836,-24.023,-180.895,0.517,-1
,SPX 10X1125,Dec 1125 Puts,100802,16:00:00,1125,P,101217,0.221,64.08,62.1,65.6,-0.004,442,25238,-50.272,0.286,272.923,-21.652,-229.295,0.519,63
,SPX 11O1125,Mar11 1125 Puts,100802,16:00:00,1125,P,110318,0.231,86.62,84.4,88.4,-0.003,390,9526,-50.237,0.22,350.137,-17.054,-389.335,0.523,85.7
,SPX 10H1130,Aug 1130 Calls,100802,16:00:00,1130,C,100820,0.175,14.88,13.6,16.2,0.002,336,15461,45.256,1.001,99.09,-48.817,24.736,0.459,15.15
,SPX 10I1130,Sep 1130 Calls,100802,16:00:00,1130,C,100917,0.185,26.47,25.2,27,-0.014,561,11865,46.331,0.593,158.705,-32.074,64.055,0.466,26.25
,SPX 10J1130,Oct 1130 Calls,100802,16:00:00,1130,C,101015,0.202,36.76,35.1,38.1,-0.004,20,31,47.914,0.432,201.201,-27.676,102.827,0.468,36.95
,SPX 10T1130,Aug 1130 Puts,100802,16:00:00,1130,P,100820,0.184,21.08,19.6,22.8,0.004,57,574,-55.274,0.955,99.158,-51.493,-30.843,0.541,20.6
,SPX 10U1130,Sep 1130 Puts,100802,16:00:00,1130,P,100917,0.193,34.39,32.7,35.7,-0.003,2,11969,-52.964,0.558,158.741,-33.311,-78.138,0.534,36.4
,SPX 10V1130,Oct 1130 Puts,100802,16:00:00,1130,P,101015,0.203,45.82,43.8,46.8,-0.011,,,-51.662,0.413,201.213,-27.443,-125.995,0.532,-1
,SPX 10H1135,Aug 1135 Calls,100802,16:00:00,1135,C,100820,0.169,12.49,11.1,13.5,-0.014,143,9459,40.279,0.989,97.225,-46.339,22.27,0.421,12.65
,SPX 10I1135,Sep 1135 Calls,100802,16:00:00,1135,C,100917,0.185,23.87,22.5,25.4,0.003,162,900,43.43,0.594,157.677,-31.932,60.491,0.443,23.85
,SPX 10T1135,Aug 1135 Puts,100802,16:00:00,1135,P,100820,0.181,23.7,22.1,25.3,0,171,207,-60.001,0.94,97.5,-49.593,-33.42,0.579,23.4
,SPX 10U1135,Sep 1135 Puts,100802,16:00:00,1135,P,100917,0.19,36.75,35,38.1,-0.002,3,558,-55.688,0.56,157.795,-32.616,-82.215,0.557,39.15
,SPX 10H1140,Aug 1140 Calls,100802,16:00:00,1140,C,100820,0.169,10.35,10.1,10.7,0.005,7056,18514,35.336,0.959,93.974,-44.714,19.792,0.384,10.4
,SPX 10I1140,Sep 1140 Calls,100802,16:00:00,1140,C,100917,0.179,21.43,20,21.9,-0.021,1767,6857,40.502,0.59,155.861,-30.495,56.857,0.419,21.6
,SPX 10J1140,Oct 1140 Calls,100802,16:00:00,1140,C,101015,0.196,31.45,29.8,32.7,-0.006,170,2009,43.697,0.436,199.39,-26.659,94.652,0.43,31.55
,SPX 10T1140,Aug 1140 Puts,100802,16:00:00,1140,P,100820,0.176,26.56,24.7,28.1,-0.007,61,336,-64.678,0.909,94.607,-46.816,-36.005,0.616,26
,SPX 10U1140,Sep 1140 Puts,100802,16:00:00,1140,P,100917,0.187,39.26,37.5,40.6,-0.002,3,853,-58.449,0.559,156.102,-31.777,-86.369,0.581,41.75
,SPX 10V1140,Oct 1140 Puts,100802,16:00:00,1140,P,101015,0.197,50.49,48.3,51.6,-0.011,,,-55.693,0.418,199.474,-26.483,-136.075,0.57,-1
,SPX 10H1145,Aug 1145 Calls,100802,16:00:00,1145,C,100820,0.166,8.47,7.4,9.4,-0.007,66,4742,30.523,0.911,89.385,-41.509,17.349,0.348,8.7
,SPX 10I1145,Sep 1145 Calls,100802,16:00:00,1145,C,100917,0.179,19.14,17.6,20.6,-0.005,1005,9129,37.567,0.583,153.236,-29.991,53.175,0.396,18
,SPX 10T1145,Aug 1145 Puts,100802,16:00:00,1145,P,100820,0.174,29.66,27.8,31.2,-0.005,,46,-69.223,0.863,90.524,-44.094,-38.558,0.652,-1
,SPX 10U1145,Sep 1145 Puts,100802,16:00:00,1145,P,100917,0.183,41.91,40.2,43.2,-0.005,,13,-61.232,0.556,153.632,-30.611,-90.584,0.604,-1
,SPX 10H1150,Aug 1150 Calls,100802,16:00:00,1150,C,100820,0.16,6.83,6,7,-0.048,12905,80838,25.935,0.846,83.587,-37.007,14.986,0.314,6.6
,SPX 10I1150,Sep 1150 Calls,100802,16:00:00,1150,C,100917,0.176,17,15.5,18.4,-0.004,9922,73585,34.643,0.572,149.792,-28.902,49.467,0.373,16.8
,SPX 10J1150,Oct 1150 Calls,100802,16:00:00,1150,C,101015,0.191,26.59,24.9,27.8,-0.011,551,8756,39.39,0.434,195.344,-25.371,86.152,0.394,25.2
,SPX 10K1150,Nov 1150 Calls,100802,16:00:00,1150,C,101119,0.203,36.7,35,38.1,-0.006,5,385,41.393,0.339,239.821,-22.587,131.796,0.407,35
,SPX 10L1150,Dec 1150 Calls,100802,16:00:00,1150,C,101217,0.206,43.03,41.6,43.6,-0.01,1787,88221,41.874,0.311,269.73,-20.61,167.649,0.413,42.2
,SPX 11C1150,Mar11 1150 Calls,100802,16:00:00,1150,C,110318,0.218,60.96,59.2,62.8,-0.001,405,7506,43.814,0.223,348.826,-17.158,282.759,0.424,59.3
,SPX 10T1150,Aug 1150 Puts,100802,16:00:00,1150,P,100820,0.169,33,31.8,33.5,-0.012,27,13727,-73.558,0.803,85.361,-40.123,-41.039,0.686,31.74
,SPX 10U1150,Sep 1150 Puts,100802,16:00:00,1150,P,100917,0.182,44.71,42.9,46.2,0,102,40476,-64.022,0.549,150.366,-29.763,-94.839,0.627,47.5
,SPX 10V1150,Oct 1150 Puts,100802,16:00:00,1150,P,101015,0.192,55.59,53.4,56.7,-0.01,,4,-59.825,0.418,195.547,-25.177,-146.487,0.606,-1
,SPX 10W1150,Nov 1150 Puts,100802,16:00:00,1150,P,101119,0.206,68.35,65.7,69.2,-0.013,,1,-58.392,0.327,240.16,-22.34,-210.531,0.593,-1
,SPX 10X1150,Dec 1150 Puts,100802,16:00:00,1150,P,101217,0.21,75.81,73.6,77.3,-0.005,,60941,-57.199,0.291,269.957,-20.319,-262.76,0.587,-1
,SPX 11O1150,Mar11 1150 Puts,100802,16:00:00,1150,P,110318,0.222,98.37,95.9,99.9,-0.005,,5582,-55.498,0.223,349.053,-16.242,-432.428,0.576,-1
,SPX 10H1155,Aug 1155 Calls,100802,16:00:00,1155,C,100820,0.16,5.44,4.5,6.1,-0.026,447,8246,21.656,0.768,76.785,-33.935,12.747,0.281,5.3
,SPX 10I1155,Sep 1155 Calls,100802,16:00:00,1155,C,100917,0.174,15.01,13.5,16.3,-0.008,3,1591,31.752,0.557,145.536,-27.589,45.76,0.351,14.7
,SPX 10T1155,Aug 1155 Puts,100802,16:00:00,1155,P,100820,0.168,36.56,34.6,38,-0.007,,105,-77.611,0.732,79.286,-36.919,-43.413,0.719,-1
,SPX 10U1155,Sep 1155 Puts,100802,16:00:00,1155,P,100917,0.178,47.65,45.8,49.2,-0.003,,771,-66.804,0.538,146.3,-28.316,-99.113,0.649,-1
,SPX 10H1160,Aug 1160 Calls,100802,16:00:00,1160,C,100820,0.155,4.26,3.7,4.3,-0.061,991,18662,17.758,0.68,69.246,-29.323,10.672,0.251,3.9
,SPX 10I1160,Sep 1160 Calls,100802,16:00:00,1160,C,100917,0.172,13.18,11.7,14.5,-0.006,749,9758,28.913,0.538,140.495,-26.348,42.079,0.33,13.2
,SPX 10J1160,Oct 1160 Calls,100802,16:00:00,1160,C,101015,0.186,22.18,20.4,23.4,-0.013,11,278,35.047,0.427,188.936,-23.891,77.438,0.358,21.7
,SPX 10T1160,Aug 1160 Puts,100802,16:00:00,1160,P,100820,0.166,40.33,38.2,41.8,-0.007,4,882,-81.327,0.654,72.513,-32.999,-45.648,0.749,41
,SPX 10U1160,Sep 1160 Puts,100802,16:00:00,1160,P,100917,0.176,50.75,49,52.4,-0.001,,6,-69.558,0.525,141.443,-27.028,-103.382,0.67,-1
,SPX 10V1160,Oct 1160 Puts,100802,16:00:00,1160,P,101015,0.187,61.12,58.9,62.4,-0.008,,,-64.015,0.413,189.292,-23.742,-157.138,0.642,-1
,SPX 10H1165,Aug 1165 Calls,100802,16:00:00,1165,C,100820,0.155,3.3,3,3.3,-0.045,1126,9471,14.29,0.588,61.275,-25.862,8.789,0.222,3.2
,SPX 10I1165,Sep 1165 Calls,100802,16:00:00,1165,C,100917,0.17,11.5,10.4,12.4,-0.008,36,1324,26.149,0.515,134.711,-24.907,38.453,0.309,11.55
,SPX 10T1165,Aug 1165 Puts,100802,16:00:00,1165,P,100820,0.163,44.3,42,45.9,-0.008,,58,-84.605,0.537,65.288,-28.635,-47.718,0.778,-1
,SPX 10U1165,Sep 1165 Puts,100802,16:00:00,1165,P,100917,0.174,53.99,52.2,55.7,-0.001,,1,-72.268,0.507,135.822,-25.53,-107.621,0.691,-1
,SPX 10H1170,Aug 1170 Calls,100802,16:00:00,1170,C,100820,0.154,2.51,2.25,2.55,-0.044,8928,17691,11.279,0.495,53.187,-22.148,7.119,0.195,2.4
,SPX 10I1170,Sep 1170 Calls,100802,16:00:00,1170,C,100917,0.167,9.96,8.9,10.9,-0.008,236,10700,23.479,0.489,128.247,-23.378,34.909,0.289,9.55
,SPX 10J1170,Oct 1170 Calls,100802,16:00:00,1170,C,101015,0.181,18.22,16.5,19.4,-0.018,129,91,30.733,0.413,180.133,-22.089,68.638,0.325,17
,SPX 10T1170,Aug 1170 Puts,100802,16:00:00,1170,P,100820,0.166,48.44,46.5,50.3,-0.001,8,2367,-87.376,0.459,57.823,-26.341,-49.614,0.805,48.1
,SPX 10U1170,Sep 1170 Puts,100802,16:00:00,1170,P,100917,0.171,57.38,55.4,59.3,-0.001,,31,-74.914,0.487,129.48,-24.037,-111.803,0.711,-1
,SPX 10V1170,Oct 1170 Puts,100802,16:00:00,1170,P,101015,0.182,67.09,64.7,68.5,-0.007,,,-68.21,0.403,180.645,-21.98,-167.91,0.675,-1
,SPX 10H1175,Aug 1175 Calls,100802,16:00:00,1175,C,100820,0.149,1.88,1.45,1.9,-0.112,2979,52854,8.729,0.406,45.283,-17.49,5.672,0.17,1.65
,SPX 10I1175,Sep 1175 Calls,100802,16:00:00,1175,C,100917,0.162,8.58,7.5,8.7,-0.056,362,62059,20.922,0.46,121.184,-21.04,31.473,0.269,8.2
,SPX 10J1175,Oct 1175 Calls,100802,16:00:00,1175,C,101015,0.178,16.42,14.2,17.7,-0.03,9,5746,28.608,0.403,174.853,-20.985,64.251,0.308,15.4
,SPX 10K1175,Nov 1175 Calls,100802,16:00:00,1175,C,101119,0.193,25.69,24,27,-0.007,,410,32.997,0.328,225.007,-20.073,107.229,0.335,-1
,SPX 10L1175,Dec 1175 Calls,100802,16:00:00,1175,C,101217,0.198,31.72,30.2,33.3,0.001,87,46518,34.267,0.302,257.24,-18.887,141.142,0.348,32
,SPX 11C1175,Mar11 1175 Calls,100802,16:00:00,1175,C,110318,0.21,49.02,47.2,50.8,0,,8901,38.394,0.222,340.87,-16.126,252.07,0.373,-1
,SPX 10T1175,Aug 1175 Puts,100802,16:00:00,1175,P,100820,0.166,52.73,50.8,54.7,0,17,9028,-89.796,0.392,50.333,-22.905,-51.332,0.83,52
,SPX 10U1175,Sep 1175 Puts,100802,16:00:00,1175,P,100917,0.169,60.91,59.2,62.9,0.001,94,27346,-77.477,0.463,122.48,-22.466,-115.904,0.731,60
,SPX 10V1175,Oct 1175 Puts,100802,16:00:00,1175,P,101015,0.179,70.25,67.9,71.6,-0.007,,1,-70.29,0.395,175.431,-20.933,-173.301,0.692,-1
,SPX 10W1175,Nov 1175 Puts,100802,16:00:00,1175,P,101119,0.196,82.34,79.5,83.3,-0.011,,1,-66.443,0.316,226.356,-19.884,-241.714,0.665,-1
,SPX 10X1175,Dec 1175 Puts,100802,16:00:00,1175,P,101217,0.2,89.34,87,90.8,-0.006,74,33550,-64.351,0.286,258.004,-18.351,-298.114,0.652,87.5
,SPX 11O1175,Mar11 1175 Puts,100802,16:00:00,1175,P,110318,0.214,111.45,108.4,113,-0.007,,4496,-60.871,0.221,341.78,-15.191,-477.538,0.627,-1
,SPX 10H1180,Aug 1180 Calls,100802,16:00:00,1180,C,100820,0.152,1.39,1.1,1.6,-0.029,4150,12931,6.624,0.325,37.821,-15.426,4.444,0.148,1.4
,SPX 10I1180,Sep 1180 Calls,100802,16:00:00,1180,C,100917,0.163,7.33,6.2,8.2,-0.018,967,1910,18.495,0.429,113.617,-20.024,28.17,0.25,7.2
,SPX 10J1180,Oct 1180 Calls,100802,16:00:00,1180,C,101015,0.177,14.73,12.9,16.1,-0.016,,4010,26.517,0.392,169.015,-20.229,59.899,0.293,-1
,SPX 10T1180,Aug 1180 Puts,100802,16:00:00,1180,P,100820,0.166,57.15,55.3,59.2,0.002,6,572,-91.883,0.329,43.031,-19.953,-52.866,0.852,57.04
,SPX 10U1180,Sep 1180 Puts,100802,16:00:00,1180,P,100917,0.167,64.59,62.8,66.6,0.002,,2739,-79.939,0.437,114.902,-20.837,-119.895,0.75,-1
,SPX 10V1180,Oct 1180 Puts,100802,16:00:00,1180,P,101015,0.177,73.52,71.1,75,-0.006,,,-72.348,0.386,169.643,-19.912,-178.67,0.707,-1
,SPX 10H1185,Aug 1185 Calls,100802,16:00:00,1185,C,100820,0.15,1.02,0.75,1.15,-0.069,103,7549,4.928,0.253,30.998,-12.131,3.426,0.128,1.05
,SPX 10I1185,Sep 1185 Calls,100802,16:00:00,1185,C,100917,0.161,6.22,5.1,7.1,-0.019,48,4829,16.215,0.396,105.655,-18.348,25.024,0.232,6.1
,SPX 10T1185,Aug 1185 Puts,100802,16:00:00,1185,P,100820,0.169,61.68,59.9,63.9,0.004,,55,-93.649,0.27,36.105,-17.822,-54.22,0.872,-1
,SPX 10U1185,Sep 1185 Puts,100802,16:00:00,1185,P,100917,0.166,68.4,66.7,70.5,0.003,,1000,-82.284,0.408,106.845,-19.279,-123.753,0.768,-1
,SPX 10H1190,Aug 1190 Calls,100802,16:00:00,1190,C,100820,0.155,0.73,0.8,0.9,0.164,675,9708,3.606,0.185,24.948,-11.283,2.6,0.11,0.8
,SPX 10I1190,Sep 1190 Calls,100802,16:00:00,1190,C,100917,0.158,5.24,4.3,5.9,-0.027,615,5837,14.092,0.361,97.419,-16.559,22.055,0.215,5
,SPX 10J1190,Oct 1190 Calls,100802,16:00:00,1190,C,101015,0.172,11.7,10.5,12.5,-0.017,7,97,22.471,0.365,155.79,-18.125,51.377,0.262,11.4
,SPX 10T1190,Aug 1190 Puts,100802,16:00:00,1190,P,100820,0.167,66.32,64.6,68.4,0.003,,488,-95.115,0.218,29.71,-14.653,-55.4,0.89,-1
,SPX 10U1190,Sep 1190 Puts,100802,16:00:00,1190,P,100917,0.164,72.35,70.6,74.6,0.003,,5513,-84.477,0.37,98.418,-17.597,-127.454,0.785,-1
,SPX 10V1190,Oct 1190 Puts,100802,16:00:00,1190,P,101015,0.173,80.4,78.1,82,-0.004,,,-76.364,0.363,156.445,-17.908,-189.267,0.738,-1
,SPX 10H1195,Aug 1195 Calls,100802,16:00:00,1195,C,100820,0.152,0.52,0.45,0.7,0.096,180,11747,2.63,0.134,19.698,-8.427,1.941,0.093,0.56
,SPX 10I1195,Sep 1195 Calls,100802,16:00:00,1195,C,100917,0.156,4.38,3.4,5,-0.043,19,7624,12.136,0.326,89.035,-14.791,19.279,0.199,4
,SPX 10J1195,Oct 1195 Calls,100802,16:00:00,1195,C,101015,0.171,10.35,9.2,11.2,-0.014,,253,20.534,0.349,148.489,-17.113,47.249,0.248,-1
,SPX 10T1195,Aug 1195 Puts,100802,16:00:00,1195,P,100820,0.171,71.04,69.4,73.2,0.004,,1520,-96.306,0.172,23.957,-13.198,-56.418,0.907,-1
,SPX 10U1195,Sep 1195 Puts,100802,16:00:00,1195,P,100917,0.162,76.42,74.8,78.7,0.004,,2579,-86.512,0.34,89.738,-16.025,-130.979,0.801,-1
,SPX 10V1195,Oct 1195 Puts,100802,16:00:00,1195,P,101015,0.171,84.01,81.8,85.7,-0.003,,,-78.304,0.35,149.11,-16.859,-194.455,0.752,-1
,SPX 10H1200,Aug 1200 Calls,100802,16:00:00,1200,C,100820,0.157,0.36,0.45,0.55,0.389,2284,29630,1.888,0.1,15.233,-7.768,1.421,0.079,0.5
,SPX 10I1200,Sep 1200 Calls,100802,16:00:00,1200,C,100917,0.156,3.63,3.5,3.7,-0.006,6927,82302,10.354,0.291,80.63,-13.6,16.71,0.183,3.9
,SPX 10J1200,Oct 1200 Calls,100802,16:00:00,1200,C,101015,0.17,9.11,8.5,10,0.011,31,4248,18.665,0.332,140.801,-16.253,43.234,0.234,8.45
,SPX 10K1200,Nov 1200 Calls,100802,16:00:00,1200,C,101119,0.183,16.91,15.3,18.2,-0.013,3,409,24.803,0.299,199.048,-16.787,82.356,0.27,15.5
,SPX 10L1200,Dec 1200 Calls,100802,16:00:00,1200,C,101217,0.189,22.41,20.8,23.9,-0.004,2205,193493,26.828,0.278,235.076,-16.409,114.019,0.289,22
,SPX 11C1200,Mar11 1200 Calls,100802,16:00:00,1200,C,110318,0.201,38.48,36.6,40.2,-0.005,3925,30741,32.919,0.217,325.77,-14.771,219.826,0.326,36
,SPX 10T1200,Aug 1200 Puts,100802,16:00:00,1200,P,100820,,75.83,74.3,78.1,0.005,13,6118,-97.256,0.132,18.915,-7.934,-57.289,0.921,76.1
,SPX 10U1200,Sep 1200 Puts,100802,16:00:00,1200,P,100917,0.163,80.62,79.2,83.2,0.007,,31062,-88.399,0.308,80.933,-15.011,-134.311,0.817,-1
,SPX 10V1200,Oct 1200 Puts,100802,16:00:00,1200,P,101015,0.169,87.73,85.6,89.5,-0.002,,104,-80.188,0.335,141.347,-15.789,-199.542,0.766,-1
,SPX 10W1200,Nov 1200 Puts,100802,16:00:00,1200,P,101119,0.186,98.46,95.7,99.5,-0.009,,,-74.293,0.288,202.107,-16.592,-273.212,0.73,-1
,SPX 10X1200,Dec 1200 Puts,100802,16:00:00,1200,P,101217,0.192,104.77,102.7,106.4,-0.001,492,75309,-71.47,0.269,236.449,-16.031,-334.337,0.711,106.4
,SPX 11O1200,Mar11 1200 Puts,100802,16:00:00,1200,P,110318,0.207,125.92,122.8,127.7,-0.005,,4983,-66.245,0.213,327.905,-13.915,-523.997,0.674,-1
,SPX 10H1205,Aug 1205 Calls,100802,16:00:00,1205,C,100820,0.163,0.25,0.4,0.5,0.84,38,2535,1.328,0.073,11.531,-7.292,1.02,0.067,0.63
,SPX 10I1205,Sep 1205 Calls,100802,16:00:00,1205,C,100917,0.154,2.98,2.2,3.8,0.003,38,5021,8.746,0.257,72.33,-12.036,14.356,0.169,2.7
,SPX 10T1205,Aug 1205 Puts,100802,16:00:00,1205,P,100820,,80.67,79,83,0.004,,59,-97.995,0.1,14.61,-6.014,-58.031,0.933,-1
,SPX 10U1205,Sep 1205 Puts,100802,16:00:00,1205,P,100917,0.164,84.92,83.6,87.6,0.008,,2190,-90.129,0.277,72.141,-13.807,-137.434,0.831,-1
,SPX 10H1210,Aug 1210 Calls,100802,16:00:00,1210,C,100820,0.179,0.17,0.25,1,2.588,2,14481,0.914,0.052,8.539,-9.245,0.717,0.056,0.25
,SPX 10I1210,Sep 1210 Calls,100802,16:00:00,1210,C,100917,0.152,2.43,1.85,2.9,-0.016,3195,3394,7.314,0.224,64.253,-10.448,12.222,0.155,2.75
,SPX 10J1210,Oct 1210 Calls,100802,16:00:00,1210,C,101015,0.164,6.94,5.8,7.8,-0.024,76,225,15.165,0.295,124.515,-13.658,35.619,0.207,6.2
,SPX 10T1210,Aug 1210 Puts,100802,16:00:00,1210,P,100820,,85.55,84,87.9,0.007,1,19,-98.558,0.074,11.029,-4.452,-58.661,0.944,90.05
,SPX 10U1210,Sep 1210 Puts,100802,16:00:00,1210,P,100917,0.162,89.32,88,92,0.008,,,-91.697,0.245,63.499,-12.328,-140.338,0.845,-1
,SPX 10V1210,Oct 1210 Puts,100802,16:00:00,1210,P,101015,0.165,95.48,93.4,97.4,-0.001,,,-83.745,0.3,124.781,-13.532,-209.336,0.793,-1
,SPX 10H1215,Aug 1215 Calls,100802,16:00:00,1215,C,100820,,0.11,0.2,1,,,5021,0.616,0.036,6.184,-2.301,0.494,0.046,-1
,SPX 10I1215,Sep 1215 Calls,100802,16:00:00,1215,C,100917,0.151,1.96,1.45,2.5,0.015,47,157,6.052,0.193,56.507,-9.25,10.307,0.142,2.3
,SPX 10T1215,Aug 1215 Puts,100802,16:00:00,1215,P,100820,,90.47,89.1,92.9,0.006,,20,-98.976,0.053,8.131,-3.214,-59.197,0.954,-1
,SPX 10U1215,Sep 1215 Puts,100802,16:00:00,1215,P,100917,0.16,93.82,92.5,96.3,0.006,,,-93.099,0.214,55.142,-10.709,-143.014,0.858,-1
,SPX 10H1220,Aug 1220 Calls,100802,16:00:00,1220,C,100820,0.165,0.07,0.15,0.25,,14,5262,0.406,0.025,4.376,-3.834,0.333,0.038,0.18
,SPX 10I1220,Sep 1220 Calls,100802,16:00:00,1220,C,100917,0.151,1.57,1.1,2.2,0.064,468,2673,4.953,0.164,49.184,-8.229,8.609,0.13,2
,SPX 10J1220,Oct 1220 Calls,100802,16:00:00,1220,C,101015,0.161,5.16,4.3,5.9,-0.012,,3559,12.024,0.255,107.502,-11.605,28.668,0.183,-1
,SPX 10L1220,Dec 1220 Calls,100802,16:00:00,1220,C,101217,0.183,16.39,14.6,17.9,-0.009,,100,21.25,0.25,211.004,-14.178,92.855,0.246,-1
,SPX 10T1220,Aug 1220 Puts,100802,16:00:00,1220,P,100820,,95.41,94,97.9,0.006,,80,-99.279,0.037,5.847,-2.262,-59.658,0.962,-1
,SPX 10U1220,Sep 1220 Puts,100802,16:00:00,1220,P,100917,0.162,98.4,97.2,101.2,0.008,,20,-94.336,0.184,47.193,-10.056,-145.461,0.87,-1
,SPX 10V1220,Oct 1220 Puts,100802,16:00:00,1220,P,101015,0.162,103.63,101.8,105.8,0.002,,,-86.979,0.264,107.297,-11.547,-218.504,0.817,-1
,SPX 10X1220,Dec 1220 Puts,100802,16:00:00,1220,P,101217,0.184,118.5,116.2,120.2,-0.003,,,-76.93,0.246,212.625,-13.594,-363.068,0.754,-1
,SPX 10H1225,Aug 1225 Calls,100802,16:00:00,1225,C,100820,0.175,0.04,0.2,0.25,,543,27361,0.261,0.016,3.025,-4.216,0.219,0.031,0.2
,SPX 10I1225,Sep 1225 Calls,100802,16:00:00,1225,C,100917,0.151,1.24,1.25,1.55,0.129,4613,53007,4.009,0.138,42.36,-7.287,7.12,0.118,1.4
,SPX 10J1225,Oct 1225 Calls,100802,16:00:00,1225,C,101015,0.161,4.41,4.1,5.1,0.036,1005,2494,10.6,0.235,98.92,-10.862,25.476,0.172,4
,SPX 10K1225,Nov 1225 Calls,100802,16:00:00,1225,C,101119,0.173,10.33,9.2,11.2,-0.013,,1799,17.324,0.251,163.667,-13.016,58.875,0.213,-1
,SPX 10L1225,Dec 1225 Calls,100802,16:00:00,1225,C,101217,0.181,15.07,13.4,16.5,-0.008,,25805,19.932,0.241,204.246,-13.594,87.74,0.236,-1
,SPX 11C1225,Mar11 1225 Calls,100802,16:00:00,1225,C,110318,0.194,29.39,27.7,31,-0.001,,5944,27.515,0.206,303.402,-13.255,186.867,0.282,-1
,SPX 10T1225,Aug 1225 Puts,100802,16:00:00,1225,P,100820,,100.38,99.1,103.1,0.007,1,191,-99.494,0.025,4.098,-1.549,-60.059,0.969,100.11
,SPX 10U1225,Sep 1225 Puts,100802,16:00:00,1225,P,100917,0.159,103.06,101.8,105.6,0.006,,4166,-95.411,0.156,39.764,-8.495,-147.679,0.882,-1
,SPX 10V1225,Oct 1225 Puts,100802,16:00:00,1225,P,101015,0.16,107.85,106,110,0.001,,2,-88.462,0.244,98.412,-10.409,-222.812,0.828,-1
,SPX 10W1225,Nov 1225 Puts,100802,16:00:00,1225,P,101119,0.177,116.69,114,118,-0.006,,,-81.487,0.241,168.86,-12.936,-303.526,0.787,-1
,SPX 10X1225,Dec 1225 Puts,100802,16:00:00,1225,P,101217,0.183,122.12,119.9,123.9,-0.002,,3457,-78.241,0.24,205.862,-13.045,-370.12,0.764,-1
,SPX 11O1225,Mar11 1225 Puts,100802,16:00:00,1225,P,110318,0.199,141.8,138.6,143.6,-0.005,,,-71.495,0.201,307.409,-12.359,-571.012,0.718,-1
,SPX 10H1230,Aug 1230 Calls,100802,16:00:00,1230,C,100820,,0.03,0.1,0.2,,,23498,0.164,0.01,2.041,-0.716,0.141,0.026,-1
,SPX 10I1230,Sep 1230 Calls,100802,16:00:00,1230,C,100917,0.146,0.98,0.55,1.4,0,3,517,3.211,0.111,36.09,-5.615,5.829,0.108,1.1
,SPX 10J1230,Oct 1230 Calls,100802,16:00:00,1230,C,101015,0.157,3.74,2.9,4.5,-0.013,5,10,9.279,0.214,90.396,-9.478,22.487,0.161,3.45
,SPX 10T1230,Aug 1230 Puts,100802,16:00:00,1230,P,100820,,105.35,104.1,108.1,0.009,14,60,-99.641,0.017,2.796,-1.031,-60.413,0.974,110
,SPX 10U1230,Sep 1230 Puts,100802,16:00:00,1230,P,100917,0.16,107.78,106.6,110.4,0.007,,13,-96.331,0.13,32.946,-7.852,-149.677,0.892,-1
,SPX 10V1230,Oct 1230 Puts,100802,16:00:00,1230,P,101015,0.156,112.16,110.3,114.1,0,,,-89.848,0.225,89.548,-9.054,-226.918,0.839,-1
,SPX 10H1235,Aug 1235 Calls,100802,16:00:00,1235,C,100820,,0.02,0.05,0.2,,,1769,0.101,0.007,1.343,-0.461,0.089,0.021,-1
,SPX 10I1235,Sep 1235 Calls,100802,16:00:00,1235,C,100917,0.145,0.76,0.35,1.2,0.013,6,,2.561,0.088,30.397,-4.738,4.72,0.098,0.75
,SPX 10L1235,Dec 1235 Calls,100802,16:00:00,1235,C,101217,0.178,12.67,11,14.1,-0.009,,7,17.407,0.224,190.011,-12.408,77.805,0.217,-1
,SPX 10T1235,Aug 1235 Puts,100802,16:00:00,1235,P,100820,,110.33,109.1,113.1,0.008,1,16,-99.74,0.011,1.855,-0.666,-60.734,0.979,113.25
,SPX 10U1235,Sep 1235 Puts,100802,16:00:00,1235,P,100917,0.156,112.56,111.1,115.1,0.005,,13,-97.104,0.106,26.807,-6.241,-151.463,0.902,-1
,SPX 10X1235,Dec 1235 Puts,100802,16:00:00,1235,P,101217,0.18,129.59,127.6,131.6,0,,,-80.775,0.224,191.511,-11.926,-383.981,0.783,-1
,SPX 10H1240,Aug 1240 Calls,100802,16:00:00,1240,C,100820,,0.01,0.05,0.2,,3,11653,0.06,0.004,0.862,-0.29,0.055,0.017,0.12
,SPX 10I1240,Sep 1240 Calls,100802,16:00:00,1240,C,100917,0.144,0.58,0.25,1,0.034,22,22533,2.021,0.072,25.285,-3.893,3.777,0.089,0.2
,SPX 10J1240,Oct 1240 Calls,100802,16:00:00,1240,C,101015,0.154,2.63,2.15,3.3,0.034,,404,6.952,0.174,73.838,-7.747,17.146,0.14,-1
,SPX 10L1240,Dec 1240 Calls,100802,16:00:00,1240,C,101217,0.176,11.57,10.5,12.5,-0.006,,100,16.204,0.214,182.591,-11.81,73.007,0.208,-1
,SPX 10T1240,Aug 1240 Puts,100802,16:00:00,1240,P,100820,,115.32,114.1,118.1,0.007,,46,-99.804,0.007,1.196,-0.416,-61.029,0.983,-1
,SPX 10U1240,Sep 1240 Puts,100802,16:00:00,1240,P,100917,0.162,117.39,116.2,120,0.006,,,-97.742,0.085,21.391,-6.444,-153.054,0.911,-1
,SPX 10V1240,Oct 1240 Puts,100802,16:00:00,1240,P,101015,0.153,121.01,119.1,123.1,0.001,,,-92.317,0.185,72.239,-7.137,-234.482,0.86,-1
,SPX 10X1240,Dec 1240 Puts,100802,16:00:00,1240,P,101217,0.179,133.43,131.5,135.5,0.001,,,-81.989,0.215,183.973,-11.359,-390.768,0.792,-1
,SPX 10H1245,Aug 1245 Calls,100802,16:00:00,1245,C,100820,,0.01,0.05,0.15,,11,3451,0.035,0.002,0.539,-0.177,0.033,0.013,0.15
,SPX 10I1245,Sep 1245 Calls,100802,16:00:00,1245,C,100917,,0.44,0.05,1.1,0.318,,,1.575,0.058,20.76,-3.099,2.984,0.08,-1
,SPX 10T1245,Aug 1245 Puts,100802,16:00:00,1245,P,100820,,120.32,119,123,0.006,,,-99.845,0.004,0.747,-0.252,-61.307,0.987,-1
,SPX 10U1245,Sep 1245 Puts,100802,16:00:00,1245,P,100917,,122.26,121,124.8,0.005,,,-98.258,0.067,16.713,-2.177,-154.466,0.92,-1
,SPX 10H1250,Aug 1250 Calls,100802,16:00:00,1250,C,100820,,0,0.05,0.1,,1008,36480,0.02,0.001,0.328,-0.105,0.019,0.011,0.1
,SPX 10I1250,Sep 1250 Calls,100802,16:00:00,1250,C,100917,0.149,0.33,0.2,0.8,0.515,107,41353,1.21,0.046,16.815,-3.462,2.326,0.072,0.5
,SPX 10J1250,Oct 1250 Calls,100802,16:00:00,1250,C,101015,0.153,1.8,1.65,2.3,0.094,,449,5.04,0.137,58.426,-6.266,12.672,0.122,-1
,SPX 10K1250,Nov 1250 Calls,100802,16:00:00,1250,C,101119,0.164,5.75,5,6.1,-0.035,50,162,11.044,0.191,122.918,-9.117,38.501,0.165,5.5
,SPX 10L1250,Dec 1250 Calls,100802,16:00:00,1250,C,101217,0.174,9.58,8.6,10.6,0.002,1565,86351,13.928,0.195,167.301,-10.681,63.802,0.19,9.6
,SPX 11C1250,Mar11 1250 Calls,100802,16:00:00,1250,C,110318,0.187,21.75,20.2,23.4,0.002,,9392,22.323,0.19,274.215,-11.5,154.19,0.242,-1
,SPX 10T1250,Aug 1250 Puts,100802,16:00:00,1250,P,100820,,125.31,124,128,0.005,1,91,-99.869,0.002,0.453,-0.146,-61.573,0.989,125.2
,SPX 10U1250,Sep 1250 Puts,100802,16:00:00,1250,P,100917,,127.17,125.8,129.7,0.005,,2480,-98.666,0.051,12.766,-1.577,-155.719,0.928,-1
,SPX 10V1250,Oct 1250 Puts,100802,16:00:00,1250,P,101015,0.151,130.15,128.4,132.3,0.002,,1,-94.368,0.147,56.063,-5.633,-241.141,0.878,-1
,SPX 10W1250,Nov 1250 Puts,100802,16:00:00,1250,P,101119,0.169,136.86,134.5,138.5,-0.003,,,-87.576,0.189,129.986,-9.248,-331.156,0.835,-1
,SPX 10X1250,Dec 1250 Puts,100802,16:00:00,1250,P,101217,0.176,141.32,139.7,143.5,0.002,,16860,-84.312,0.199,168.315,-10.222,-403.997,0.81,-1
,SPX 11O1250,Mar11 1250 Puts,100802,16:00:00,1250,P,110318,0.193,159.07,156,161,-0.004,,504,-76.491,0.184,280.771,-10.711,-617.683,0.758,-1
,SPX 10H1255,Aug 1255 Calls,100802,16:00:00,1255,C,100820,,0,0.05,0.1,,53,1209,0.011,0.001,0.194,-0.061,0.011,0.009,0.05
,SPX 10I1255,Sep 1255 Calls,100802,16:00:00,1255,C,100917,,0.24,0.1,1,1.292,,2526,0.917,0.036,13.426,-1.946,1.789,0.065,-1
,SPX 10J1255,Oct 1255 Calls,100802,16:00:00,1255,C,101015,0.15,1.47,1,2.15,0.075,,378,4.235,0.12,51.308,-5.32,10.758,0.114,-1
,SPX 10L1255,Dec 1255 Calls,100802,16:00:00,1255,C,101217,0.172,8.68,7.7,9.7,0.002,,8922,12.858,0.185,159.497,-10.089,59.413,0.181,-1
,SPX 10T1255,Aug 1255 Puts,100802,16:00:00,1255,P,100820,,130.31,129,133,0.005,,,-99.884,0.001,0.265,-0.081,-61.831,0.991,-1
,SPX 10U1255,Sep 1255 Puts,100802,16:00:00,1255,P,100917,,132.1,130.9,134.7,0.005,,,-98.982,0.038,9.515,-1.096,-156.833,0.935,-1
,SPX 10V1255,Oct 1255 Puts,100802,16:00:00,1255,P,101015,0.151,134.82,133.2,137,0.002,,,-95.236,0.129,48.595,-5.12,-244.127,0.886,-1
,SPX 10X1255,Dec 1255 Puts,100802,16:00:00,1255,P,101217,0.175,145.37,143.8,147.7,0.003,,1,-85.417,0.19,160.26,-9.72,-410.419,0.819,-1
,SPX 10H1260,Aug 1260 Calls,100802,16:00:00,1260,C,100820,,0,0.05,0.1,,25,7563,0.006,0,0.112,-0.034,0.006,0.007,0.05
,SPX 10I1260,Sep 1260 Calls,100802,16:00:00,1260,C,100917,,0.18,0.05,1,1.944,,20,0.684,0.028,10.563,-1.508,1.356,0.059,-1
,SPX 10J1260,Oct 1260 Calls,100802,16:00:00,1260,C,101015,0.147,1.19,0.75,1.7,0.034,,204,3.528,0.101,44.649,-4.457,9.052,0.106,-1
,SPX 10L1260,Dec 1260 Calls,100802,16:00:00,1260,C,101217,0.17,7.85,6.8,8.8,-0.006,,2688,11.836,0.175,151.632,-9.439,55.178,0.173,-1
,SPX 10T1260,Aug 1260 Puts,100802,16:00:00,1260,P,100820,,135.31,134,138,0.005,,,-99.892,0.001,0.15,-0.042,-62.085,0.993,-1
,SPX 10U1260,Sep 1260 Puts,100802,16:00:00,1260,P,100917,,137.05,135.9,139.9,0.008,14,14,-99.22,0.028,6.906,-0.721,-157.831,0.941,142
,SPX 10V1260,Oct 1260 Puts,100802,16:00:00,1260,P,101015,0.147,139.54,137.7,141.7,0.001,,,-96.004,0.111,41.627,-4.064,-246.889,0.894,-1
,SPX 10X1260,Dec 1260 Puts,100802,16:00:00,1260,P,101217,0.173,149.48,147.8,151.8,0.002,,,-86.482,0.181,152.1,-9.028,-416.697,0.827,-1
,SPX 10H1265,Aug 1265 Calls,100802,16:00:00,1265,C,100820,,0,0.05,0.1,,6,1015,0.003,0,0.063,-0.019,0.003,0.005,0.05
,SPX 10I1265,Sep 1265 Calls,100802,16:00:00,1265,C,100917,,0.13,0.05,1,,,,0.502,0.021,8.182,-1.15,1.012,0.053,-1
,SPX 10L1265,Dec 1265 Calls,100802,16:00:00,1265,C,101217,0.169,7.08,6.1,8.1,0.003,,358,10.862,0.165,143.743,-8.926,51.103,0.165,-1
,SPX 10T1265,Aug 1265 Puts,100802,16:00:00,1265,P,100820,,140.31,138.7,142.7,0.003,,,-99.897,0,0.082,-0.02,-62.335,0.995,-1
,SPX 10U1265,Sep 1265 Puts,100802,16:00:00,1265,P,100917,,142.01,140.8,144.6,0.005,,,-99.394,0.02,4.871,-0.436,-158.732,0.947,-1
,SPX 10X1265,Dec 1265 Puts,100802,16:00:00,1265,P,101217,0.172,153.66,152.1,156,0.003,,,-87.505,0.172,143.87,-8.471,-422.823,0.835,-1
,SPX 10H1270,Aug 1270 Calls,100802,16:00:00,1270,C,100820,,0,,0.1,,290,1528,0.002,0,0.034,-0.01,0.002,0.004,-1
,SPX 10J1270,Oct 1270 Calls,100802,16:00:00,1270,C,101015,0.146,0.75,0.35,1.4,0.173,,3,2.393,0.073,32.818,-3.465,6.221,0.091,-1
,SPX 10L1270,Dec 1270 Calls,100802,16:00:00,1270,C,101217,0.168,6.36,5.4,7.4,0.006,,5270,9.937,0.155,135.862,-8.422,47.196,0.158,-1
,SPX 10T1270,Aug 1270 Puts,100802,16:00:00,1270,P,100820,,145.31,144,148,0.005,,,-99.899,0,0.043,-0.008,-62.584,0.996,-1
,SPX 10V1270,Oct 1270 Puts,100802,16:00:00,1270,P,101015,0.148,149.11,147.5,151.3,0.002,,,-97.251,0.08,29.383,-3.367,-251.771,0.909,-1
,SPX 10X1270,Dec 1270 Puts,100802,16:00:00,1270,P,101217,0.171,157.9,156.4,160.4,0.003,,,-88.483,0.163,135.61,-7.986,-428.788,0.842,-1
,SPX 10H1275,Aug 1275 Calls,100802,16:00:00,1275,C,100820,,0,,0.1,,74,8540,0.001,0,0.018,-0.005,0.001,0.003,-1
,SPX 10I1275,Sep 1275 Calls,100802,16:00:00,1275,C,100917,,0.06,0.1,1,,,34340,0.258,0.011,4.671,-0.635,0.537,0.042,-1
,SPX 10J1275,Oct 1275 Calls,100802,16:00:00,1275,C,101015,,0.59,0.2,1.25,0.237,1,4,1.939,0.062,27.684,-2.567,5.075,0.084,0.85
,SPX 10K1275,Nov 1275 Calls,100802,16:00:00,1275,C,101119,0.158,2.86,2.2,3.8,0.049,,213,6.285,0.129,82.528,-6.086,22.541,0.125,-1
,SPX 10L1275,Dec 1275 Calls,100802,16:00:00,1275,C,101217,0.166,5.71,4.8,6.5,-0.014,2,15342,9.063,0.145,128.026,-7.743,43.46,0.15,5.33
,SPX 11C1275,Mar11 1275 Calls,100802,16:00:00,1275,C,110318,0.181,15.52,14.1,17.3,0.012,,6356,17.491,0.169,239.326,-9.727,122.884,0.205,-1
,SPX 10T1275,Aug 1275 Puts,100802,16:00:00,1275,P,100820,,150.31,149,153,0.005,,34,-99.9,0,0.022,-0.001,-62.831,0.997,-1
,SPX 10U1275,Sep 1275 Puts,100802,16:00:00,1275,P,100917,,151.97,150.8,154.8,0.005,,1,-99.604,0.009,2.203,-0.077,-160.322,0.958,-1
,SPX 10V1275,Oct 1275 Puts,100802,16:00:00,1275,P,101015,,153.96,152.4,156.4,0.003,1,2,-97.741,0.067,24.167,-1.788,-253.913,0.916,-1
,SPX 10W1275,Nov 1275 Puts,100802,16:00:00,1275,P,101119,0.166,158.68,156.9,160.9,0.001,,,-92.35,0.133,90.384,-6.459,-354.886,0.875,-1
,SPX 10X1275,Dec 1275 Puts,100802,16:00:00,1275,P,101217,0.17,162.19,160.7,164.7,0.003,,60,-89.417,0.154,127.357,-7.445,-434.585,0.85,-1
,SPX 11O1275,Mar11 1275 Puts,100802,16:00:00,1275,P,110318,0.187,177.68,175,179.9,-0.001,,,-81.072,0.158,249.008,-9.002,-663.071,0.795,-1
,SPX 10H1280,Aug 1280 Calls,100802,16:00:00,1280,C,100820,,0,,0.05,,,1923,0,0,0.009,-0.002,0,0.002,-1
,SPX 10I1280,Sep 1280 Calls,100802,16:00:00,1280,C,100917,,0.04,0.05,1,,,5284,0.18,0.008,3.438,-0.46,0.381,0.037,-1
,SPX 10J1280,Oct 1280 Calls,100802,16:00:00,1280,C,101015,,0.46,0.05,1.1,0.261,,1,1.553,0.051,23.084,-2.107,4.093,0.078,-1
,SPX 10T1280,Aug 1280 Puts,100802,16:00:00,1280,P,100820,,155.31,153.7,157.7,0.003,,,-99.901,0,0.011,0.002,-63.078,0.998,-1
,SPX 10U1280,Sep 1280 Puts,100802,16:00:00,1280,P,100917,,156.96,155.8,159.8,0.005,,,-99.661,0.006,1.404,0.026,-161.042,0.963,-1
,SPX 10V1280,Oct 1280 Puts,100802,16:00:00,1280,P,101015,,158.84,157.2,161,0.002,,,-98.152,0.055,19.57,-1.341,-255.874,0.922,-1
,SPX 10I1285,Sep 1285 Calls,100802,16:00:00,1285,C,100917,,0.03,0.1,0.95,,,,0.123,0.006,2.484,-0.326,0.265,0.033,-1
,SPX 10U1285,Sep 1285 Puts,100802,16:00:00,1285,P,100917,,161.95,160.6,164.5,0.004,,,-99.697,0.004,0.861,0.093,-161.73,0.967,-1
,SPX 10H1290,Aug 1290 Calls,100802,16:00:00,1290,C,100820,,0,,0.05,,,1949,0,0,0.002,-0.001,0,0.001,-1
,SPX 10I1290,Sep 1290 Calls,100802,16:00:00,1290,C,100917,,0.02,0.1,0.95,,,172,0.082,0.004,1.76,-0.227,0.181,0.03,-1
,SPX 10J1290,Oct 1290 Calls,100802,16:00:00,1290,C,101015,,0.26,,1,2.846,,,0.959,0.034,15.46,-1.366,2.564,0.066,-1
,SPX 10T1290,Aug 1290 Puts,100802,16:00:00,1290,P,100820,,165.31,164,168,0.004,,,-99.901,0,0.002,0.005,-63.571,0.999,-1
,SPX 10U1290,Sep 1290 Puts,100802,16:00:00,1290,P,100917,,166.95,165.8,169.8,0.005,,,-99.72,0.002,0.505,0.137,-162.396,0.97,-1
,SPX 10V1290,Oct 1290 Puts,100802,16:00:00,1290,P,101015,,168.67,166.9,170.8,0.001,,,-98.765,0.035,12.191,-0.646,-259.321,0.934,-1
,SPX 10I1295,Sep 1295 Calls,100802,16:00:00,1295,C,100917,,0.01,0.1,0.9,,,,0.054,0.003,1.221,-0.155,0.121,0.026,-1
,SPX 10L1295,Dec 1295 Calls,100802,16:00:00,1295,C,101217,0.161,3.58,2.8,4.4,0.003,2,1867,6.061,0.107,97.783,-5.746,30.305,0.124,3.33
,SPX 10U1295,Sep 1295 Puts,100802,16:00:00,1295,P,100917,,171.95,170.8,174.8,0.005,,,-99.733,0.001,0.283,0.163,-163.048,0.974,-1
,SPX 10X1295,Dec 1295 Puts,100802,16:00:00,1295,P,101217,0.167,179.93,178.7,182.7,0.004,,,-92.679,0.117,95.19,-5.645,-455.958,0.876,-1
,SPX 10H1300,Aug 1300 Calls,100802,16:00:00,1300,C,100820,,0,,0.05,,,9650,0,0,0,0,0,0.001,-1
,SPX 10I1300,Sep 1300 Calls,100802,16:00:00,1300,C,100917,,0.01,0.05,0.25,,26,47852,0.035,0.002,0.83,-0.103,0.08,0.023,0.15
,SPX 10J1300,Oct 1300 Calls,100802,16:00:00,1300,C,101015,,0.14,0.05,1,,,1711,0.561,0.022,9.801,-0.837,1.52,0.056,-1
,SPX 10K1300,Nov 1300 Calls,100802,16:00:00,1300,C,101119,0.151,1.23,0.85,1.9,0.122,10,,3.117,0.075,48.231,-3.533,11.501,0.093,1.5
,SPX 10L1300,Dec 1300 Calls,100802,16:00:00,1300,C,101217,0.161,3.16,2.5,4.1,0.044,,121999,5.432,0.098,90.651,-5.446,27.471,0.117,-1
,SPX 11C1300,Mar11 1300 Calls,100802,16:00:00,1300,C,110318,0.175,10.61,10,12,0.037,,25080,13.156,0.143,200.537,-7.93,94.041,0.173,-1
,SPX 10T1300,Aug 1300 Puts,100802,16:00:00,1300,P,100820,,175.31,173.7,177.7,0.002,,,-99.901,0,0,0.005,-64.064,0.999,-1
,SPX 10U1300,Sep 1300 Puts,100802,16:00:00,1300,P,100917,,176.95,175.7,179.7,0.004,,80,-99.741,0.001,0.151,0.179,-163.689,0.977,-1
,SPX 10V1300,Oct 1300 Puts,100802,16:00:00,1300,P,101015,,178.57,177,181,0.002,,,-99.153,0.02,7.031,-0.183,-262.254,0.944,-1
,SPX 10W1300,Nov 1300 Puts,100802,16:00:00,1300,P,101119,0.163,181.81,180.3,184.3,0.003,,,-95.7,0.083,55.362,-4.245,-374.084,0.907,-1
,SPX 10X1300,Dec 1300 Puts,100802,16:00:00,1300,P,101217,0.167,184.49,183.3,187.3,0.004,,46938,-93.374,0.108,87.548,-5.285,-460.827,0.883,-1
,SPX 11O1300,Mar11 1300 Puts,100802,16:00:00,1300,P,110318,0.182,197.54,194.9,200.2,0,,6004,-85.114,0.136,213.558,-7.256,-706.335,0.827,-1
,SPX 10H1310,Aug 1310 Calls,100802,16:00:00,1310,C,100820,,0,,0.05,,,338,0,0,0,0,0,0,-1
,SPX 10I1310,Sep 1310 Calls,100802,16:00:00,1310,C,100917,,0,,0.2,,,,0.013,0.001,0.358,-0.043,0.032,0.018,-1
,SPX 10J1310,Oct 1310 Calls,100802,16:00:00,1310,C,101015,,0.07,0.05,1,,,,0.308,0.013,5.844,-0.481,0.848,0.048,-1
,SPX 10T1310,Aug 1310 Puts,100802,16:00:00,1310,P,100820,,185.31,183.7,187.7,0.002,,,-99.901,0,0,0.005,-64.557,1,-1
,SPX 10U1310,Sep 1310 Puts,100802,16:00:00,1310,P,100917,,186.95,185.7,189.7,0.004,,,-99.747,0,0.036,0.192,-164.958,0.982,-1
,SPX 10V1310,Oct 1310 Puts,100802,16:00:00,1310,P,101015,,188.52,186.9,190.9,0.002,,,-99.38,0.011,3.708,0.101,-264.813,0.952,-1
,SPX 10I1315,Sep 1315 Calls,100802,16:00:00,1315,C,100917,,0,,,,,,0.008,0,0.227,-0.027,0.02,0.016,-1
,SPX 10U1315,Sep 1315 Puts,100802,16:00:00,1315,P,100917,,191.95,190.7,194.7,0.004,,,-99.747,0,0.016,0.195,-165.59,0.984,-1
,SPX 10H1320,Aug 1320 Calls,100802,16:00:00,1320,C,100820,,0,,0.05,,,240,0,0,0,0,0,0,-1
,SPX 10I1320,Sep 1320 Calls,100802,16:00:00,1320,C,100917,,0,,0.2,,,,0.005,0,0.14,-0.016,0.012,0.014,-1
,SPX 10J1320,Oct 1320 Calls,100802,16:00:00,1320,C,101015,,0.04,0.05,1,,,,0.158,0.007,3.254,-0.258,0.441,0.04,-1
,SPX 10L1320,Dec 1320 Calls,100802,16:00:00,1320,C,101217,0.157,1.85,1.45,2.5,0.07,,2634,3.4,0.064,64.579,-3.817,17.908,0.095,-1
,SPX 10T1320,Aug 1320 Puts,100802,16:00:00,1320,P,100820,,195.31,193.7,197.7,0.002,,,-99.901,0,0,0.005,-65.05,1,-1
,SPX 10U1320,Sep 1320 Puts,100802,16:00:00,1320,P,100917,,196.94,195.7,199.7,0.004,,,-99.748,0,0.007,0.197,-166.22,0.986,-1
,SPX 10V1320,Oct 1320 Puts,100802,16:00:00,1320,P,101015,,198.49,196.3,200.7,0,,,-99.501,0.005,1.763,0.26,-267.124,0.96,-1
,SPX 10X1320,Dec 1320 Puts,100802,16:00:00,1320,P,101217,0.164,203.13,201.5,206.3,0.004,,,-95.677,0.075,59.601,-3.706,-478.368,0.905,-1
,SPX 10T1325,Aug 1325 Puts,100802,16:00:00,1325,P,100820,,200.31,198.5,202.9,0.002,,1710,-99.901,0,0,0.005,-65.296,1,-1
,SPX 10U1325,Sep 1325 Puts,100802,16:00:00,1325,P,100917,,201.94,200.2,204.6,0.002,,2,-99.748,0,0.003,0.198,-166.85,0.988,-1
,SPX 10V1325,Oct 1325 Puts,100802,16:00:00,1325,P,101015,,203.48,201,205.9,0,,,-99.535,0.004,1.163,0.308,-268.218,0.963,-1
,SPX 10X1325,Dec 1325 Puts,100802,16:00:00,1325,P,101217,0.163,207.88,206.3,211.1,0.004,,2825,-96.138,0.067,53.405,-3.315,-482.279,0.91,-1
,SPX 11O1325,Mar11 1325 Puts,100802,16:00:00,1325,P,110318,0.178,218.52,215.9,221.9,0.002,,1,-88.627,0.112,176.278,-5.65,-746.713,0.855,-1
,SPX 10T1330,Aug 1330 Puts,100802,16:00:00,1330,P,100820,,205.31,203.2,208.2,0.002,,,-99.901,0,0,0.005,-65.542,1,-1
,SPX 10U1330,Sep 1330 Puts,100802,16:00:00,1330,P,100917,,206.94,204.9,209.8,0.002,,,-99.748,0,0.001,0.199,-167.48,0.989,-1
,SPX 10T1340,Aug 1340 Puts,100802,16:00:00,1340,P,100820,,215.31,213.2,218.2,0.002,,,-99.901,0,0,0.005,-66.035,1,-1
,SPX 10T1350,Aug 1350 Puts,100802,16:00:00,1350,P,100820,,225.31,223.2,228.2,0.002,,,-99.901,0,0,0.005,-66.528,1,-1
,SPX 10U1350,Sep 1350 Puts,100802,16:00:00,1350,P,100917,,226.94,224.9,229.8,0.002,,33,-99.748,0,0,0.202,-169.998,0.994,-1
,SPX 10V1350,Oct 1350 Puts,100802,16:00:00,1350,P,101015,,228.47,226,230.9,0,,,-99.591,0,0.084,0.393,-273.416,0.977,-1
,SPX 10W1350,Nov 1350 Puts,100802,16:00:00,1350,P,101119,,230.41,228.3,233.2,0.001,,,-98.8,0.019,12.36,-0.114,-400.273,0.951,-1
,SPX 10X1350,Dec 1350 Puts,100802,16:00:00,1350,P,101217,,232.03,230.3,235.1,0.003,,11181,-97.835,0.036,28.047,-0.578,-499.247,0.931,-1
,SPX 11O1350,Mar11 1350 Puts,100802,16:00:00,1350,P,110318,0.175,240.49,238.2,244.2,0.003,,,-91.559,0.088,139.283,-4.243,-783.607,0.879,-1
,SPX 10T1360,Aug 1360 Puts,100802,16:00:00,1360,P,100820,,235.31,233.2,238.2,0.002,,,-99.901,0,0,0.005,-67.021,1,-1
